t_s,SMOut_rocket_state,SMOut_prev_state,SMOut_time_in_state_s,SMOut_error_code,SMOut_timestamp_s
0,0,0,0,0,0.01
0.01,0,0,0.00999999977648258,0,0.02
0.02,0,0,0.0199999995529652,0,0.03
0.03,0,0,0.0299999993294477,0,0.04
0.04,0,0,0.0399999991059303,0,0.05
0.05,0,0,0.0500000007450581,0,0.06
0.06,0,0,0.0599999986588955,0,0.07
0.07,0,0,0.0700000002980232,0,0.08
0.08,0,0,0.0799999982118607,0,0.09
0.09,0,0,0.0900000035762787,0,0.1
0.1,0,0,0.100000001490116,0,0.11
0.11,0,0,0.109999999403954,0,0.12
0.12,0,0,0.119999997317791,0,0.13
0.13,0,0,0.129999995231628,0,0.14
0.14,0,0,0.140000000596046,0,0.15
0.15,0,0,0.150000005960464,0,0.16
0.16,0,0,0.159999996423721,0,0.17
0.17,0,0,0.170000001788139,0,0.18
0.18,0,0,0.180000007152557,0,0.19
0.19,0,0,0.189999997615814,0,0.2
0.2,0,0,0.200000002980232,0,0.21
0.21,0,0,0.209999993443489,0,0.22
0.22,0,0,0.219999998807907,0,0.23
0.23,0,0,0.230000004172325,0,0.24
0.24,0,0,0.239999994635582,0,0.25
0.25,0,0,0.25,0,0.26
0.26,0,0,0.259999990463257,0,0.27
0.27,0,0,0.270000010728836,0,0.28
0.28,0,0,0.280000001192093,0,0.29
0.29,0,0,0.28999999165535,0,0.3
0.3,0,0,0.300000011920929,0,0.31
0.31,0,0,0.310000002384186,0,0.32
0.32,0,0,0.319999992847443,0,0.33
0.33,0,0,0.330000013113022,0,0.34
0.34,0,0,0.340000003576279,0,0.35
0.35,0,0,0.349999994039536,0,0.36
0.36,0,0,0.360000014305115,0,0.37
0.37,0,0,0.370000004768372,0,0.38
0.38,0,0,0.379999995231628,0,0.39
0.39,0,0,0.389999985694885,0,0.4
0.4,0,0,0.400000005960464,0,0.41
0.41,0,0,0.409999996423721,0,0.42
0.42,0,0,0.419999986886978,0,0.43
0.43,0,0,0.430000007152557,0,0.44
0.44,0,0,0.439999997615814,0,0.45
0.45,0,0,0.449999988079071,0,0.46
0.46,0,0,0.46000000834465,0,0.47
0.47,0,0,0.469999998807907,0,0.48
0.48,0,0,0.479999989271164,0,0.49
0.49,0,0,0.490000009536743,0,0.5
0.5,0,0,0.5,0,0.51
0.51,0,0,0.509999990463257,0,0.52
0.52,0,0,0.519999980926514,0,0.53
0.53,0,0,0.529999971389771,0,0.54
0.54,0,0,0.540000021457672,0,0.55
0.55,0,0,0.550000011920929,0,0.56
0.56,0,0,0.560000002384186,0,0.57
0.57,0,0,0.569999992847443,0,0.58
0.58,0,0,0.579999983310699,0,0.59
0.59,0,0,0.589999973773956,0,0.6
0.6,0,0,0.600000023841858,0,0.61
0.61,0,0,0.610000014305115,0,0.62
0.62,0,0,0.620000004768372,0,0.63
0.63,0,0,0.629999995231628,0,0.64
0.64,0,0,0.639999985694885,0,0.65
0.65,0,0,0.649999976158142,0,0.66
0.66,0,0,0.660000026226044,0,0.67
0.67,0,0,0.670000016689301,0,0.68
0.68,0,0,0.680000007152557,0,0.69
0.69,0,0,0.689999997615814,0,0.7
0.7,0,0,0.699999988079071,0,0.71
0.71,0,0,0.709999978542328,0,0.72
0.72,0,0,0.720000028610229,0,0.73
0.73,0,0,0.730000019073486,0,0.74
0.74,0,0,0.740000009536743,0,0.75
0.75,0,0,0.75,0,0.76
0.76,0,0,0.759999990463257,0,0.77
0.77,0,0,0.769999980926514,0,0.78
0.78,0,0,0.779999971389771,0,0.79
0.79,0,0,0.790000021457672,0,0.8
0.8,0,0,0.800000011920929,0,0.81
0.81,0,0,0.810000002384186,0,0.820000000000001
0.82,0,0,0.819999992847443,0,0.830000000000001
0.83,0,0,0.829999983310699,0,0.840000000000001
0.84,0,0,0.839999973773956,0,0.850000000000001
0.85,0,0,0.850000023841858,0,0.860000000000001
0.86,0,0,0.860000014305115,0,0.870000000000001
0.87,0,0,0.870000004768372,0,0.880000000000001
0.88,0,0,0.879999995231628,0,0.890000000000001
0.89,0,0,0.889999985694885,0,0.900000000000001
0.9,0,0,0.899999976158142,0,0.910000000000001
0.91,0,0,0.910000026226044,0,0.920000000000001
0.92,0,0,0.920000016689301,0,0.930000000000001
0.93,0,0,0.930000007152557,0,0.940000000000001
0.94,0,0,0.939999997615814,0,0.950000000000001
0.95,0,0,0.949999988079071,0,0.960000000000001
0.96,0,0,0.959999978542328,0,0.970000000000001
0.97,0,0,0.970000028610229,0,0.980000000000001
0.98,0,0,0.980000019073486,0,0.990000000000001
0.99,0,0,0.990000009536743,0,1
1,0,0,1,0,1.01
1.01,0,0,1.00999999046326,0,1.02
1.02,0,0,1.01999998092651,0,1.03
1.03,0,0,1.02999997138977,0,1.04
1.04,0,0,1.03999996185303,0,1.05
1.05,0,0,1.04999995231628,0,1.06
1.06,0,0,1.05999994277954,0,1.07
1.07,0,0,1.07000005245209,0,1.08
1.08,0,0,1.08000004291534,0,1.09
1.09,0,0,1.0900000333786,0,1.1
1.1,0,0,1.10000002384186,0,1.11
1.11,0,0,1.11000001430511,0,1.12
1.12,0,0,1.12000000476837,0,1.13
1.13,0,0,1.12999999523163,0,1.14
1.14,0,0,1.13999998569489,0,1.15
1.15,0,0,1.14999997615814,0,1.16
1.16,0,0,1.1599999666214,0,1.17
1.17,0,0,1.16999995708466,0,1.18
1.18,0,0,1.17999994754791,0,1.19
1.19,0,0,1.19000005722046,0,1.2
1.2,0,0,1.20000004768372,0,1.21
1.21,0,0,1.21000003814697,0,1.22
1.22,0,0,1.22000002861023,0,1.23
1.23,0,0,1.23000001907349,0,1.24
1.24,0,0,1.24000000953674,0,1.25
1.25,0,0,1.25,0,1.26
1.26,0,0,1.25999999046326,0,1.27
1.27,0,0,1.26999998092651,0,1.28
1.28,0,0,1.27999997138977,0,1.29
1.29,0,0,1.28999996185303,0,1.3
1.3,0,0,1.29999995231628,0,1.31
1.31,0,0,1.30999994277954,0,1.32
1.32,0,0,1.32000005245209,0,1.33
1.33,0,0,1.33000004291534,0,1.34
1.34,0,0,1.3400000333786,0,1.35
1.35,0,0,1.35000002384186,0,1.36
1.36,0,0,1.36000001430511,0,1.37
1.37,0,0,1.37000000476837,0,1.38
1.38,0,0,1.37999999523163,0,1.39
1.39,0,0,1.38999998569489,0,1.4
1.4,0,0,1.39999997615814,0,1.41
1.41,0,0,1.4099999666214,0,1.42
1.42,0,0,1.41999995708466,0,1.43
1.43,0,0,1.42999994754791,0,1.44
1.44,0,0,1.44000005722046,0,1.45
1.45,0,0,1.45000004768372,0,1.46
1.46,0,0,1.46000003814697,0,1.47
1.47,0,0,1.47000002861023,0,1.48
1.48,0,0,1.48000001907349,0,1.49
1.49,0,0,1.49000000953674,0,1.5
1.5,0,0,1.5,0,1.51
1.51,0,0,1.50999999046326,0,1.52
1.52,0,0,1.51999998092651,0,1.53
1.53,0,0,1.52999997138977,0,1.54
1.54,0,0,1.53999996185303,0,1.55
1.55,0,0,1.54999995231628,0,1.56
1.56,0,0,1.55999994277954,0,1.57
1.57,0,0,1.57000005245209,0,1.58
1.58,0,0,1.58000004291534,0,1.59
1.59,0,0,1.5900000333786,0,1.6
1.6,0,0,1.60000002384186,0,1.61
1.61,0,0,1.61000001430511,0,1.62
1.62,0,0,1.62000000476837,0,1.63
1.63,0,0,1.62999999523163,0,1.64
1.64,0,0,1.63999998569489,0,1.65
1.65,0,0,1.64999997615814,0,1.66
1.66,0,0,1.6599999666214,0,1.67
1.67,0,0,1.66999995708466,0,1.68
1.68,0,0,1.67999994754791,0,1.69
1.69,0,0,1.69000005722046,0,1.7
1.7,0,0,1.70000004768372,0,1.71
1.71,0,0,1.71000003814697,0,1.72
1.72,0,0,1.72000002861023,0,1.73
1.73,0,0,1.73000001907349,0,1.74
1.74,0,0,1.74000000953674,0,1.75
1.75,0,0,1.75,0,1.76
1.76,0,0,1.75999999046326,0,1.77
1.77,0,0,1.76999998092651,0,1.78
1.78,0,0,1.77999997138977,0,1.79
1.79,0,0,1.78999996185303,0,1.8
1.8,0,0,1.79999995231628,0,1.81
1.81,0,0,1.80999994277954,0,1.82
1.82,0,0,1.82000005245209,0,1.83
1.83,0,0,1.83000004291534,0,1.84
1.84,0,0,1.8400000333786,0,1.85
1.85,0,0,1.85000002384186,0,1.86
1.86,0,0,1.86000001430511,0,1.87
1.87,0,0,1.87000000476837,0,1.88
1.88,0,0,1.87999999523163,0,1.89
1.89,0,0,1.88999998569489,0,1.9
1.9,0,0,1.89999997615814,0,1.91
1.91,0,0,1.9099999666214,0,1.92
1.92,0,0,1.91999995708466,0,1.93
1.93,0,0,1.92999994754791,0,1.94
1.94,0,0,1.94000005722046,0,1.95
1.95,0,0,1.95000004768372,0,1.96
1.96,0,0,1.96000003814697,0,1.97
1.97,0,0,1.97000002861023,0,1.98
1.98,0,0,1.98000001907349,0,1.99
1.99,0,0,1.99000000953674,0,2
2,0,0,2,0,2.01
2.01,0,0,2.00999999046326,0,2.02
2.02,0,0,2.01999998092651,0,2.03
2.03,0,0,2.02999997138977,0,2.04
2.04,0,0,2.03999996185303,0,2.05
2.05,0,0,2.04999995231628,0,2.06
2.06,0,0,2.05999994277954,0,2.07
2.07,0,0,2.0699999332428,0,2.08
2.08,0,0,2.07999992370605,0,2.09
2.09,0,0,2.08999991416931,0,2.1
2.1,0,0,2.09999990463257,0,2.11
2.11,0,0,2.10999989509583,0,2.12
2.12,0,0,2.11999988555908,0,2.13
2.13,0,0,2.13000011444092,0,2.14
2.14,0,0,2.14000010490417,0,2.15
2.15,0,0,2.15000009536743,0,2.16
2.16,0,0,2.16000008583069,0,2.17
2.17,0,0,2.17000007629395,0,2.18
2.18,0,0,2.1800000667572,0,2.19
2.19,0,0,2.19000005722046,0,2.2
2.2,0,0,2.20000004768372,0,2.21
2.21,0,0,2.21000003814697,0,2.22
2.22,0,0,2.22000002861023,0,2.23
2.23,0,0,2.23000001907349,0,2.24
2.24,0,0,2.24000000953674,0,2.25
2.25,0,0,2.25,0,2.26
2.26,0,0,2.25999999046326,0,2.27
2.27,0,0,2.26999998092651,0,2.28
2.28,0,0,2.27999997138977,0,2.29
2.29,0,0,2.28999996185303,0,2.29999999999999
2.3,0,0,2.29999995231628,0,2.30999999999999
2.31,0,0,2.30999994277954,0,2.31999999999999
2.32,0,0,2.3199999332428,0,2.32999999999999
2.33,0,0,2.32999992370605,0,2.33999999999999
2.34,0,0,2.33999991416931,0,2.34999999999999
2.35,0,0,2.34999990463257,0,2.35999999999999
2.36,0,0,2.35999989509583,0,2.36999999999999
2.37,0,0,2.36999988555908,0,2.37999999999999
2.38,0,0,2.38000011444092,0,2.38999999999999
2.39,0,0,2.39000010490417,0,2.39999999999999
2.4,0,0,2.40000009536743,0,2.40999999999999
2.41,0,0,2.41000008583069,0,2.41999999999999
2.42,0,0,2.42000007629395,0,2.42999999999999
2.43,0,0,2.4300000667572,0,2.43999999999999
2.44,0,0,2.44000005722046,0,2.44999999999999
2.45,0,0,2.45000004768372,0,2.45999999999999
2.46,0,0,2.46000003814697,0,2.46999999999999
2.47,0,0,2.47000002861023,0,2.47999999999999
2.48,0,0,2.48000001907349,0,2.48999999999999
2.49,0,0,2.49000000953674,0,2.49999999999999
2.5,0,0,2.5,0,2.50999999999999
2.51,0,0,2.50999999046326,0,2.51999999999999
2.52,0,0,2.51999998092651,0,2.52999999999999
2.53,0,0,2.52999997138977,0,2.53999999999999
2.54,0,0,2.53999996185303,0,2.54999999999999
2.55,0,0,2.54999995231628,0,2.55999999999999
2.56,0,0,2.55999994277954,0,2.56999999999999
2.57,0,0,2.5699999332428,0,2.57999999999999
2.58,0,0,2.57999992370605,0,2.58999999999999
2.59,0,0,2.58999991416931,0,2.59999999999999
2.6,0,0,2.59999990463257,0,2.60999999999999
2.61,0,0,2.60999989509583,0,2.61999999999999
2.62,0,0,2.61999988555908,0,2.62999999999999
2.63,0,0,2.63000011444092,0,2.63999999999999
2.64,0,0,2.64000010490417,0,2.64999999999999
2.65,0,0,2.65000009536743,0,2.65999999999999
2.66,0,0,2.66000008583069,0,2.66999999999999
2.67,0,0,2.67000007629395,0,2.67999999999999
2.68,0,0,2.6800000667572,0,2.68999999999999
2.69,0,0,2.69000005722046,0,2.69999999999999
2.7,0,0,2.70000004768372,0,2.70999999999999
2.71,0,0,2.71000003814697,0,2.71999999999999
2.72,0,0,2.72000002861023,0,2.72999999999999
2.73,0,0,2.73000001907349,0,2.73999999999999
2.74,0,0,2.74000000953674,0,2.74999999999999
2.75,0,0,2.75,0,2.75999999999999
2.76,0,0,2.75999999046326,0,2.76999999999998
2.77,0,0,2.76999998092651,0,2.77999999999998
2.78,0,0,2.77999997138977,0,2.78999999999998
2.79,0,0,2.78999996185303,0,2.79999999999998
2.8,0,0,2.79999995231628,0,2.80999999999998
2.81,0,0,2.80999994277954,0,2.81999999999998
2.82,0,0,2.8199999332428,0,2.82999999999998
2.83,0,0,2.82999992370605,0,2.83999999999998
2.84,0,0,2.83999991416931,0,2.84999999999998
2.85,0,0,2.84999990463257,0,2.85999999999998
2.86,0,0,2.85999989509583,0,2.86999999999998
2.87,0,0,2.86999988555908,0,2.87999999999998
2.88,0,0,2.88000011444092,0,2.88999999999998
2.89,0,0,2.89000010490417,0,2.89999999999998
2.9,0,0,2.90000009536743,0,2.90999999999998
2.91,0,0,2.91000008583069,0,2.91999999999998
2.92,0,0,2.92000007629395,0,2.92999999999998
2.93,0,0,2.9300000667572,0,2.93999999999998
2.94,0,0,2.94000005722046,0,2.94999999999998
2.95,0,0,2.95000004768372,0,2.95999999999998
2.96,0,0,2.96000003814697,0,2.96999999999998
2.97,0,0,2.97000002861023,0,2.97999999999998
2.98,0,0,2.98000001907349,0,2.98999999999998
2.99,0,0,2.99000000953674,0,2.99999999999998
3,2,0,0,0,3.00999999999998
3.01,2,0,0.00999999977648258,0,3.01999999999998
3.02,2,0,0.0199999995529652,0,3.02999999999998
3.03,2,0,0.0299999993294477,0,3.03999999999998
3.04,2,0,0.0399999991059303,0,3.04999999999998
3.05,2,0,0.0500000007450581,0,3.05999999999998
3.06,2,0,0.0599999986588955,0,3.06999999999998
3.07,2,0,0.0700000002980232,0,3.07999999999998
3.08,2,0,0.0799999982118607,0,3.08999999999998
3.09,2,0,0.0900000035762787,0,3.09999999999998
3.1,2,0,0.100000001490116,0,3.10999999999998
3.11,2,0,0.109999999403954,0,3.11999999999998
3.12,2,0,0.119999997317791,0,3.12999999999998
3.13,2,0,0.129999995231628,0,3.13999999999998
3.14,2,0,0.140000000596046,0,3.14999999999998
3.15,2,0,0.150000005960464,0,3.15999999999998
3.16,2,0,0.159999996423721,0,3.16999999999998
3.17,2,0,0.170000001788139,0,3.17999999999998
3.18,2,0,0.180000007152557,0,3.18999999999998
3.19,2,0,0.189999997615814,0,3.19999999999998
3.2,2,0,0.200000002980232,0,3.20999999999998
3.21,2,0,0.209999993443489,0,3.21999999999998
3.22,2,0,0.219999998807907,0,3.22999999999998
3.23,2,0,0.230000004172325,0,3.23999999999997
3.24,2,0,0.239999994635582,0,3.24999999999997
3.25,2,0,0.25,0,3.25999999999997
3.26,2,0,0.259999990463257,0,3.26999999999997
3.27,2,0,0.270000010728836,0,3.27999999999997
3.28,2,0,0.280000001192093,0,3.28999999999997
3.29,2,0,0.28999999165535,0,3.29999999999997
3.3,2,0,0.300000011920929,0,3.30999999999997
3.31,2,0,0.310000002384186,0,3.31999999999997
3.32,2,0,0.319999992847443,0,3.32999999999997
3.33,2,0,0.330000013113022,0,3.33999999999997
3.34,2,0,0.340000003576279,0,3.34999999999997
3.35,2,0,0.349999994039536,0,3.35999999999997
3.36,2,0,0.360000014305115,0,3.36999999999997
3.37,2,0,0.370000004768372,0,3.37999999999997
3.38,2,0,0.379999995231628,0,3.38999999999997
3.39,2,0,0.389999985694885,0,3.39999999999997
3.4,2,0,0.400000005960464,0,3.40999999999997
3.41,2,0,0.409999996423721,0,3.41999999999997
3.42,2,0,0.419999986886978,0,3.42999999999997
3.43,2,0,0.430000007152557,0,3.43999999999997
3.44,2,0,0.439999997615814,0,3.44999999999997
3.45,2,0,0.449999988079071,0,3.45999999999997
3.46,2,0,0.46000000834465,0,3.46999999999997
3.47,2,0,0.469999998807907,0,3.47999999999997
3.48,2,0,0.479999989271164,0,3.48999999999997
3.49,2,0,0.490000009536743,0,3.49999999999997
3.5,2,0,0.5,0,3.50999999999997
3.51,2,0,0.509999990463257,0,3.51999999999997
3.52,2,0,0.519999980926514,0,3.52999999999997
3.53,2,0,0.529999971389771,0,3.53999999999997
3.54,2,0,0.540000021457672,0,3.54999999999997
3.55,2,0,0.550000011920929,0,3.55999999999997
3.56,2,0,0.560000002384186,0,3.56999999999997
3.57,2,0,0.569999992847443,0,3.57999999999997
3.58,2,0,0.579999983310699,0,3.58999999999997
3.59,2,0,0.589999973773956,0,3.59999999999997
3.6,2,0,0.600000023841858,0,3.60999999999997
3.61,2,0,0.610000014305115,0,3.61999999999997
3.62,2,0,0.620000004768372,0,3.62999999999997
3.63,2,0,0.629999995231628,0,3.63999999999997
3.64,2,0,0.639999985694885,0,3.64999999999997
3.65,2,0,0.649999976158142,0,3.65999999999997
3.66,2,0,0.660000026226044,0,3.66999999999997
3.67,2,0,0.670000016689301,0,3.67999999999997
3.68,2,0,0.680000007152557,0,3.68999999999997
3.69,2,0,0.689999997615814,0,3.69999999999997
3.7,2,0,0.699999988079071,0,3.70999999999996
3.71,2,0,0.709999978542328,0,3.71999999999996
3.72,2,0,0.720000028610229,0,3.72999999999996
3.73,2,0,0.730000019073486,0,3.73999999999996
3.74,2,0,0.740000009536743,0,3.74999999999996
3.75,2,0,0.75,0,3.75999999999996
3.76,2,0,0.759999990463257,0,3.76999999999996
3.77,2,0,0.769999980926514,0,3.77999999999996
3.78,2,0,0.779999971389771,0,3.78999999999996
3.79,2,0,0.790000021457672,0,3.79999999999996
3.8,2,0,0.800000011920929,0,3.80999999999996
3.81,2,0,0.810000002384186,0,3.81999999999996
3.82,2,0,0.819999992847443,0,3.82999999999996
3.83,2,0,0.829999983310699,0,3.83999999999996
3.84,2,0,0.839999973773956,0,3.84999999999996
3.85,2,0,0.850000023841858,0,3.85999999999996
3.86,2,0,0.860000014305115,0,3.86999999999996
3.87,2,0,0.870000004768372,0,3.87999999999996
3.88,2,0,0.879999995231628,0,3.88999999999996
3.89,2,0,0.889999985694885,0,3.89999999999996
3.9,2,0,0.899999976158142,0,3.90999999999996
3.91,2,0,0.910000026226044,0,3.91999999999996
3.92,2,0,0.920000016689301,0,3.92999999999996
3.93,2,0,0.930000007152557,0,3.93999999999996
3.94,2,0,0.939999997615814,0,3.94999999999996
3.95,2,0,0.949999988079071,0,3.95999999999996
3.96,2,0,0.959999978542328,0,3.96999999999996
3.97,2,0,0.970000028610229,0,3.97999999999996
3.98,2,0,0.980000019073486,0,3.98999999999996
3.99,2,0,0.990000009536743,0,3.99999999999996
4,2,0,1,0,4.00999999999996
4.01,2,0,1.00999999046326,0,4.01999999999996
4.02,2,0,1.01999998092651,0,4.02999999999996
4.03,2,0,1.02999997138977,0,4.03999999999996
4.04,2,0,1.03999996185303,0,4.04999999999996
4.05,2,0,1.04999995231628,0,4.05999999999996
4.06,2,0,1.05999994277954,0,4.06999999999996
4.07,2,0,1.07000005245209,0,4.07999999999996
4.08,2,0,1.08000004291534,0,4.08999999999996
4.09,2,0,1.0900000333786,0,4.09999999999996
4.1,2,0,1.10000002384186,0,4.10999999999996
4.11,2,0,1.11000001430511,0,4.11999999999996
4.12,2,0,1.12000000476837,0,4.12999999999996
4.13,2,0,1.12999999523163,0,4.13999999999996
4.14,2,0,1.13999998569489,0,4.14999999999996
4.15,2,0,1.14999997615814,0,4.15999999999996
4.16,2,0,1.1599999666214,0,4.16999999999996
4.17,2,0,1.16999995708466,0,4.17999999999996
4.18,2,0,1.17999994754791,0,4.18999999999996
4.19,2,0,1.19000005722046,0,4.19999999999995
4.2,2,0,1.20000004768372,0,4.20999999999995
4.21,2,0,1.21000003814697,0,4.21999999999995
4.22,2,0,1.22000002861023,0,4.22999999999995
4.23,2,0,1.23000001907349,0,4.23999999999995
4.24,2,0,1.24000000953674,0,4.24999999999995
4.25,2,0,1.25,0,4.25999999999995
4.26,2,0,1.25999999046326,0,4.26999999999995
4.27,2,0,1.26999998092651,0,4.27999999999995
4.28,2,0,1.27999997138977,0,4.28999999999995
4.29,2,0,1.28999996185303,0,4.29999999999995
4.3,2,0,1.29999995231628,0,4.30999999999995
4.31,2,0,1.30999994277954,0,4.31999999999995
4.32,2,0,1.32000005245209,0,4.32999999999995
4.33,2,0,1.33000004291534,0,4.33999999999995
4.34,2,0,1.3400000333786,0,4.34999999999995
4.35,2,0,1.35000002384186,0,4.35999999999995
4.36,2,0,1.36000001430511,0,4.36999999999995
4.37,2,0,1.37000000476837,0,4.37999999999995
4.38,2,0,1.37999999523163,0,4.38999999999995
4.39,2,0,1.38999998569489,0,4.39999999999995
4.4,2,0,1.39999997615814,0,4.40999999999995
4.41,2,0,1.4099999666214,0,4.41999999999995
4.42,2,0,1.41999995708466,0,4.42999999999995
4.43,2,0,1.42999994754791,0,4.43999999999995
4.44,2,0,1.44000005722046,0,4.44999999999995
4.45,2,0,1.45000004768372,0,4.45999999999995
4.46,2,0,1.46000003814697,0,4.46999999999995
4.47,2,0,1.47000002861023,0,4.47999999999995
4.48,2,0,1.48000001907349,0,4.48999999999995
4.49,2,0,1.49000000953674,0,4.49999999999995
4.5,2,0,1.5,0,4.50999999999995
4.51,2,0,1.50999999046326,0,4.51999999999995
4.52,2,0,1.51999998092651,0,4.52999999999995
4.53,2,0,1.52999997138977,0,4.53999999999995
4.54,2,0,1.53999996185303,0,4.54999999999995
4.55,2,0,1.54999995231628,0,4.55999999999995
4.56,2,0,1.55999994277954,0,4.56999999999995
4.57,2,0,1.57000005245209,0,4.57999999999995
4.58,2,0,1.58000004291534,0,4.58999999999995
4.59,2,0,1.5900000333786,0,4.59999999999995
4.6,2,0,1.60000002384186,0,4.60999999999995
4.61,2,0,1.61000001430511,0,4.61999999999995
4.62,2,0,1.62000000476837,0,4.62999999999995
4.63,2,0,1.62999999523163,0,4.63999999999995
4.64,2,0,1.63999998569489,0,4.64999999999995
4.65,2,0,1.64999997615814,0,4.65999999999995
4.66,2,0,1.6599999666214,0,4.66999999999994
4.67,2,0,1.66999995708466,0,4.67999999999994
4.68,2,0,1.67999994754791,0,4.68999999999994
4.69,2,0,1.69000005722046,0,4.69999999999994
4.7,2,0,1.70000004768372,0,4.70999999999994
4.71,2,0,1.71000003814697,0,4.71999999999994
4.72,2,0,1.72000002861023,0,4.72999999999994
4.73,2,0,1.73000001907349,0,4.73999999999994
4.74,2,0,1.74000000953674,0,4.74999999999994
4.75,2,0,1.75,0,4.75999999999994
4.76,2,0,1.75999999046326,0,4.76999999999994
4.77,2,0,1.76999998092651,0,4.77999999999994
4.78,2,0,1.77999997138977,0,4.78999999999994
4.79,2,0,1.78999996185303,0,4.79999999999994
4.8,2,0,1.79999995231628,0,4.80999999999994
4.81,2,0,1.80999994277954,0,4.81999999999994
4.82,2,0,1.82000005245209,0,4.82999999999994
4.83,2,0,1.83000004291534,0,4.83999999999994
4.84,2,0,1.8400000333786,0,4.84999999999994
4.85,2,0,1.85000002384186,0,4.85999999999994
4.86,2,0,1.86000001430511,0,4.86999999999994
4.87,2,0,1.87000000476837,0,4.87999999999994
4.88,2,0,1.87999999523163,0,4.88999999999994
4.89,2,0,1.88999998569489,0,4.89999999999994
4.9,2,0,1.89999997615814,0,4.90999999999994
4.91,2,0,1.9099999666214,0,4.91999999999994
4.92,2,0,1.91999995708466,0,4.92999999999994
4.93,2,0,1.92999994754791,0,4.93999999999994
4.94,2,0,1.94000005722046,0,4.94999999999994
4.95,2,0,1.95000004768372,0,4.95999999999994
4.96,2,0,1.96000003814697,0,4.96999999999994
4.97,2,0,1.97000002861023,0,4.97999999999994
4.98,2,0,1.98000001907349,0,4.98999999999994
4.99,2,0,1.99000000953674,0,4.99999999999994
5,2,0,2,0,5.00999999999994
5.01,2,0,2.00999999046326,0,5.01999999999994
5.02,2,0,2.01999998092651,0,5.02999999999994
5.03,2,0,2.02999997138977,0,5.03999999999994
5.04,2,0,2.03999996185303,0,5.04999999999994
5.05,2,0,2.04999995231628,0,5.05999999999994
5.06,2,0,2.05999994277954,0,5.06999999999994
5.07,2,0,2.0699999332428,0,5.07999999999994
5.08,3,2,0,0,5.08999999999994
5.09,3,2,0.00999999977648258,0,5.09999999999994
5.1,3,2,0.0199999995529652,0,5.10999999999994
5.11,3,2,0.0299999993294477,0,5.11999999999994
5.12,3,2,0.0399999991059303,0,5.12999999999994
5.13,3,2,0.0500000007450581,0,5.13999999999993
5.14,3,2,0.0599999986588955,0,5.14999999999993
5.15,3,2,0.0700000002980232,0,5.15999999999993
5.16,3,2,0.0799999982118607,0,5.16999999999993
5.17,3,2,0.0900000035762787,0,5.17999999999993
5.18,3,2,0.100000001490116,0,5.18999999999993
5.19,3,2,0.109999999403954,0,5.19999999999993
5.2,3,2,0.119999997317791,0,5.20999999999993
5.21,3,2,0.129999995231628,0,5.21999999999993
5.22,3,2,0.140000000596046,0,5.22999999999993
5.23,3,2,0.150000005960464,0,5.23999999999993
5.24,3,2,0.159999996423721,0,5.24999999999993
5.25,3,2,0.170000001788139,0,5.25999999999993
5.26,3,2,0.180000007152557,0,5.26999999999993
5.27,3,2,0.189999997615814,0,5.27999999999993
5.28,3,2,0.200000002980232,0,5.28999999999993
5.29,3,2,0.209999993443489,0,5.29999999999993
5.3,3,2,0.219999998807907,0,5.30999999999993
5.31,3,2,0.230000004172325,0,5.31999999999993
5.32,3,2,0.239999994635582,0,5.32999999999993
5.33,3,2,0.25,0,5.33999999999993
5.34,3,2,0.259999990463257,0,5.34999999999993
5.35,3,2,0.270000010728836,0,5.35999999999993
5.36,3,2,0.280000001192093,0,5.36999999999993
5.37,3,2,0.28999999165535,0,5.37999999999993
5.38,3,2,0.300000011920929,0,5.38999999999993
5.39,3,2,0.310000002384186,0,5.39999999999993
5.4,3,2,0.319999992847443,0,5.40999999999993
5.41,3,2,0.330000013113022,0,5.41999999999993
5.42,3,2,0.340000003576279,0,5.42999999999993
5.43,3,2,0.349999994039536,0,5.43999999999993
5.44,3,2,0.360000014305115,0,5.44999999999993
5.45,3,2,0.370000004768372,0,5.45999999999993
5.46,3,2,0.379999995231628,0,5.46999999999993
5.47,3,2,0.389999985694885,0,5.47999999999993
5.48,3,2,0.400000005960464,0,5.48999999999993
5.49,3,2,0.409999996423721,0,5.49999999999993
5.5,3,2,0.419999986886978,0,5.50999999999993
5.51,3,2,0.430000007152557,0,5.51999999999993
5.52,3,2,0.439999997615814,0,5.52999999999993
5.53,3,2,0.449999988079071,0,5.53999999999993
5.54,3,2,0.46000000834465,0,5.54999999999993
5.55,3,2,0.469999998807907,0,5.55999999999993
5.56,3,2,0.479999989271164,0,5.56999999999993
5.57,3,2,0.490000009536743,0,5.57999999999993
5.58,3,2,0.5,0,5.58999999999993
5.59,3,2,0.509999990463257,0,5.59999999999993
5.6,3,2,0.519999980926514,0,5.60999999999992
5.61,3,2,0.529999971389771,0,5.61999999999992
5.62,3,2,0.540000021457672,0,5.62999999999992
5.63,3,2,0.550000011920929,0,5.63999999999992
5.64,3,2,0.560000002384186,0,5.64999999999992
5.65,3,2,0.569999992847443,0,5.65999999999992
5.66,3,2,0.579999983310699,0,5.66999999999992
5.67,3,2,0.589999973773956,0,5.67999999999992
5.68,3,2,0.600000023841858,0,5.68999999999992
5.69,3,2,0.610000014305115,0,5.69999999999992
5.7,3,2,0.620000004768372,0,5.70999999999992
5.71,3,2,0.629999995231628,0,5.71999999999992
5.72,3,2,0.639999985694885,0,5.72999999999992
5.73,3,2,0.649999976158142,0,5.73999999999992
5.74,3,2,0.660000026226044,0,5.74999999999992
5.75,3,2,0.670000016689301,0,5.75999999999992
5.76,3,2,0.680000007152557,0,5.76999999999992
5.77,3,2,0.689999997615814,0,5.77999999999992
5.78,3,2,0.699999988079071,0,5.78999999999992
5.79,3,2,0.709999978542328,0,5.79999999999992
5.8,3,2,0.720000028610229,0,5.80999999999992
5.81,3,2,0.730000019073486,0,5.81999999999992
5.82,3,2,0.740000009536743,0,5.82999999999992
5.83,3,2,0.75,0,5.83999999999992
5.84,3,2,0.759999990463257,0,5.84999999999992
5.85,3,2,0.769999980926514,0,5.85999999999992
5.86,3,2,0.779999971389771,0,5.86999999999992
5.87,3,2,0.790000021457672,0,5.87999999999992
5.88,3,2,0.800000011920929,0,5.88999999999992
5.89,3,2,0.810000002384186,0,5.89999999999992
5.9,3,2,0.819999992847443,0,5.90999999999992
5.91,3,2,0.829999983310699,0,5.91999999999992
5.92,3,2,0.839999973773956,0,5.92999999999992
5.93,3,2,0.850000023841858,0,5.93999999999992
5.94,3,2,0.860000014305115,0,5.94999999999992
5.95,3,2,0.870000004768372,0,5.95999999999992
5.96,3,2,0.879999995231628,0,5.96999999999992
5.97,3,2,0.889999985694885,0,5.97999999999992
5.98,3,2,0.899999976158142,0,5.98999999999992
5.99,3,2,0.910000026226044,0,5.99999999999992
6,3,2,0.920000016689301,0,6.00999999999992
6.01,3,2,0.930000007152557,0,6.01999999999992
6.02,3,2,0.939999997615814,0,6.02999999999992
6.03,3,2,0.949999988079071,0,6.03999999999992
6.04,3,2,0.959999978542328,0,6.04999999999992
6.05,3,2,0.970000028610229,0,6.05999999999992
6.06,3,2,0.980000019073486,0,6.06999999999992
6.07,3,2,0.990000009536743,0,6.07999999999991
6.08,3,2,1,0,6.08999999999991
6.09,3,2,1.00999999046326,0,6.09999999999991
6.1,3,2,1.01999998092651,0,6.10999999999991
6.11,3,2,1.02999997138977,0,6.11999999999991
6.12,3,2,1.03999996185303,0,6.12999999999991
6.13,3,2,1.04999995231628,0,6.13999999999991
6.14,3,2,1.05999994277954,0,6.14999999999991
6.15,3,2,1.07000005245209,0,6.15999999999991
6.16,3,2,1.08000004291534,0,6.16999999999991
6.17,3,2,1.0900000333786,0,6.17999999999991
6.18,3,2,1.10000002384186,0,6.18999999999991
6.19,3,2,1.11000001430511,0,6.19999999999991
6.2,3,2,1.12000000476837,0,6.20999999999991
6.21,3,2,1.12999999523163,0,6.21999999999991
6.22,3,2,1.13999998569489,0,6.22999999999991
6.23,3,2,1.14999997615814,0,6.23999999999991
6.24,3,2,1.1599999666214,0,6.24999999999991
6.25,3,2,1.16999995708466,0,6.25999999999991
6.26,3,2,1.17999994754791,0,6.26999999999991
6.27,3,2,1.19000005722046,0,6.27999999999991
6.28,3,2,1.20000004768372,0,6.28999999999991
6.29,3,2,1.21000003814697,0,6.29999999999991
6.3,3,2,1.22000002861023,0,6.30999999999991
6.31,3,2,1.23000001907349,0,6.31999999999991
6.32,3,2,1.24000000953674,0,6.32999999999991
6.33,3,2,1.25,0,6.33999999999991
6.34,3,2,1.25999999046326,0,6.34999999999991
6.35,3,2,1.26999998092651,0,6.35999999999991
6.36,3,2,1.27999997138977,0,6.36999999999991
6.37,3,2,1.28999996185303,0,6.37999999999991
6.38,3,2,1.29999995231628,0,6.38999999999991
6.39,3,2,1.30999994277954,0,6.39999999999991
6.4,3,2,1.32000005245209,0,6.40999999999991
6.41,3,2,1.33000004291534,0,6.41999999999991
6.42,3,2,1.3400000333786,0,6.42999999999991
6.43,3,2,1.35000002384186,0,6.43999999999991
6.44,3,2,1.36000001430511,0,6.44999999999991
6.45,3,2,1.37000000476837,0,6.45999999999991
6.46,3,2,1.37999999523163,0,6.46999999999991
6.47,3,2,1.38999998569489,0,6.47999999999991
6.48,3,2,1.39999997615814,0,6.48999999999991
6.49,3,2,1.4099999666214,0,6.49999999999991
6.5,3,2,1.41999995708466,0,6.50999999999991
6.51,3,2,1.42999994754791,0,6.51999999999991
6.52,3,2,1.44000005722046,0,6.52999999999991
6.53,3,2,1.45000004768372,0,6.53999999999991
6.54,3,2,1.46000003814697,0,6.5499999999999
6.55,3,2,1.47000002861023,0,6.5599999999999
6.56,3,2,1.48000001907349,0,6.5699999999999
6.57,3,2,1.49000000953674,0,6.5799999999999
6.58,3,2,1.5,0,6.5899999999999
6.59,3,2,1.50999999046326,0,6.5999999999999
6.6,3,2,1.51999998092651,0,6.6099999999999
6.61,3,2,1.52999997138977,0,6.6199999999999
6.62,3,2,1.53999996185303,0,6.6299999999999
6.63,3,2,1.54999995231628,0,6.6399999999999
6.64,3,2,1.55999994277954,0,6.6499999999999
6.65,3,2,1.57000005245209,0,6.6599999999999
6.66,3,2,1.58000004291534,0,6.6699999999999
6.67,3,2,1.5900000333786,0,6.6799999999999
6.68,3,2,1.60000002384186,0,6.6899999999999
6.69,3,2,1.61000001430511,0,6.6999999999999
6.7,3,2,1.62000000476837,0,6.7099999999999
6.71,3,2,1.62999999523163,0,6.7199999999999
6.72,3,2,1.63999998569489,0,6.7299999999999
6.73,3,2,1.64999997615814,0,6.7399999999999
6.74,3,2,1.6599999666214,0,6.7499999999999
6.75,3,2,1.66999995708466,0,6.7599999999999
6.76,3,2,1.67999994754791,0,6.7699999999999
6.77,3,2,1.69000005722046,0,6.7799999999999
6.78,3,2,1.70000004768372,0,6.7899999999999
6.79,3,2,1.71000003814697,0,6.7999999999999
6.8,3,2,1.72000002861023,0,6.8099999999999
6.81,3,2,1.73000001907349,0,6.8199999999999
6.82,3,2,1.74000000953674,0,6.8299999999999
6.83,3,2,1.75,0,6.8399999999999
6.84,3,2,1.75999999046326,0,6.8499999999999
6.85,3,2,1.76999998092651,0,6.8599999999999
6.86,3,2,1.77999997138977,0,6.8699999999999
6.87,3,2,1.78999996185303,0,6.8799999999999
6.88,3,2,1.79999995231628,0,6.8899999999999
6.89,3,2,1.80999994277954,0,6.8999999999999
6.9,3,2,1.82000005245209,0,6.9099999999999
6.91,3,2,1.83000004291534,0,6.9199999999999
6.92,3,2,1.8400000333786,0,6.9299999999999
6.93,3,2,1.85000002384186,0,6.9399999999999
6.94,3,2,1.86000001430511,0,6.9499999999999
6.95,3,2,1.87000000476837,0,6.9599999999999
6.96,3,2,1.87999999523163,0,6.9699999999999
6.97,3,2,1.88999998569489,0,6.9799999999999
6.98,3,2,1.89999997615814,0,6.9899999999999
6.99,3,2,1.9099999666214,0,6.9999999999999
7,3,2,1.91999995708466,0,7.00999999999989
7.01,3,2,1.92999994754791,0,7.01999999999989
7.02,3,2,1.94000005722046,0,7.02999999999989
7.03,3,2,1.95000004768372,0,7.03999999999989
7.04,3,2,1.96000003814697,0,7.04999999999989
7.05,3,2,1.97000002861023,0,7.05999999999989
7.06,3,2,1.98000001907349,0,7.06999999999989
7.07,3,2,1.99000000953674,0,7.07999999999989
7.08,3,2,2,0,7.08999999999989
7.09,3,2,2.00999999046326,0,7.09999999999989
7.1,3,2,2.01999998092651,0,7.10999999999989
7.11,3,2,2.02999997138977,0,7.11999999999989
7.12,3,2,2.03999996185303,0,7.12999999999989
7.13,3,2,2.04999995231628,0,7.13999999999989
7.14,3,2,2.05999994277954,0,7.14999999999989
7.15,3,2,2.0699999332428,0,7.15999999999989
7.16,3,2,2.07999992370605,0,7.16999999999989
7.17,3,2,2.08999991416931,0,7.17999999999989
7.18,3,2,2.09999990463257,0,7.18999999999989
7.19,3,2,2.10999989509583,0,7.19999999999989
7.2,3,2,2.11999988555908,0,7.20999999999989
7.21,3,2,2.13000011444092,0,7.21999999999989
7.22,3,2,2.14000010490417,0,7.22999999999989
7.23,3,2,2.15000009536743,0,7.23999999999989
7.24,3,2,2.16000008583069,0,7.24999999999989
7.25,3,2,2.17000007629395,0,7.25999999999989
7.26,3,2,2.1800000667572,0,7.26999999999989
7.27,3,2,2.19000005722046,0,7.27999999999989
7.28,3,2,2.20000004768372,0,7.28999999999989
7.29,3,2,2.21000003814697,0,7.29999999999989
7.3,3,2,2.22000002861023,0,7.30999999999989
7.31,3,2,2.23000001907349,0,7.31999999999989
7.32,3,2,2.24000000953674,0,7.32999999999989
7.33,3,2,2.25,0,7.33999999999989
7.34,3,2,2.25999999046326,0,7.34999999999989
7.35,3,2,2.26999998092651,0,7.35999999999989
7.36,3,2,2.27999997138977,0,7.36999999999989
7.37,3,2,2.28999996185303,0,7.37999999999989
7.38,3,2,2.29999995231628,0,7.38999999999989
7.39,3,2,2.30999994277954,0,7.39999999999989
7.4,3,2,2.3199999332428,0,7.40999999999989
7.41,3,2,2.32999992370605,0,7.41999999999989
7.42,3,2,2.33999991416931,0,7.42999999999989
7.43,3,2,2.34999990463257,0,7.43999999999989
7.44,3,2,2.35999989509583,0,7.44999999999989
7.45,3,2,2.36999988555908,0,7.45999999999989
7.46,3,2,2.38000011444092,0,7.46999999999989
7.47,3,2,2.39000010490417,0,7.47999999999988
7.48,3,2,2.40000009536743,0,7.48999999999988
7.49,3,2,2.41000008583069,0,7.49999999999988
7.5,3,2,2.42000007629395,0,7.50999999999988
7.51,3,2,2.4300000667572,0,7.51999999999988
7.52,3,2,2.44000005722046,0,7.52999999999988
7.53,3,2,2.45000004768372,0,7.53999999999988
7.54,3,2,2.46000003814697,0,7.54999999999988
7.55,3,2,2.47000002861023,0,7.55999999999988
7.56,3,2,2.48000001907349,0,7.56999999999988
7.57,3,2,2.49000000953674,0,7.57999999999988
7.58,3,2,2.5,0,7.58999999999988
7.59,3,2,2.50999999046326,0,7.59999999999988
7.6,3,2,2.51999998092651,0,7.60999999999988
7.61,3,2,2.52999997138977,0,7.61999999999988
7.62,3,2,2.53999996185303,0,7.62999999999988
7.63,3,2,2.54999995231628,0,7.63999999999988
7.64,3,2,2.55999994277954,0,7.64999999999988
7.65,3,2,2.5699999332428,0,7.65999999999988
7.66,3,2,2.57999992370605,0,7.66999999999988
7.67,3,2,2.58999991416931,0,7.67999999999988
7.68,3,2,2.59999990463257,0,7.68999999999988
7.69,3,2,2.60999989509583,0,7.69999999999988
7.7,3,2,2.61999988555908,0,7.70999999999988
7.71,3,2,2.63000011444092,0,7.71999999999988
7.72,3,2,2.64000010490417,0,7.72999999999988
7.73,3,2,2.65000009536743,0,7.73999999999988
7.74,3,2,2.66000008583069,0,7.74999999999988
7.75,3,2,2.67000007629395,0,7.75999999999988
7.76,3,2,2.6800000667572,0,7.76999999999988
7.77,3,2,2.69000005722046,0,7.77999999999988
7.78,3,2,2.70000004768372,0,7.78999999999988
7.79,3,2,2.71000003814697,0,7.79999999999988
7.8,3,2,2.72000002861023,0,7.80999999999988
7.81,3,2,2.73000001907349,0,7.81999999999988
7.82,3,2,2.74000000953674,0,7.82999999999988
7.83,3,2,2.75,0,7.83999999999988
7.84,3,2,2.75999999046326,0,7.84999999999988
7.85,3,2,2.76999998092651,0,7.85999999999988
7.86,3,2,2.77999997138977,0,7.86999999999988
7.87,3,2,2.78999996185303,0,7.87999999999988
7.88,3,2,2.79999995231628,0,7.88999999999988
7.89,3,2,2.80999994277954,0,7.89999999999988
7.9,3,2,2.8199999332428,0,7.90999999999988
7.91,3,2,2.82999992370605,0,7.91999999999988
7.92,3,2,2.83999991416931,0,7.92999999999988
7.93,3,2,2.84999990463257,0,7.93999999999988
7.94,3,2,2.85999989509583,0,7.94999999999987
7.95,3,2,2.86999988555908,0,7.95999999999987
7.96,3,2,2.88000011444092,0,7.96999999999987
7.97,3,2,2.89000010490417,0,7.97999999999987
7.98,3,2,2.90000009536743,0,7.98999999999987
7.99,3,2,2.91000008583069,0,7.99999999999987
8,3,2,2.92000007629395,0,8.00999999999987
8.01,3,2,2.9300000667572,0,8.01999999999987
8.02,3,2,2.94000005722046,0,8.02999999999987
8.03,3,2,2.95000004768372,0,8.03999999999987
8.04,3,2,2.96000003814697,0,8.04999999999987
8.05,3,2,2.97000002861023,0,8.05999999999987
8.06,3,2,2.98000001907349,0,8.06999999999987
8.07,3,2,2.99000000953674,0,8.07999999999987
8.08,3,2,3,0,8.08999999999987
8.09,3,2,3.00999999046326,0,8.09999999999987
8.1,3,2,3.01999998092651,0,8.10999999999987
8.11,3,2,3.02999997138977,0,8.11999999999987
8.12,3,2,3.03999996185303,0,8.12999999999987
8.13,3,2,3.04999995231628,0,8.13999999999987
8.14,3,2,3.05999994277954,0,8.14999999999987
8.15,3,2,3.0699999332428,0,8.15999999999987
8.16,3,2,3.07999992370605,0,8.16999999999987
8.17,3,2,3.08999991416931,0,8.17999999999987
8.18,3,2,3.09999990463257,0,8.18999999999987
8.19,3,2,3.10999989509583,0,8.19999999999987
8.2,3,2,3.11999988555908,0,8.20999999999987
8.21,3,2,3.13000011444092,0,8.21999999999987
8.22,3,2,3.14000010490417,0,8.22999999999987
8.23,3,2,3.15000009536743,0,8.23999999999987
8.24,3,2,3.16000008583069,0,8.24999999999987
8.25,3,2,3.17000007629395,0,8.25999999999987
8.26,3,2,3.1800000667572,0,8.26999999999987
8.27,3,2,3.19000005722046,0,8.27999999999987
8.28,3,2,3.20000004768372,0,8.28999999999987
8.29,3,2,3.21000003814697,0,8.29999999999987
8.3,3,2,3.22000002861023,0,8.30999999999987
8.31,3,2,3.23000001907349,0,8.31999999999987
8.32,3,2,3.24000000953674,0,8.32999999999987
8.33,3,2,3.25,0,8.33999999999987
8.34,3,2,3.25999999046326,0,8.34999999999987
8.35,3,2,3.26999998092651,0,8.35999999999987
8.36,3,2,3.27999997138977,0,8.36999999999987
8.37,3,2,3.28999996185303,0,8.37999999999987
8.38,3,2,3.29999995231628,0,8.38999999999987
8.39,3,2,3.30999994277954,0,8.39999999999987
8.4,3,2,3.3199999332428,0,8.40999999999987
8.41,3,2,3.32999992370605,0,8.41999999999986
8.42,3,2,3.33999991416931,0,8.42999999999986
8.43,3,2,3.34999990463257,0,8.43999999999986
8.44,3,2,3.35999989509583,0,8.44999999999986
8.45,3,2,3.36999988555908,0,8.45999999999986
8.46,3,2,3.38000011444092,0,8.46999999999986
8.47,3,2,3.39000010490417,0,8.47999999999986
8.48,3,2,3.40000009536743,0,8.48999999999986
8.49,3,2,3.41000008583069,0,8.49999999999986
8.5,3,2,3.42000007629395,0,8.50999999999986
8.51,3,2,3.4300000667572,0,8.51999999999986
8.52,3,2,3.44000005722046,0,8.52999999999986
8.53,3,2,3.45000004768372,0,8.53999999999986
8.54,3,2,3.46000003814697,0,8.54999999999986
8.55,3,2,3.47000002861023,0,8.55999999999986
8.56,3,2,3.48000001907349,0,8.56999999999986
8.57,3,2,3.49000000953674,0,8.57999999999986
8.58,3,2,3.5,0,8.58999999999986
8.59,3,2,3.50999999046326,0,8.59999999999986
8.6,3,2,3.51999998092651,0,8.60999999999986
8.61,3,2,3.52999997138977,0,8.61999999999986
8.62,3,2,3.53999996185303,0,8.62999999999986
8.63,3,2,3.54999995231628,0,8.63999999999986
8.64,3,2,3.55999994277954,0,8.64999999999986
8.65,3,2,3.5699999332428,0,8.65999999999986
8.66,3,2,3.57999992370605,0,8.66999999999986
8.67,3,2,3.58999991416931,0,8.67999999999986
8.68,3,2,3.59999990463257,0,8.68999999999986
8.69,3,2,3.60999989509583,0,8.69999999999986
8.7,3,2,3.61999988555908,0,8.70999999999986
8.71,3,2,3.63000011444092,0,8.71999999999986
8.72,3,2,3.64000010490417,0,8.72999999999986
8.73,3,2,3.65000009536743,0,8.73999999999986
8.74,3,2,3.66000008583069,0,8.74999999999986
8.75,3,2,3.67000007629395,0,8.75999999999986
8.76,3,2,3.6800000667572,0,8.76999999999986
8.77,3,2,3.69000005722046,0,8.77999999999986
8.78,3,2,3.70000004768372,0,8.78999999999986
8.79,3,2,3.71000003814697,0,8.79999999999986
8.8,3,2,3.72000002861023,0,8.80999999999986
8.81,3,2,3.73000001907349,0,8.81999999999986
8.82,3,2,3.74000000953674,0,8.82999999999986
8.83,3,2,3.75,0,8.83999999999986
8.84,3,2,3.75999999046326,0,8.84999999999986
8.85,3,2,3.76999998092651,0,8.85999999999986
8.86,3,2,3.77999997138977,0,8.86999999999986
8.87,3,2,3.78999996185303,0,8.87999999999986
8.88,3,2,3.79999995231628,0,8.88999999999985
8.89,3,2,3.80999994277954,0,8.89999999999985
8.9,3,2,3.8199999332428,0,8.90999999999985
8.91,3,2,3.82999992370605,0,8.91999999999985
8.92,3,2,3.83999991416931,0,8.92999999999985
8.93,3,2,3.84999990463257,0,8.93999999999985
8.94,3,2,3.85999989509583,0,8.94999999999985
8.95,3,2,3.86999988555908,0,8.95999999999985
8.96,3,2,3.88000011444092,0,8.96999999999985
8.97,3,2,3.89000010490417,0,8.97999999999985
8.98,3,2,3.90000009536743,0,8.98999999999985
8.99,3,2,3.91000008583069,0,8.99999999999985
9,3,2,3.92000007629395,0,9.00999999999985
9.01,3,2,3.9300000667572,0,9.01999999999985
9.02,3,2,3.94000005722046,0,9.02999999999985
9.03,3,2,3.95000004768372,0,9.03999999999985
9.04,3,2,3.96000003814697,0,9.04999999999985
9.05,3,2,3.97000002861023,0,9.05999999999985
9.06,3,2,3.98000001907349,0,9.06999999999985
9.07,3,2,3.99000000953674,0,9.07999999999985
9.08,3,2,4,0,9.08999999999985
9.09,3,2,4.01000022888184,0,9.09999999999985
9.1,3,2,4.01999998092651,0,9.10999999999985
9.11,3,2,4.03000020980835,0,9.11999999999985
9.12,3,2,4.03999996185303,0,9.12999999999985
9.13,3,2,4.05000019073486,0,9.13999999999985
9.14,3,2,4.05999994277954,0,9.14999999999985
9.15,3,2,4.07000017166138,0,9.15999999999985
9.16,3,2,4.07999992370605,0,9.16999999999985
9.17,3,2,4.09000015258789,0,9.17999999999985
9.18,3,2,4.09999990463257,0,9.18999999999985
9.19,3,2,4.1100001335144,0,9.19999999999985
9.2,3,2,4.11999988555908,0,9.20999999999985
9.21,3,2,4.13000011444092,0,9.21999999999985
9.22,3,2,4.1399998664856,0,9.22999999999985
9.23,3,2,4.15000009536743,0,9.23999999999985
9.24,3,2,4.15999984741211,0,9.24999999999985
9.25,3,2,4.17000007629395,0,9.25999999999985
9.26,3,2,4.17999982833862,0,9.26999999999985
9.27,3,2,4.19000005722046,0,9.27999999999985
9.28,3,2,4.19999980926514,0,9.28999999999985
9.29,3,2,4.21000003814697,0,9.29999999999985
9.3,3,2,4.21999979019165,0,9.30999999999985
9.31,3,2,4.23000001907349,0,9.31999999999985
9.32,3,2,4.23999977111816,0,9.32999999999985
9.33,3,2,4.25,0,9.33999999999985
9.34,3,2,4.26000022888184,0,9.34999999999985
9.35,3,2,4.26999998092651,0,9.35999999999984
9.36,3,2,4.28000020980835,0,9.36999999999984
9.37,3,2,4.28999996185303,0,9.37999999999984
9.38,3,2,4.30000019073486,0,9.38999999999984
9.39,3,2,4.30999994277954,0,9.39999999999984
9.4,3,2,4.32000017166138,0,9.40999999999984
9.41,3,2,4.32999992370605,0,9.41999999999984
9.42,3,2,4.34000015258789,0,9.42999999999984
9.43,3,2,4.34999990463257,0,9.43999999999984
9.44,3,2,4.3600001335144,0,9.44999999999984
9.45,3,2,4.36999988555908,0,9.45999999999984
9.46,3,2,4.38000011444092,0,9.46999999999984
9.47,3,2,4.3899998664856,0,9.47999999999984
9.48,3,2,4.40000009536743,0,9.48999999999984
9.49,3,2,4.40999984741211,0,9.49999999999984
9.5,3,2,4.42000007629395,0,9.50999999999984
9.51,3,2,4.42999982833862,0,9.51999999999984
9.52,3,2,4.44000005722046,0,9.52999999999984
9.53,3,2,4.44999980926514,0,9.53999999999984
9.54,3,2,4.46000003814697,0,9.54999999999984
9.55,3,2,4.46999979019165,0,9.55999999999984
9.56,3,2,4.48000001907349,0,9.56999999999984
9.57,3,2,4.48999977111816,0,9.57999999999984
9.58,3,2,4.5,0,9.58999999999984
9.59,3,2,4.51000022888184,0,9.59999999999984
9.6,3,2,4.51999998092651,0,9.60999999999984
9.61,3,2,4.53000020980835,0,9.61999999999984
9.62,3,2,4.53999996185303,0,9.62999999999984
9.63,3,2,4.55000019073486,0,9.63999999999984
9.64,3,2,4.55999994277954,0,9.64999999999984
9.65,3,2,4.57000017166138,0,9.65999999999984
9.66,3,2,4.57999992370605,0,9.66999999999984
9.67,3,2,4.59000015258789,0,9.67999999999984
9.68,3,2,4.59999990463257,0,9.68999999999984
9.69,3,2,4.6100001335144,0,9.69999999999984
9.7,3,2,4.61999988555908,0,9.70999999999984
9.71,3,2,4.63000011444092,0,9.71999999999984
9.72,3,2,4.6399998664856,0,9.72999999999984
9.73,3,2,4.65000009536743,0,9.73999999999984
9.74,3,2,4.65999984741211,0,9.74999999999984
9.75,3,2,4.67000007629395,0,9.75999999999984
9.76,3,2,4.67999982833862,0,9.76999999999984
9.77,3,2,4.69000005722046,0,9.77999999999984
9.78,3,2,4.69999980926514,0,9.78999999999984
9.79,3,2,4.71000003814697,0,9.79999999999984
9.8,3,2,4.71999979019165,0,9.80999999999984
9.81,3,2,4.73000001907349,0,9.81999999999984
9.82,3,2,4.73999977111816,0,9.82999999999983
9.83,3,2,4.75,0,9.83999999999983
9.84,3,2,4.76000022888184,0,9.84999999999983
9.85,3,2,4.76999998092651,0,9.85999999999983
9.86,3,2,4.78000020980835,0,9.86999999999983
9.87,3,2,4.78999996185303,0,9.87999999999983
9.88,3,2,4.80000019073486,0,9.88999999999983
9.89,3,2,4.80999994277954,0,9.89999999999983
9.9,3,2,4.82000017166138,0,9.90999999999983
9.91,3,2,4.82999992370605,0,9.91999999999983
9.92,3,2,4.84000015258789,0,9.92999999999983
9.93,3,2,4.84999990463257,0,9.93999999999983
9.94,3,2,4.8600001335144,0,9.94999999999983
9.95,3,2,4.86999988555908,0,9.95999999999983
9.96,3,2,4.88000011444092,0,9.96999999999983
9.97,3,2,4.8899998664856,0,9.97999999999983
9.98,3,2,4.90000009536743,0,9.98999999999983
9.99,3,2,4.90999984741211,0,9.99999999999983
10,3,2,4.92000007629395,0,10.0099999999998
10.01,3,2,4.92999982833862,0,10.0199999999998
10.02,3,2,4.94000005722046,0,10.0299999999998
10.03,3,2,4.94999980926514,0,10.0399999999998
10.04,3,2,4.96000003814697,0,10.0499999999998
10.05,3,2,4.96999979019165,0,10.0599999999998
10.06,3,2,4.98000001907349,0,10.0699999999998
10.07,3,2,4.98999977111816,0,10.0799999999998
10.08,3,2,5,0,10.0899999999998
10.09,3,2,5.01000022888184,0,10.0999999999998
10.1,3,2,5.01999998092651,0,10.1099999999998
10.11,3,2,5.03000020980835,0,10.1199999999998
10.12,3,2,5.03999996185303,0,10.1299999999998
10.13,3,2,5.05000019073486,0,10.1399999999998
10.14,3,2,5.05999994277954,0,10.1499999999998
10.15,3,2,5.07000017166138,0,10.1599999999998
10.16,3,2,5.07999992370605,0,10.1699999999998
10.17,3,2,5.09000015258789,0,10.1799999999998
10.18,3,2,5.09999990463257,0,10.1899999999998
10.19,3,2,5.1100001335144,0,10.1999999999998
10.2,3,2,5.11999988555908,0,10.2099999999998
10.21,3,2,5.13000011444092,0,10.2199999999998
10.22,3,2,5.1399998664856,0,10.2299999999998
10.23,3,2,5.15000009536743,0,10.2399999999998
10.24,3,2,5.15999984741211,0,10.2499999999998
10.25,3,2,5.17000007629395,0,10.2599999999998
10.26,3,2,5.17999982833862,0,10.2699999999998
10.27,3,2,5.19000005722046,0,10.2799999999998
10.28,3,2,5.19999980926514,0,10.2899999999998
10.29,3,2,5.21000003814697,0,10.2999999999998
10.3,3,2,5.21999979019165,0,10.3099999999998
10.31,3,2,5.23000001907349,0,10.3199999999998
10.32,3,2,5.23999977111816,0,10.3299999999998
10.33,3,2,5.25,0,10.3399999999998
10.34,3,2,5.26000022888184,0,10.3499999999998
10.35,3,2,5.26999998092651,0,10.3599999999998
10.36,3,2,5.28000020980835,0,10.3699999999998
10.37,3,2,5.28999996185303,0,10.3799999999998
10.38,3,2,5.30000019073486,0,10.3899999999998
10.39,3,2,5.30999994277954,0,10.3999999999998
10.4,3,2,5.32000017166138,0,10.4099999999998
10.41,3,2,5.32999992370605,0,10.4199999999998
10.42,3,2,5.34000015258789,0,10.4299999999998
10.43,3,2,5.34999990463257,0,10.4399999999998
10.44,3,2,5.3600001335144,0,10.4499999999998
10.45,3,2,5.36999988555908,0,10.4599999999998
10.46,3,2,5.38000011444092,0,10.4699999999998
10.47,3,2,5.3899998664856,0,10.4799999999998
10.48,3,2,5.40000009536743,0,10.4899999999998
10.49,3,2,5.40999984741211,0,10.4999999999998
10.5,3,2,5.42000007629395,0,10.5099999999998
10.51,3,2,5.42999982833862,0,10.5199999999998
10.52,3,2,5.44000005722046,0,10.5299999999998
10.53,3,2,5.44999980926514,0,10.5399999999998
10.54,3,2,5.46000003814697,0,10.5499999999998
10.55,3,2,5.46999979019165,0,10.5599999999998
10.56,3,2,5.48000001907349,0,10.5699999999998
10.57,3,2,5.48999977111816,0,10.5799999999998
10.58,3,2,5.5,0,10.5899999999998
10.59,3,2,5.51000022888184,0,10.5999999999998
10.6,3,2,5.51999998092651,0,10.6099999999998
10.61,3,2,5.53000020980835,0,10.6199999999998
10.62,3,2,5.53999996185303,0,10.6299999999998
10.63,3,2,5.55000019073486,0,10.6399999999998
10.64,3,2,5.55999994277954,0,10.6499999999998
10.65,3,2,5.57000017166138,0,10.6599999999998
10.66,3,2,5.57999992370605,0,10.6699999999998
10.67,3,2,5.59000015258789,0,10.6799999999998
10.68,3,2,5.59999990463257,0,10.6899999999998
10.69,3,2,5.6100001335144,0,10.6999999999998
10.7,3,2,5.61999988555908,0,10.7099999999998
10.71,3,2,5.63000011444092,0,10.7199999999998
10.72,3,2,5.6399998664856,0,10.7299999999998
10.73,3,2,5.65000009536743,0,10.7399999999998
10.74,3,2,5.65999984741211,0,10.7499999999998
10.75,3,2,5.67000007629395,0,10.7599999999998
10.76,3,2,5.67999982833862,0,10.7699999999998
10.77,3,2,5.69000005722046,0,10.7799999999998
10.78,3,2,5.69999980926514,0,10.7899999999998
10.79,3,2,5.71000003814697,0,10.7999999999998
10.8,3,2,5.71999979019165,0,10.8099999999998
10.81,3,2,5.73000001907349,0,10.8199999999998
10.82,3,2,5.73999977111816,0,10.8299999999998
10.83,3,2,5.75,0,10.8399999999998
10.84,3,2,5.76000022888184,0,10.8499999999998
10.85,3,2,5.76999998092651,0,10.8599999999998
10.86,3,2,5.78000020980835,0,10.8699999999998
10.87,3,2,5.78999996185303,0,10.8799999999998
10.88,3,2,5.80000019073486,0,10.8899999999998
10.89,3,2,5.80999994277954,0,10.8999999999998
10.9,3,2,5.82000017166138,0,10.9099999999998
10.91,3,2,5.82999992370605,0,10.9199999999998
10.92,3,2,5.84000015258789,0,10.9299999999998
10.93,3,2,5.84999990463257,0,10.9399999999998
10.94,3,2,5.8600001335144,0,10.9499999999998
10.95,3,2,5.86999988555908,0,10.9599999999998
10.96,3,2,5.88000011444092,0,10.9699999999998
10.97,3,2,5.8899998664856,0,10.9799999999998
10.98,3,2,5.90000009536743,0,10.9899999999998
10.99,3,2,5.90999984741211,0,10.9999999999998
11,3,2,5.92000007629395,0,11.0099999999998
11.01,3,2,5.92999982833862,0,11.0199999999998
11.02,3,2,5.94000005722046,0,11.0299999999998
11.03,3,2,5.94999980926514,0,11.0399999999998
11.04,3,2,5.96000003814697,0,11.0499999999998
11.05,3,2,5.96999979019165,0,11.0599999999998
11.06,3,2,5.98000001907349,0,11.0699999999998
11.07,3,2,5.98999977111816,0,11.0799999999998
11.08,3,2,6,0,11.0899999999998
11.09,3,2,6.01000022888184,0,11.0999999999998
11.1,3,2,6.01999998092651,0,11.1099999999998
11.11,3,2,6.03000020980835,0,11.1199999999998
11.12,3,2,6.03999996185303,0,11.1299999999998
11.13,3,2,6.05000019073486,0,11.1399999999998
11.14,3,2,6.05999994277954,0,11.1499999999998
11.15,3,2,6.07000017166138,0,11.1599999999998
11.16,3,2,6.07999992370605,0,11.1699999999998
11.17,3,2,6.09000015258789,0,11.1799999999998
11.18,3,2,6.09999990463257,0,11.1899999999998
11.19,3,2,6.1100001335144,0,11.1999999999998
11.2,3,2,6.11999988555908,0,11.2099999999998
11.21,3,2,6.13000011444092,0,11.2199999999998
11.22,3,2,6.1399998664856,0,11.2299999999998
11.23,3,2,6.15000009536743,0,11.2399999999998
11.24,3,2,6.15999984741211,0,11.2499999999998
11.25,3,2,6.17000007629395,0,11.2599999999998
11.26,3,2,6.17999982833862,0,11.2699999999998
11.27,3,2,6.19000005722046,0,11.2799999999998
11.28,3,2,6.19999980926514,0,11.2899999999998
11.29,3,2,6.21000003814697,0,11.2999999999998
11.3,3,2,6.21999979019165,0,11.3099999999998
11.31,3,2,6.23000001907349,0,11.3199999999998
11.32,3,2,6.23999977111816,0,11.3299999999998
11.33,3,2,6.25,0,11.3399999999998
11.34,3,2,6.26000022888184,0,11.3499999999998
11.35,3,2,6.26999998092651,0,11.3599999999998
11.36,3,2,6.28000020980835,0,11.3699999999998
11.37,3,2,6.28999996185303,0,11.3799999999998
11.38,3,2,6.30000019073486,0,11.3899999999998
11.39,3,2,6.30999994277954,0,11.3999999999998
11.4,3,2,6.32000017166138,0,11.4099999999998
11.41,3,2,6.32999992370605,0,11.4199999999998
11.42,3,2,6.34000015258789,0,11.4299999999998
11.43,3,2,6.34999990463257,0,11.4399999999998
11.44,3,2,6.3600001335144,0,11.4499999999998
11.45,3,2,6.36999988555908,0,11.4599999999998
11.46,3,2,6.38000011444092,0,11.4699999999998
11.47,3,2,6.3899998664856,0,11.4799999999998
11.48,3,2,6.40000009536743,0,11.4899999999998
11.49,3,2,6.40999984741211,0,11.4999999999998
11.5,3,2,6.42000007629395,0,11.5099999999998
11.51,3,2,6.42999982833862,0,11.5199999999998
11.52,3,2,6.44000005722046,0,11.5299999999998
11.53,3,2,6.44999980926514,0,11.5399999999998
11.54,3,2,6.46000003814697,0,11.5499999999998
11.55,3,2,6.46999979019165,0,11.5599999999998
11.56,3,2,6.48000001907349,0,11.5699999999998
11.57,3,2,6.48999977111816,0,11.5799999999998
11.58,3,2,6.5,0,11.5899999999998
11.59,3,2,6.51000022888184,0,11.5999999999998
11.6,3,2,6.51999998092651,0,11.6099999999998
11.61,3,2,6.53000020980835,0,11.6199999999998
11.62,3,2,6.53999996185303,0,11.6299999999998
11.63,3,2,6.55000019073486,0,11.6399999999998
11.64,3,2,6.55999994277954,0,11.6499999999998
11.65,3,2,6.57000017166138,0,11.6599999999998
11.66,3,2,6.57999992370605,0,11.6699999999998
11.67,3,2,6.59000015258789,0,11.6799999999998
11.68,3,2,6.59999990463257,0,11.6899999999998
11.69,3,2,6.6100001335144,0,11.6999999999998
11.7,3,2,6.61999988555908,0,11.7099999999998
11.71,3,2,6.63000011444092,0,11.7199999999998
11.72,3,2,6.6399998664856,0,11.7299999999998
11.73,3,2,6.65000009536743,0,11.7399999999998
11.74,3,2,6.65999984741211,0,11.7499999999998
11.75,3,2,6.67000007629395,0,11.7599999999998
11.76,3,2,6.67999982833862,0,11.7699999999998
11.77,3,2,6.69000005722046,0,11.7799999999998
11.78,3,2,6.69999980926514,0,11.7899999999998
11.79,3,2,6.71000003814697,0,11.7999999999998
11.8,3,2,6.71999979019165,0,11.8099999999998
11.81,3,2,6.73000001907349,0,11.8199999999998
11.82,3,2,6.73999977111816,0,11.8299999999998
11.83,3,2,6.75,0,11.8399999999998
11.84,3,2,6.76000022888184,0,11.8499999999998
11.85,3,2,6.76999998092651,0,11.8599999999998
11.86,3,2,6.78000020980835,0,11.8699999999998
11.87,3,2,6.78999996185303,0,11.8799999999998
11.88,3,2,6.80000019073486,0,11.8899999999998
11.89,3,2,6.80999994277954,0,11.8999999999998
11.9,3,2,6.82000017166138,0,11.9099999999998
11.91,3,2,6.82999992370605,0,11.9199999999998
11.92,3,2,6.84000015258789,0,11.9299999999998
11.93,3,2,6.84999990463257,0,11.9399999999998
11.94,3,2,6.8600001335144,0,11.9499999999998
11.95,3,2,6.86999988555908,0,11.9599999999998
11.96,3,2,6.88000011444092,0,11.9699999999998
11.97,3,2,6.8899998664856,0,11.9799999999998
11.98,3,2,6.90000009536743,0,11.9899999999998
11.99,3,2,6.90999984741211,0,11.9999999999998
12,3,2,6.92000007629395,0,12.0099999999998
12.01,3,2,6.92999982833862,0,12.0199999999998
12.02,3,2,6.94000005722046,0,12.0299999999998
12.03,3,2,6.94999980926514,0,12.0399999999998
12.04,3,2,6.96000003814697,0,12.0499999999998
12.05,3,2,6.96999979019165,0,12.0599999999998
12.06,3,2,6.98000001907349,0,12.0699999999998
12.07,3,2,6.98999977111816,0,12.0799999999998
12.08,3,2,7,0,12.0899999999998
12.09,3,2,7.01000022888184,0,12.0999999999998
12.1,3,2,7.01999998092651,0,12.1099999999998
12.11,3,2,7.03000020980835,0,12.1199999999998
12.12,3,2,7.03999996185303,0,12.1299999999998
12.13,3,2,7.05000019073486,0,12.1399999999998
12.14,3,2,7.05999994277954,0,12.1499999999998
12.15,3,2,7.07000017166138,0,12.1599999999998
12.16,3,2,7.07999992370605,0,12.1699999999998
12.17,3,2,7.09000015258789,0,12.1799999999998
12.18,3,2,7.09999990463257,0,12.1899999999998
12.19,3,2,7.1100001335144,0,12.1999999999998
12.2,3,2,7.11999988555908,0,12.2099999999998
12.21,3,2,7.13000011444092,0,12.2199999999998
12.22,3,2,7.1399998664856,0,12.2299999999998
12.23,3,2,7.15000009536743,0,12.2399999999998
12.24,3,2,7.15999984741211,0,12.2499999999998
12.25,3,2,7.17000007629395,0,12.2599999999998
12.26,3,2,7.17999982833862,0,12.2699999999998
12.27,3,2,7.19000005722046,0,12.2799999999998
12.28,3,2,7.19999980926514,0,12.2899999999998
12.29,3,2,7.21000003814697,0,12.2999999999998
12.3,3,2,7.21999979019165,0,12.3099999999998
12.31,3,2,7.23000001907349,0,12.3199999999998
12.32,3,2,7.23999977111816,0,12.3299999999998
12.33,3,2,7.25,0,12.3399999999998
12.34,3,2,7.26000022888184,0,12.3499999999998
12.35,3,2,7.26999998092651,0,12.3599999999998
12.36,3,2,7.28000020980835,0,12.3699999999998
12.37,3,2,7.28999996185303,0,12.3799999999998
12.38,3,2,7.30000019073486,0,12.3899999999998
12.39,3,2,7.30999994277954,0,12.3999999999998
12.4,3,2,7.32000017166138,0,12.4099999999998
12.41,3,2,7.32999992370605,0,12.4199999999998
12.42,3,2,7.34000015258789,0,12.4299999999998
12.43,3,2,7.34999990463257,0,12.4399999999998
12.44,3,2,7.3600001335144,0,12.4499999999998
12.45,3,2,7.36999988555908,0,12.4599999999998
12.46,3,2,7.38000011444092,0,12.4699999999998
12.47,3,2,7.3899998664856,0,12.4799999999998
12.48,3,2,7.40000009536743,0,12.4899999999998
12.49,3,2,7.40999984741211,0,12.4999999999998
12.5,3,2,7.42000007629395,0,12.5099999999998
12.51,3,2,7.42999982833862,0,12.5199999999998
12.52,3,2,7.44000005722046,0,12.5299999999998
12.53,3,2,7.44999980926514,0,12.5399999999998
12.54,3,2,7.46000003814697,0,12.5499999999998
12.55,3,2,7.46999979019165,0,12.5599999999998
12.56,3,2,7.48000001907349,0,12.5699999999998
12.57,3,2,7.48999977111816,0,12.5799999999998
12.58,3,2,7.5,0,12.5899999999998
12.59,3,2,7.51000022888184,0,12.5999999999998
12.6,3,2,7.51999998092651,0,12.6099999999998
12.61,3,2,7.53000020980835,0,12.6199999999998
12.62,3,2,7.53999996185303,0,12.6299999999998
12.63,3,2,7.55000019073486,0,12.6399999999998
12.64,3,2,7.55999994277954,0,12.6499999999998
12.65,3,2,7.57000017166138,0,12.6599999999998
12.66,3,2,7.57999992370605,0,12.6699999999998
12.67,3,2,7.59000015258789,0,12.6799999999998
12.68,3,2,7.59999990463257,0,12.6899999999998
12.69,3,2,7.6100001335144,0,12.6999999999998
12.7,3,2,7.61999988555908,0,12.7099999999998
12.71,3,2,7.63000011444092,0,12.7199999999998
12.72,3,2,7.6399998664856,0,12.7299999999998
12.73,3,2,7.65000009536743,0,12.7399999999998
12.74,3,2,7.65999984741211,0,12.7499999999998
12.75,3,2,7.67000007629395,0,12.7599999999998
12.76,3,2,7.67999982833862,0,12.7699999999998
12.77,3,2,7.69000005722046,0,12.7799999999998
12.78,3,2,7.69999980926514,0,12.7899999999998
12.79,3,2,7.71000003814697,0,12.7999999999998
12.8,3,2,7.71999979019165,0,12.8099999999998
12.81,3,2,7.73000001907349,0,12.8199999999998
12.82,3,2,7.73999977111816,0,12.8299999999998
12.83,3,2,7.75,0,12.8399999999998
12.84,3,2,7.76000022888184,0,12.8499999999998
12.85,3,2,7.76999998092651,0,12.8599999999998
12.86,3,2,7.78000020980835,0,12.8699999999998
12.87,3,2,7.78999996185303,0,12.8799999999998
12.88,3,2,7.80000019073486,0,12.8899999999998
12.89,3,2,7.80999994277954,0,12.8999999999998
12.9,3,2,7.82000017166138,0,12.9099999999998
12.91,3,2,7.82999992370605,0,12.9199999999998
12.92,3,2,7.84000015258789,0,12.9299999999998
12.93,3,2,7.84999990463257,0,12.9399999999998
12.94,3,2,7.8600001335144,0,12.9499999999998
12.95,3,2,7.86999988555908,0,12.9599999999998
12.96,3,2,7.88000011444092,0,12.9699999999998
12.97,3,2,7.8899998664856,0,12.9799999999998
12.98,3,2,7.90000009536743,0,12.9899999999998
12.99,3,2,7.90999984741211,0,12.9999999999998
13,3,2,7.92000007629395,0,13.0099999999998
13.01,3,2,7.92999982833862,0,13.0199999999998
13.02,3,2,7.94000005722046,0,13.0299999999998
13.03,3,2,7.94999980926514,0,13.0399999999998
13.04,3,2,7.96000003814697,0,13.0499999999998
13.05,3,2,7.96999979019165,0,13.0599999999998
13.06,3,2,7.98000001907349,0,13.0699999999998
13.07,3,2,7.98999977111816,0,13.0799999999998
13.08,3,2,8,0,13.0899999999998
13.09,3,2,8.01000022888184,0,13.0999999999998
13.1,3,2,8.02000045776367,0,13.1099999999998
13.11,3,2,8.02999973297119,0,13.1199999999998
13.12,3,2,8.03999996185303,0,13.1299999999998
13.13,3,2,8.05000019073486,0,13.1399999999998
13.14,3,2,8.0600004196167,0,13.1499999999998
13.15,3,2,8.06999969482422,0,13.1599999999998
13.16,3,2,8.07999992370605,0,13.1699999999998
13.17,3,2,8.09000015258789,0,13.1799999999998
13.18,3,2,8.10000038146973,0,13.1899999999998
13.19,3,2,8.10999965667725,0,13.1999999999998
13.2,3,2,8.11999988555908,0,13.2099999999998
13.21,3,2,8.13000011444092,0,13.2199999999998
13.22,3,2,8.14000034332275,0,13.2299999999998
13.23,3,2,8.14999961853027,0,13.2399999999998
13.24,3,2,8.15999984741211,0,13.2499999999998
13.25,3,2,8.17000007629395,0,13.2599999999998
13.26,3,2,8.18000030517578,0,13.2699999999998
13.27,3,2,8.1899995803833,0,13.2799999999998
13.28,3,2,8.19999980926514,0,13.2899999999998
13.29,3,2,8.21000003814697,0,13.2999999999998
13.3,3,2,8.22000026702881,0,13.3099999999998
13.31,3,2,8.22999954223633,0,13.3199999999998
13.32,3,2,8.23999977111816,0,13.3299999999998
13.33,3,2,8.25,0,13.3399999999998
13.34,3,2,8.26000022888184,0,13.3499999999998
13.35,3,2,8.27000045776367,0,13.3599999999998
13.36,3,2,8.27999973297119,0,13.3699999999998
13.37,3,2,8.28999996185303,0,13.3799999999998
13.38,3,2,8.30000019073486,0,13.3899999999998
13.39,3,2,8.3100004196167,0,13.3999999999998
13.4,3,2,8.31999969482422,0,13.4099999999998
13.41,3,2,8.32999992370605,0,13.4199999999998
13.42,3,2,8.34000015258789,0,13.4299999999998
13.43,3,2,8.35000038146973,0,13.4399999999998
13.44,3,2,8.35999965667725,0,13.4499999999998
13.45,3,2,8.36999988555908,0,13.4599999999998
13.46,3,2,8.38000011444092,0,13.4699999999998
13.47,3,2,8.39000034332275,0,13.4799999999998
13.48,3,2,8.39999961853027,0,13.4899999999998
13.49,3,2,8.40999984741211,0,13.4999999999998
13.5,3,2,8.42000007629395,0,13.5099999999998
13.51,3,2,8.43000030517578,0,13.5199999999998
13.52,3,2,8.4399995803833,0,13.5299999999998
13.53,3,2,8.44999980926514,0,13.5399999999998
13.54,3,2,8.46000003814697,0,13.5499999999998
13.55,3,2,8.47000026702881,0,13.5599999999998
13.56,3,2,8.47999954223633,0,13.5699999999998
13.57,3,2,8.48999977111816,0,13.5799999999998
13.58,3,2,8.5,0,13.5899999999998
13.59,3,2,8.51000022888184,0,13.5999999999998
13.6,3,2,8.52000045776367,0,13.6099999999998
13.61,3,2,8.52999973297119,0,13.6199999999998
13.62,3,2,8.53999996185303,0,13.6299999999998
13.63,3,2,8.55000019073486,0,13.6399999999998
13.64,3,2,8.5600004196167,0,13.6499999999998
13.65,3,2,8.56999969482422,0,13.6599999999998
13.66,3,2,8.57999992370605,0,13.6699999999998
13.67,3,2,8.59000015258789,0,13.6799999999998
13.68,3,2,8.60000038146973,0,13.6899999999998
13.69,3,2,8.60999965667725,0,13.6999999999998
13.7,3,2,8.61999988555908,0,13.7099999999998
13.71,3,2,8.63000011444092,0,13.7199999999998
13.72,3,2,8.64000034332275,0,13.7299999999998
13.73,3,2,8.64999961853027,0,13.7399999999998
13.74,3,2,8.65999984741211,0,13.7499999999998
13.75,3,2,8.67000007629395,0,13.7599999999998
13.76,3,2,8.68000030517578,0,13.7699999999998
13.77,3,2,8.6899995803833,0,13.7799999999998
13.78,3,2,8.69999980926514,0,13.7899999999998
13.79,3,2,8.71000003814697,0,13.7999999999998
13.8,3,2,8.72000026702881,0,13.8099999999998
13.81,3,2,8.72999954223633,0,13.8199999999997
13.82,3,2,8.73999977111816,0,13.8299999999997
13.83,3,2,8.75,0,13.8399999999997
13.84,3,2,8.76000022888184,0,13.8499999999997
13.85,3,2,8.77000045776367,0,13.8599999999997
13.86,3,2,8.77999973297119,0,13.8699999999997
13.87,3,2,8.78999996185303,0,13.8799999999997
13.88,3,2,8.80000019073486,0,13.8899999999997
13.89,3,2,8.8100004196167,0,13.8999999999997
13.9,3,2,8.81999969482422,0,13.9099999999997
13.91,3,2,8.82999992370605,0,13.9199999999997
13.92,3,2,8.84000015258789,0,13.9299999999997
13.93,3,2,8.85000038146973,0,13.9399999999997
13.94,3,2,8.85999965667725,0,13.9499999999997
13.95,3,2,8.86999988555908,0,13.9599999999997
13.96,3,2,8.88000011444092,0,13.9699999999997
13.97,3,2,8.89000034332275,0,13.9799999999997
13.98,3,2,8.89999961853027,0,13.9899999999997
13.99,3,2,8.90999984741211,0,13.9999999999997
14,3,2,8.92000007629395,0,14.0099999999997
14.01,3,2,8.93000030517578,0,14.0199999999997
14.02,3,2,8.9399995803833,0,14.0299999999997
14.03,3,2,8.94999980926514,0,14.0399999999997
14.04,3,2,8.96000003814697,0,14.0499999999997
14.05,3,2,8.97000026702881,0,14.0599999999997
14.06,3,2,8.97999954223633,0,14.0699999999997
14.07,3,2,8.98999977111816,0,14.0799999999997
14.08,3,2,9,0,14.0899999999997
14.09,3,2,9.01000022888184,0,14.0999999999997
14.1,3,2,9.02000045776367,0,14.1099999999997
14.11,3,2,9.02999973297119,0,14.1199999999997
14.12,3,2,9.03999996185303,0,14.1299999999997
14.13,3,2,9.05000019073486,0,14.1399999999997
14.14,3,2,9.0600004196167,0,14.1499999999997
14.15,3,2,9.06999969482422,0,14.1599999999997
14.16,3,2,9.07999992370605,0,14.1699999999997
14.17,3,2,9.09000015258789,0,14.1799999999997
14.18,3,2,9.10000038146973,0,14.1899999999997
14.19,3,2,9.10999965667725,0,14.1999999999997
14.2,3,2,9.11999988555908,0,14.2099999999997
14.21,3,2,9.13000011444092,0,14.2199999999997
14.22,3,2,9.14000034332275,0,14.2299999999997
14.23,3,2,9.14999961853027,0,14.2399999999997
14.24,3,2,9.15999984741211,0,14.2499999999997
14.25,3,2,9.17000007629395,0,14.2599999999997
14.26,3,2,9.18000030517578,0,14.2699999999997
14.27,3,2,9.1899995803833,0,14.2799999999997
14.28,3,2,9.19999980926514,0,14.2899999999997
14.29,3,2,9.21000003814697,0,14.2999999999997
14.3,3,2,9.22000026702881,0,14.3099999999997
14.31,3,2,9.22999954223633,0,14.3199999999997
14.32,3,2,9.23999977111816,0,14.3299999999997
14.33,3,2,9.25,0,14.3399999999997
14.34,3,2,9.26000022888184,0,14.3499999999997
14.35,3,2,9.27000045776367,0,14.3599999999997
14.36,3,2,9.27999973297119,0,14.3699999999997
14.37,3,2,9.28999996185303,0,14.3799999999997
14.38,3,2,9.30000019073486,0,14.3899999999997
14.39,3,2,9.3100004196167,0,14.3999999999997
14.4,3,2,9.31999969482422,0,14.4099999999997
14.41,3,2,9.32999992370605,0,14.4199999999997
14.42,3,2,9.34000015258789,0,14.4299999999997
14.43,3,2,9.35000038146973,0,14.4399999999997
14.44,3,2,9.35999965667725,0,14.4499999999997
14.45,3,2,9.36999988555908,0,14.4599999999997
14.46,3,2,9.38000011444092,0,14.4699999999997
14.47,3,2,9.39000034332275,0,14.4799999999997
14.48,3,2,9.39999961853027,0,14.4899999999997
14.49,3,2,9.40999984741211,0,14.4999999999997
14.5,3,2,9.42000007629395,0,14.5099999999997
14.51,3,2,9.43000030517578,0,14.5199999999997
14.52,3,2,9.4399995803833,0,14.5299999999997
14.53,3,2,9.44999980926514,0,14.5399999999997
14.54,3,2,9.46000003814697,0,14.5499999999997
14.55,3,2,9.47000026702881,0,14.5599999999997
14.56,3,2,9.47999954223633,0,14.5699999999997
14.57,3,2,9.48999977111816,0,14.5799999999997
14.58,3,2,9.5,0,14.5899999999997
14.59,3,2,9.51000022888184,0,14.5999999999997
14.6,3,2,9.52000045776367,0,14.6099999999997
14.61,3,2,9.52999973297119,0,14.6199999999997
14.62,3,2,9.53999996185303,0,14.6299999999997
14.63,3,2,9.55000019073486,0,14.6399999999997
14.64,3,2,9.5600004196167,0,14.6499999999997
14.65,3,2,9.56999969482422,0,14.6599999999997
14.66,3,2,9.57999992370605,0,14.6699999999997
14.67,3,2,9.59000015258789,0,14.6799999999997
14.68,3,2,9.60000038146973,0,14.6899999999997
14.69,3,2,9.60999965667725,0,14.6999999999997
14.7,3,2,9.61999988555908,0,14.7099999999997
14.71,3,2,9.63000011444092,0,14.7199999999997
14.72,3,2,9.64000034332275,0,14.7299999999997
14.73,3,2,9.64999961853027,0,14.7399999999997
14.74,3,2,9.65999984741211,0,14.7499999999997
14.75,3,2,9.67000007629395,0,14.7599999999997
14.76,3,2,9.68000030517578,0,14.7699999999997
14.77,3,2,9.6899995803833,0,14.7799999999997
14.78,3,2,9.69999980926514,0,14.7899999999997
14.79,3,2,9.71000003814697,0,14.7999999999997
14.8,3,2,9.72000026702881,0,14.8099999999997
14.81,3,2,9.72999954223633,0,14.8199999999997
14.82,3,2,9.73999977111816,0,14.8299999999997
14.83,3,2,9.75,0,14.8399999999997
14.84,3,2,9.76000022888184,0,14.8499999999997
14.85,3,2,9.77000045776367,0,14.8599999999997
14.86,3,2,9.77999973297119,0,14.8699999999997
14.87,3,2,9.78999996185303,0,14.8799999999997
14.88,3,2,9.80000019073486,0,14.8899999999997
14.89,3,2,9.8100004196167,0,14.8999999999997
14.9,3,2,9.81999969482422,0,14.9099999999997
14.91,3,2,9.82999992370605,0,14.9199999999997
14.92,3,2,9.84000015258789,0,14.9299999999997
14.93,3,2,9.85000038146973,0,14.9399999999997
14.94,3,2,9.85999965667725,0,14.9499999999997
14.95,3,2,9.86999988555908,0,14.9599999999997
14.96,3,2,9.88000011444092,0,14.9699999999997
14.97,3,2,9.89000034332275,0,14.9799999999997
14.98,3,2,9.89999961853027,0,14.9899999999997
14.99,3,2,9.90999984741211,0,14.9999999999997
15,3,2,9.92000007629395,0,15.0099999999997
15.01,3,2,9.93000030517578,0,15.0199999999997
15.02,3,2,9.9399995803833,0,15.0299999999997
15.03,3,2,9.94999980926514,0,15.0399999999997
15.04,3,2,9.96000003814697,0,15.0499999999997
15.05,3,2,9.97000026702881,0,15.0599999999997
15.06,3,2,9.97999954223633,0,15.0699999999997
15.07,3,2,9.98999977111816,0,15.0799999999997
15.08,3,2,10,0,15.0899999999997
15.09,3,2,10.0100002288818,0,15.0999999999997
15.1,3,2,10.0200004577637,0,15.1099999999997
15.11,3,2,10.0299997329712,0,15.1199999999997
15.12,3,2,10.039999961853,0,15.1299999999997
15.13,3,2,10.0500001907349,0,15.1399999999997
15.14,3,2,10.0600004196167,0,15.1499999999997
15.15,3,2,10.0699996948242,0,15.1599999999997
15.16,3,2,10.0799999237061,0,15.1699999999997
15.17,3,2,10.0900001525879,0,15.1799999999997
15.18,3,2,10.1000003814697,0,15.1899999999997
15.19,3,2,10.1099996566772,0,15.1999999999997
15.2,3,2,10.1199998855591,0,15.2099999999997
15.21,3,2,10.1300001144409,0,15.2199999999997
15.22,3,2,10.1400003433228,0,15.2299999999997
15.23,3,2,10.1499996185303,0,15.2399999999997
15.24,3,2,10.1599998474121,0,15.2499999999997
15.25,3,2,10.1700000762939,0,15.2599999999997
15.26,3,2,10.1800003051758,0,15.2699999999997
15.27,3,2,10.1899995803833,0,15.2799999999997
15.28,3,2,10.1999998092651,0,15.2899999999997
15.29,3,2,10.210000038147,0,15.2999999999997
15.3,3,2,10.2200002670288,0,15.3099999999997
15.31,3,2,10.2299995422363,0,15.3199999999997
15.32,3,2,10.2399997711182,0,15.3299999999997
15.33,3,2,10.25,0,15.3399999999997
15.34,3,2,10.2600002288818,0,15.3499999999997
15.35,3,2,10.2700004577637,0,15.3599999999997
15.36,3,2,10.2799997329712,0,15.3699999999997
15.37,3,2,10.289999961853,0,15.3799999999997
15.38,3,2,10.3000001907349,0,15.3899999999997
15.39,3,2,10.3100004196167,0,15.3999999999997
15.4,3,2,10.3199996948242,0,15.4099999999997
15.41,3,2,10.3299999237061,0,15.4199999999997
15.42,3,2,10.3400001525879,0,15.4299999999997
15.43,3,2,10.3500003814697,0,15.4399999999997
15.44,3,2,10.3599996566772,0,15.4499999999997
15.45,3,2,10.3699998855591,0,15.4599999999997
15.46,3,2,10.3800001144409,0,15.4699999999997
15.47,3,2,10.3900003433228,0,15.4799999999997
15.48,3,2,10.3999996185303,0,15.4899999999997
15.49,3,2,10.4099998474121,0,15.4999999999997
15.5,3,2,10.4200000762939,0,15.5099999999997
15.51,3,2,10.4300003051758,0,15.5199999999997
15.52,3,2,10.4399995803833,0,15.5299999999997
15.53,3,2,10.4499998092651,0,15.5399999999997
15.54,3,2,10.460000038147,0,15.5499999999997
15.55,3,2,10.4700002670288,0,15.5599999999997
15.56,3,2,10.4799995422363,0,15.5699999999997
15.57,3,2,10.4899997711182,0,15.5799999999997
15.58,3,2,10.5,0,15.5899999999997
15.59,3,2,10.5100002288818,0,15.5999999999997
15.6,3,2,10.5200004577637,0,15.6099999999997
15.61,3,2,10.5299997329712,0,15.6199999999997
15.62,3,2,10.539999961853,0,15.6299999999997
15.63,3,2,10.5500001907349,0,15.6399999999997
15.64,3,2,10.5600004196167,0,15.6499999999997
15.65,3,2,10.5699996948242,0,15.6599999999997
15.66,3,2,10.5799999237061,0,15.6699999999997
15.67,3,2,10.5900001525879,0,15.6799999999997
15.68,3,2,10.6000003814697,0,15.6899999999997
15.69,3,2,10.6099996566772,0,15.6999999999997
15.7,3,2,10.6199998855591,0,15.7099999999997
15.71,3,2,10.6300001144409,0,15.7199999999997
15.72,3,2,10.6400003433228,0,15.7299999999997
15.73,3,2,10.6499996185303,0,15.7399999999997
15.74,3,2,10.6599998474121,0,15.7499999999997
15.75,3,2,10.6700000762939,0,15.7599999999997
15.76,3,2,10.6800003051758,0,15.7699999999997
15.77,3,2,10.6899995803833,0,15.7799999999997
15.78,3,2,10.6999998092651,0,15.7899999999997
15.79,3,2,10.710000038147,0,15.7999999999997
15.8,3,2,10.7200002670288,0,15.8099999999997
15.81,3,2,10.7299995422363,0,15.8199999999997
15.82,3,2,10.7399997711182,0,15.8299999999997
15.83,3,2,10.75,0,15.8399999999997
15.84,3,2,10.7600002288818,0,15.8499999999997
15.85,3,2,10.7700004577637,0,15.8599999999997
15.86,3,2,10.7799997329712,0,15.8699999999997
15.87,3,2,10.789999961853,0,15.8799999999997
15.88,3,2,10.8000001907349,0,15.8899999999997
15.89,3,2,10.8100004196167,0,15.8999999999997
15.9,3,2,10.8199996948242,0,15.9099999999997
15.91,3,2,10.8299999237061,0,15.9199999999997
15.92,3,2,10.8400001525879,0,15.9299999999997
15.93,3,2,10.8500003814697,0,15.9399999999997
15.94,3,2,10.8599996566772,0,15.9499999999997
15.95,3,2,10.8699998855591,0,15.9599999999997
15.96,3,2,10.8800001144409,0,15.9699999999997
15.97,3,2,10.8900003433228,0,15.9799999999997
15.98,3,2,10.8999996185303,0,15.9899999999997
15.99,3,2,10.9099998474121,0,15.9999999999997
16,3,2,10.9200000762939,0,16.0099999999997
16.01,3,2,10.9300003051758,0,16.0199999999997
16.02,3,2,10.9399995803833,0,16.0299999999997
16.03,3,2,10.9499998092651,0,16.0399999999997
16.04,3,2,10.960000038147,0,16.0499999999997
16.05,3,2,10.9700002670288,0,16.0599999999997
16.06,3,2,10.9799995422363,0,16.0699999999997
16.07,3,2,10.9899997711182,0,16.0799999999997
16.08,3,2,11,0,16.0899999999997
16.09,3,2,11.0100002288818,0,16.0999999999997
16.1,3,2,11.0200004577637,0,16.1099999999997
16.11,3,2,11.0299997329712,0,16.1199999999997
16.12,3,2,11.039999961853,0,16.1299999999997
16.13,3,2,11.0500001907349,0,16.1399999999997
16.14,3,2,11.0600004196167,0,16.1499999999997
16.15,3,2,11.0699996948242,0,16.1599999999997
16.16,3,2,11.0799999237061,0,16.1699999999997
16.17,3,2,11.0900001525879,0,16.1799999999997
16.18,3,2,11.1000003814697,0,16.1899999999997
16.19,3,2,11.1099996566772,0,16.1999999999997
16.2,3,2,11.1199998855591,0,16.2099999999997
16.21,3,2,11.1300001144409,0,16.2199999999997
16.22,3,2,11.1400003433228,0,16.2299999999997
16.23,3,2,11.1499996185303,0,16.2399999999997
16.24,3,2,11.1599998474121,0,16.2499999999997
16.25,3,2,11.1700000762939,0,16.2599999999997
16.26,3,2,11.1800003051758,0,16.2699999999997
16.27,3,2,11.1899995803833,0,16.2799999999997
16.28,3,2,11.1999998092651,0,16.2899999999997
16.29,3,2,11.210000038147,0,16.2999999999997
16.3,3,2,11.2200002670288,0,16.3099999999998
16.31,3,2,11.2299995422363,0,16.3199999999998
16.32,3,2,11.2399997711182,0,16.3299999999998
16.33,3,2,11.25,0,16.3399999999998
16.34,3,2,11.2600002288818,0,16.3499999999998
16.35,3,2,11.2700004577637,0,16.3599999999998
16.36,3,2,11.2799997329712,0,16.3699999999998
16.37,3,2,11.289999961853,0,16.3799999999998
16.38,3,2,11.3000001907349,0,16.3899999999998
16.39,3,2,11.3100004196167,0,16.3999999999998
16.4,3,2,11.3199996948242,0,16.4099999999998
16.41,3,2,11.3299999237061,0,16.4199999999998
16.42,3,2,11.3400001525879,0,16.4299999999998
16.43,3,2,11.3500003814697,0,16.4399999999998
16.44,3,2,11.3599996566772,0,16.4499999999998
16.45,3,2,11.3699998855591,0,16.4599999999998
16.46,3,2,11.3800001144409,0,16.4699999999998
16.47,3,2,11.3900003433228,0,16.4799999999998
16.48,3,2,11.3999996185303,0,16.4899999999998
16.49,3,2,11.4099998474121,0,16.4999999999998
16.5,3,2,11.4200000762939,0,16.5099999999998
16.51,3,2,11.4300003051758,0,16.5199999999998
16.52,3,2,11.4399995803833,0,16.5299999999998
16.53,3,2,11.4499998092651,0,16.5399999999998
16.54,3,2,11.460000038147,0,16.5499999999998
16.55,3,2,11.4700002670288,0,16.5599999999998
16.56,3,2,11.4799995422363,0,16.5699999999998
16.57,3,2,11.4899997711182,0,16.5799999999998
16.58,3,2,11.5,0,16.5899999999998
16.59,3,2,11.5100002288818,0,16.5999999999998
16.6,3,2,11.5200004577637,0,16.6099999999998
16.61,3,2,11.5299997329712,0,16.6199999999998
16.62,3,2,11.539999961853,0,16.6299999999998
16.63,3,2,11.5500001907349,0,16.6399999999998
16.64,3,2,11.5600004196167,0,16.6499999999998
16.65,3,2,11.5699996948242,0,16.6599999999998
16.66,3,2,11.5799999237061,0,16.6699999999998
16.67,3,2,11.5900001525879,0,16.6799999999998
16.68,3,2,11.6000003814697,0,16.6899999999998
16.69,3,2,11.6099996566772,0,16.6999999999998
16.7,3,2,11.6199998855591,0,16.7099999999998
16.71,3,2,11.6300001144409,0,16.7199999999998
16.72,3,2,11.6400003433228,0,16.7299999999998
16.73,3,2,11.6499996185303,0,16.7399999999998
16.74,3,2,11.6599998474121,0,16.7499999999998
16.75,3,2,11.6700000762939,0,16.7599999999998
16.76,3,2,11.6800003051758,0,16.7699999999998
16.77,3,2,11.6899995803833,0,16.7799999999998
16.78,3,2,11.6999998092651,0,16.7899999999998
16.79,3,2,11.710000038147,0,16.7999999999998
16.8,3,2,11.7200002670288,0,16.8099999999998
16.81,3,2,11.7299995422363,0,16.8199999999998
16.82,3,2,11.7399997711182,0,16.8299999999998
16.83,3,2,11.75,0,16.8399999999998
16.84,3,2,11.7600002288818,0,16.8499999999998
16.85,3,2,11.7700004577637,0,16.8599999999998
16.86,3,2,11.7799997329712,0,16.8699999999998
16.87,3,2,11.789999961853,0,16.8799999999998
16.88,3,2,11.8000001907349,0,16.8899999999998
16.89,3,2,11.8100004196167,0,16.8999999999998
16.9,3,2,11.8199996948242,0,16.9099999999998
16.91,3,2,11.8299999237061,0,16.9199999999998
16.92,3,2,11.8400001525879,0,16.9299999999998
16.93,3,2,11.8500003814697,0,16.9399999999998
16.94,3,2,11.8599996566772,0,16.9499999999999
16.95,3,2,11.8699998855591,0,16.9599999999999
16.96,3,2,11.8800001144409,0,16.9699999999999
16.97,3,2,11.8900003433228,0,16.9799999999999
16.98,3,2,11.8999996185303,0,16.9899999999999
16.99,3,2,11.9099998474121,0,16.9999999999999
17,3,2,11.9200000762939,0,17.0099999999999
17.01,3,2,11.9300003051758,0,17.0199999999999
17.02,3,2,11.9399995803833,0,17.0299999999999
17.03,3,2,11.9499998092651,0,17.0399999999999
17.04,3,2,11.960000038147,0,17.0499999999999
17.05,3,2,11.9700002670288,0,17.0599999999999
17.06,3,2,11.9799995422363,0,17.0699999999999
17.07,3,2,11.9899997711182,0,17.0799999999999
17.08,3,2,12,0,17.0899999999999
17.09,3,2,12.0100002288818,0,17.0999999999999
17.1,3,2,12.0200004577637,0,17.1099999999999
17.11,3,2,12.0299997329712,0,17.1199999999999
17.12,3,2,12.039999961853,0,17.1299999999999
17.13,3,2,12.0500001907349,0,17.1399999999999
17.14,3,2,12.0600004196167,0,17.1499999999999
17.15,3,2,12.0699996948242,0,17.1599999999999
17.16,3,2,12.0799999237061,0,17.1699999999999
17.17,3,2,12.0900001525879,0,17.1799999999999
17.18,3,2,12.1000003814697,0,17.1899999999999
17.19,3,2,12.1099996566772,0,17.1999999999999
17.2,3,2,12.1199998855591,0,17.2099999999999
17.21,3,2,12.1300001144409,0,17.2199999999999
17.22,3,2,12.1400003433228,0,17.2299999999999
17.23,3,2,12.1499996185303,0,17.2399999999999
17.24,3,2,12.1599998474121,0,17.2499999999999
17.25,3,2,12.1700000762939,0,17.2599999999999
17.26,3,2,12.1800003051758,0,17.2699999999999
17.27,3,2,12.1899995803833,0,17.2799999999999
17.28,3,2,12.1999998092651,0,17.2899999999999
17.29,3,2,12.210000038147,0,17.2999999999999
17.3,3,2,12.2200002670288,0,17.3099999999999
17.31,3,2,12.2299995422363,0,17.3199999999999
17.32,3,2,12.2399997711182,0,17.3299999999999
17.33,3,2,12.25,0,17.3399999999999
17.34,3,2,12.2600002288818,0,17.3499999999999
17.35,3,2,12.2700004577637,0,17.3599999999999
17.36,3,2,12.2799997329712,0,17.3699999999999
17.37,3,2,12.289999961853,0,17.3799999999999
17.38,3,2,12.3000001907349,0,17.3899999999999
17.39,3,2,12.3100004196167,0,17.3999999999999
17.4,3,2,12.3199996948242,0,17.4099999999999
17.41,3,2,12.3299999237061,0,17.4199999999999
17.42,3,2,12.3400001525879,0,17.4299999999999
17.43,3,2,12.3500003814697,0,17.4399999999999
17.44,3,2,12.3599996566772,0,17.4499999999999
17.45,3,2,12.3699998855591,0,17.4599999999999
17.46,3,2,12.3800001144409,0,17.4699999999999
17.47,3,2,12.3900003433228,0,17.4799999999999
17.48,3,2,12.3999996185303,0,17.4899999999999
17.49,3,2,12.4099998474121,0,17.4999999999999
17.5,3,2,12.4200000762939,0,17.5099999999999
17.51,3,2,12.4300003051758,0,17.5199999999999
17.52,3,2,12.4399995803833,0,17.5299999999999
17.53,3,2,12.4499998092651,0,17.5399999999999
17.54,3,2,12.460000038147,0,17.5499999999999
17.55,3,2,12.4700002670288,0,17.5599999999999
17.56,3,2,12.4799995422363,0,17.5699999999999
17.57,3,2,12.4899997711182,0,17.5799999999999
17.58,3,2,12.5,0,17.59
17.59,3,2,12.5100002288818,0,17.6
17.6,3,2,12.5200004577637,0,17.61
17.61,3,2,12.5299997329712,0,17.62
17.62,3,2,12.539999961853,0,17.63
17.63,3,2,12.5500001907349,0,17.64
17.64,3,2,12.5600004196167,0,17.65
17.65,3,2,12.5699996948242,0,17.66
17.66,3,2,12.5799999237061,0,17.67
17.67,3,2,12.5900001525879,0,17.68
17.68,3,2,12.6000003814697,0,17.69
17.69,3,2,12.6099996566772,0,17.7
17.7,3,2,12.6199998855591,0,17.71
17.71,3,2,12.6300001144409,0,17.72
17.72,3,2,12.6400003433228,0,17.73
17.73,3,2,12.6499996185303,0,17.74
17.74,3,2,12.6599998474121,0,17.75
17.75,3,2,12.6700000762939,0,17.76
17.76,3,2,12.6800003051758,0,17.77
17.77,3,2,12.6899995803833,0,17.78
17.78,3,2,12.6999998092651,0,17.79
17.79,3,2,12.710000038147,0,17.8
17.8,3,2,12.7200002670288,0,17.81
17.81,3,2,12.7299995422363,0,17.82
17.82,3,2,12.7399997711182,0,17.83
17.83,3,2,12.75,0,17.84
17.84,3,2,12.7600002288818,0,17.85
17.85,3,2,12.7700004577637,0,17.86
17.86,3,2,12.7799997329712,0,17.87
17.87,3,2,12.789999961853,0,17.88
17.88,3,2,12.8000001907349,0,17.89
17.89,3,2,12.8100004196167,0,17.9
17.9,3,2,12.8199996948242,0,17.91
17.91,3,2,12.8299999237061,0,17.92
17.92,3,2,12.8400001525879,0,17.93
17.93,3,2,12.8500003814697,0,17.94
17.94,3,2,12.8599996566772,0,17.95
17.95,3,2,12.8699998855591,0,17.96
17.96,3,2,12.8800001144409,0,17.97
17.97,3,2,12.8900003433228,0,17.98
17.98,3,2,12.8999996185303,0,17.99
17.99,3,2,12.9099998474121,0,18
18,3,2,12.9200000762939,0,18.01
18.01,3,2,12.9300003051758,0,18.02
18.02,3,2,12.9399995803833,0,18.03
18.03,3,2,12.9499998092651,0,18.04
18.04,3,2,12.960000038147,0,18.05
18.05,3,2,12.9700002670288,0,18.06
18.06,3,2,12.9799995422363,0,18.07
18.07,3,2,12.9899997711182,0,18.08
18.08,3,2,13,0,18.09
18.09,3,2,13.0100002288818,0,18.1
18.1,3,2,13.0200004577637,0,18.11
18.11,3,2,13.0299997329712,0,18.12
18.12,3,2,13.039999961853,0,18.13
18.13,3,2,13.0500001907349,0,18.14
18.14,3,2,13.0600004196167,0,18.15
18.15,3,2,13.0699996948242,0,18.16
18.16,3,2,13.0799999237061,0,18.17
18.17,3,2,13.0900001525879,0,18.18
18.18,3,2,13.1000003814697,0,18.19
18.19,3,2,13.1099996566772,0,18.2
18.2,3,2,13.1199998855591,0,18.21
18.21,3,2,13.1300001144409,0,18.22
18.22,3,2,13.1400003433228,0,18.2300000000001
18.23,3,2,13.1499996185303,0,18.2400000000001
18.24,3,2,13.1599998474121,0,18.2500000000001
18.25,3,2,13.1700000762939,0,18.2600000000001
18.26,3,2,13.1800003051758,0,18.2700000000001
18.27,3,2,13.1899995803833,0,18.2800000000001
18.28,3,2,13.1999998092651,0,18.2900000000001
18.29,3,2,13.210000038147,0,18.3000000000001
18.3,3,2,13.2200002670288,0,18.3100000000001
18.31,3,2,13.2299995422363,0,18.3200000000001
18.32,3,2,13.2399997711182,0,18.3300000000001
18.33,3,2,13.25,0,18.3400000000001
18.34,3,2,13.2600002288818,0,18.3500000000001
18.35,3,2,13.2700004577637,0,18.3600000000001
18.36,3,2,13.2799997329712,0,18.3700000000001
18.37,3,2,13.289999961853,0,18.3800000000001
18.38,3,2,13.3000001907349,0,18.3900000000001
18.39,3,2,13.3100004196167,0,18.4000000000001
18.4,3,2,13.3199996948242,0,18.4100000000001
18.41,3,2,13.3299999237061,0,18.4200000000001
18.42,3,2,13.3400001525879,0,18.4300000000001
18.43,3,2,13.3500003814697,0,18.4400000000001
18.44,3,2,13.3599996566772,0,18.4500000000001
18.45,3,2,13.3699998855591,0,18.4600000000001
18.46,3,2,13.3800001144409,0,18.4700000000001
18.47,3,2,13.3900003433228,0,18.4800000000001
18.48,3,2,13.3999996185303,0,18.4900000000001
18.49,3,2,13.4099998474121,0,18.5000000000001
18.5,3,2,13.4200000762939,0,18.5100000000001
18.51,3,2,13.4300003051758,0,18.5200000000001
18.52,3,2,13.4399995803833,0,18.5300000000001
18.53,3,2,13.4499998092651,0,18.5400000000001
18.54,3,2,13.460000038147,0,18.5500000000001
18.55,3,2,13.4700002670288,0,18.5600000000001
18.56,3,2,13.4799995422363,0,18.5700000000001
18.57,3,2,13.4899997711182,0,18.5800000000001
18.58,3,2,13.5,0,18.5900000000001
18.59,3,2,13.5100002288818,0,18.6000000000001
18.6,3,2,13.5200004577637,0,18.6100000000001
18.61,3,2,13.5299997329712,0,18.6200000000001
18.62,3,2,13.539999961853,0,18.6300000000001
18.63,3,2,13.5500001907349,0,18.6400000000001
18.64,3,2,13.5600004196167,0,18.6500000000001
18.65,3,2,13.5699996948242,0,18.6600000000001
18.66,3,2,13.5799999237061,0,18.6700000000001
18.67,3,2,13.5900001525879,0,18.6800000000001
18.68,3,2,13.6000003814697,0,18.6900000000001
18.69,3,2,13.6099996566772,0,18.7000000000001
18.7,3,2,13.6199998855591,0,18.7100000000001
18.71,3,2,13.6300001144409,0,18.7200000000001
18.72,3,2,13.6400003433228,0,18.7300000000001
18.73,3,2,13.6499996185303,0,18.7400000000001
18.74,3,2,13.6599998474121,0,18.7500000000001
18.75,3,2,13.6700000762939,0,18.7600000000001
18.76,3,2,13.6800003051758,0,18.7700000000001
18.77,3,2,13.6899995803833,0,18.7800000000001
18.78,3,2,13.6999998092651,0,18.7900000000001
18.79,3,2,13.710000038147,0,18.8000000000001
18.8,3,2,13.7200002670288,0,18.8100000000001
18.81,3,2,13.7299995422363,0,18.8200000000001
18.82,3,2,13.7399997711182,0,18.8300000000001
18.83,3,2,13.75,0,18.8400000000001
18.84,3,2,13.7600002288818,0,18.8500000000001
18.85,3,2,13.7700004577637,0,18.8600000000001
18.86,3,2,13.7799997329712,0,18.8700000000002
18.87,3,2,13.789999961853,0,18.8800000000002
18.88,3,2,13.8000001907349,0,18.8900000000002
18.89,3,2,13.8100004196167,0,18.9000000000002
18.9,3,2,13.8199996948242,0,18.9100000000002
18.91,3,2,13.8299999237061,0,18.9200000000002
18.92,3,2,13.8400001525879,0,18.9300000000002
18.93,3,2,13.8500003814697,0,18.9400000000002
18.94,3,2,13.8599996566772,0,18.9500000000002
18.95,3,2,13.8699998855591,0,18.9600000000002
18.96,3,2,13.8800001144409,0,18.9700000000002
18.97,3,2,13.8900003433228,0,18.9800000000002
18.98,3,2,13.8999996185303,0,18.9900000000002
18.99,3,2,13.9099998474121,0,19.0000000000002
19,3,2,13.9200000762939,0,19.0100000000002
19.01,3,2,13.9300003051758,0,19.0200000000002
19.02,3,2,13.9399995803833,0,19.0300000000002
19.03,3,2,13.9499998092651,0,19.0400000000002
19.04,3,2,13.960000038147,0,19.0500000000002
19.05,3,2,13.9700002670288,0,19.0600000000002
19.06,3,2,13.9799995422363,0,19.0700000000002
19.07,3,2,13.9899997711182,0,19.0800000000002
19.08,3,2,14,0,19.0900000000002
19.09,3,2,14.0100002288818,0,19.1000000000002
19.1,3,2,14.0200004577637,0,19.1100000000002
19.11,3,2,14.0299997329712,0,19.1200000000002
19.12,3,2,14.039999961853,0,19.1300000000002
19.13,3,2,14.0500001907349,0,19.1400000000002
19.14,3,2,14.0600004196167,0,19.1500000000002
19.15,3,2,14.0699996948242,0,19.1600000000002
19.16,3,2,14.0799999237061,0,19.1700000000002
19.17,3,2,14.0900001525879,0,19.1800000000002
19.18,3,2,14.1000003814697,0,19.1900000000002
19.19,3,2,14.1099996566772,0,19.2000000000002
19.2,3,2,14.1199998855591,0,19.2100000000002
19.21,3,2,14.1300001144409,0,19.2200000000002
19.22,3,2,14.1400003433228,0,19.2300000000002
19.23,3,2,14.1499996185303,0,19.2400000000002
19.24,3,2,14.1599998474121,0,19.2500000000002
19.25,3,2,14.1700000762939,0,19.2600000000002
19.26,3,2,14.1800003051758,0,19.2700000000002
19.27,3,2,14.1899995803833,0,19.2800000000002
19.28,3,2,14.1999998092651,0,19.2900000000002
19.29,3,2,14.210000038147,0,19.3000000000002
19.3,3,2,14.2200002670288,0,19.3100000000002
19.31,3,2,14.2299995422363,0,19.3200000000002
19.32,3,2,14.2399997711182,0,19.3300000000002
19.33,3,2,14.25,0,19.3400000000002
19.34,3,2,14.2600002288818,0,19.3500000000002
19.35,3,2,14.2700004577637,0,19.3600000000002
19.36,3,2,14.2799997329712,0,19.3700000000002
19.37,3,2,14.289999961853,0,19.3800000000002
19.38,3,2,14.3000001907349,0,19.3900000000002
19.39,3,2,14.3100004196167,0,19.4000000000002
19.4,3,2,14.3199996948242,0,19.4100000000002
19.41,3,2,14.3299999237061,0,19.4200000000002
19.42,3,2,14.3400001525879,0,19.4300000000002
19.43,3,2,14.3500003814697,0,19.4400000000002
19.44,3,2,14.3599996566772,0,19.4500000000002
19.45,3,2,14.3699998855591,0,19.4600000000002
19.46,3,2,14.3800001144409,0,19.4700000000002
19.47,3,2,14.3900003433228,0,19.4800000000002
19.48,3,2,14.3999996185303,0,19.4900000000002
19.49,3,2,14.4099998474121,0,19.5000000000002
19.5,3,2,14.4200000762939,0,19.5100000000003
19.51,3,2,14.4300003051758,0,19.5200000000003
19.52,3,2,14.4399995803833,0,19.5300000000003
19.53,3,2,14.4499998092651,0,19.5400000000003
19.54,3,2,14.460000038147,0,19.5500000000003
19.55,3,2,14.4700002670288,0,19.5600000000003
19.56,3,2,14.4799995422363,0,19.5700000000003
19.57,3,2,14.4899997711182,0,19.5800000000003
19.58,3,2,14.5,0,19.5900000000003
19.59,3,2,14.5100002288818,0,19.6000000000003
19.6,3,2,14.5200004577637,0,19.6100000000003
19.61,3,2,14.5299997329712,0,19.6200000000003
19.62,3,2,14.539999961853,0,19.6300000000003
19.63,3,2,14.5500001907349,0,19.6400000000003
19.64,3,2,14.5600004196167,0,19.6500000000003
19.65,3,2,14.5699996948242,0,19.6600000000003
19.66,3,2,14.5799999237061,0,19.6700000000003
19.67,3,2,14.5900001525879,0,19.6800000000003
19.68,3,2,14.6000003814697,0,19.6900000000003
19.69,3,2,14.6099996566772,0,19.7000000000003
19.7,3,2,14.6199998855591,0,19.7100000000003
19.71,3,2,14.6300001144409,0,19.7200000000003
19.72,3,2,14.6400003433228,0,19.7300000000003
19.73,3,2,14.6499996185303,0,19.7400000000003
19.74,3,2,14.6599998474121,0,19.7500000000003
19.75,3,2,14.6700000762939,0,19.7600000000003
19.76,3,2,14.6800003051758,0,19.7700000000003
19.77,3,2,14.6899995803833,0,19.7800000000003
19.78,3,2,14.6999998092651,0,19.7900000000003
19.79,3,2,14.710000038147,0,19.8000000000003
19.8,3,2,14.7200002670288,0,19.8100000000003
19.81,3,2,14.7299995422363,0,19.8200000000003
19.82,3,2,14.7399997711182,0,19.8300000000003
19.83,3,2,14.75,0,19.8400000000003
19.84,3,2,14.7600002288818,0,19.8500000000003
19.85,3,2,14.7700004577637,0,19.8600000000003
19.86,3,2,14.7799997329712,0,19.8700000000003
19.87,3,2,14.789999961853,0,19.8800000000003
19.88,3,2,14.8000001907349,0,19.8900000000003
19.89,3,2,14.8100004196167,0,19.9000000000003
19.9,3,2,14.8199996948242,0,19.9100000000003
19.91,3,2,14.8299999237061,0,19.9200000000003
19.92,3,2,14.8400001525879,0,19.9300000000003
19.93,3,2,14.8500003814697,0,19.9400000000003
19.94,3,2,14.8599996566772,0,19.9500000000003
19.95,3,2,14.8699998855591,0,19.9600000000003
19.96,3,2,14.8800001144409,0,19.9700000000003
19.97,3,2,14.8900003433228,0,19.9800000000003
19.98,3,2,14.8999996185303,0,19.9900000000003
19.99,3,2,14.9099998474121,0,20.0000000000003
20,3,2,14.9200000762939,0,20.0100000000003
20.01,3,2,14.9300003051758,0,20.0200000000003
20.02,3,2,14.9399995803833,0,20.0300000000003
20.03,3,2,14.9499998092651,0,20.0400000000003
20.04,3,2,14.960000038147,0,20.0500000000003
20.05,3,2,14.9700002670288,0,20.0600000000003
20.06,3,2,14.9799995422363,0,20.0700000000003
20.07,3,2,14.9899997711182,0,20.0800000000003
20.08,3,2,15,0,20.0900000000003
20.09,3,2,15.0100002288818,0,20.1000000000003
20.1,3,2,15.0200004577637,0,20.1100000000003
20.11,3,2,15.0299997329712,0,20.1200000000003
20.12,3,2,15.039999961853,0,20.1300000000003
20.13,3,2,15.0500001907349,0,20.1400000000003
20.14,3,2,15.0600004196167,0,20.1500000000004
20.15,3,2,15.0699996948242,0,20.1600000000004
20.16,3,2,15.0799999237061,0,20.1700000000004
20.17,3,2,15.0900001525879,0,20.1800000000004
20.18,3,2,15.1000003814697,0,20.1900000000004
20.19,3,2,15.1099996566772,0,20.2000000000004
20.2,3,2,15.1199998855591,0,20.2100000000004
20.21,3,2,15.1300001144409,0,20.2200000000004
20.22,3,2,15.1400003433228,0,20.2300000000004
20.23,3,2,15.1499996185303,0,20.2400000000004
20.24,3,2,15.1599998474121,0,20.2500000000004
20.25,3,2,15.1700000762939,0,20.2600000000004
20.26,3,2,15.1800003051758,0,20.2700000000004
20.27,3,2,15.1899995803833,0,20.2800000000004
20.28,3,2,15.1999998092651,0,20.2900000000004
20.29,3,2,15.210000038147,0,20.3000000000004
20.3,3,2,15.2200002670288,0,20.3100000000004
20.31,3,2,15.2299995422363,0,20.3200000000004
20.32,3,2,15.2399997711182,0,20.3300000000004
20.33,3,2,15.25,0,20.3400000000004
20.34,3,2,15.2600002288818,0,20.3500000000004
20.35,3,2,15.2700004577637,0,20.3600000000004
20.36,3,2,15.2799997329712,0,20.3700000000004
20.37,3,2,15.289999961853,0,20.3800000000004
20.38,3,2,15.3000001907349,0,20.3900000000004
20.39,3,2,15.3100004196167,0,20.4000000000004
20.4,3,2,15.3199996948242,0,20.4100000000004
20.41,3,2,15.3299999237061,0,20.4200000000004
20.42,3,2,15.3400001525879,0,20.4300000000004
20.43,3,2,15.3500003814697,0,20.4400000000004
20.44,3,2,15.3599996566772,0,20.4500000000004
20.45,3,2,15.3699998855591,0,20.4600000000004
20.46,3,2,15.3800001144409,0,20.4700000000004
20.47,3,2,15.3900003433228,0,20.4800000000004
20.48,3,2,15.3999996185303,0,20.4900000000004
20.49,3,2,15.4099998474121,0,20.5000000000004
20.5,3,2,15.4200000762939,0,20.5100000000004
20.51,3,2,15.4300003051758,0,20.5200000000004
20.52,3,2,15.4399995803833,0,20.5300000000004
20.53,3,2,15.4499998092651,0,20.5400000000004
20.54,3,2,15.460000038147,0,20.5500000000004
20.55,3,2,15.4700002670288,0,20.5600000000004
20.56,3,2,15.4799995422363,0,20.5700000000004
20.57,3,2,15.4899997711182,0,20.5800000000004
20.58,3,2,15.5,0,20.5900000000004
20.59,3,2,15.5100002288818,0,20.6000000000004
20.6,3,2,15.5200004577637,0,20.6100000000004
20.61,3,2,15.5299997329712,0,20.6200000000004
20.62,3,2,15.539999961853,0,20.6300000000004
20.63,3,2,15.5500001907349,0,20.6400000000004
20.64,3,2,15.5600004196167,0,20.6500000000004
20.65,3,2,15.5699996948242,0,20.6600000000004
20.66,3,2,15.5799999237061,0,20.6700000000004
20.67,3,2,15.5900001525879,0,20.6800000000004
20.68,3,2,15.6000003814697,0,20.6900000000004
20.69,3,2,15.6099996566772,0,20.7000000000004
20.7,3,2,15.6199998855591,0,20.7100000000004
20.71,3,2,15.6300001144409,0,20.7200000000004
20.72,3,2,15.6400003433228,0,20.7300000000004
20.73,3,2,15.6499996185303,0,20.7400000000004
20.74,3,2,15.6599998474121,0,20.7500000000004
20.75,3,2,15.6700000762939,0,20.7600000000004
20.76,3,2,15.6800003051758,0,20.7700000000004
20.77,3,2,15.6899995803833,0,20.7800000000004
20.78,3,2,15.6999998092651,0,20.7900000000005
20.79,3,2,15.710000038147,0,20.8000000000005
20.8,3,2,15.7200002670288,0,20.8100000000005
20.81,3,2,15.7299995422363,0,20.8200000000005
20.82,3,2,15.7399997711182,0,20.8300000000005
20.83,3,2,15.75,0,20.8400000000005
20.84,3,2,15.7600002288818,0,20.8500000000005
20.85,3,2,15.7700004577637,0,20.8600000000005
20.86,3,2,15.7799997329712,0,20.8700000000005
20.87,3,2,15.789999961853,0,20.8800000000005
20.88,3,2,15.8000001907349,0,20.8900000000005
20.89,3,2,15.8100004196167,0,20.9000000000005
20.9,3,2,15.8199996948242,0,20.9100000000005
20.91,3,2,15.8299999237061,0,20.9200000000005
20.92,3,2,15.8400001525879,0,20.9300000000005
20.93,3,2,15.8500003814697,0,20.9400000000005
20.94,3,2,15.8599996566772,0,20.9500000000005
20.95,3,2,15.8699998855591,0,20.9600000000005
20.96,3,2,15.8800001144409,0,20.9700000000005
20.97,3,2,15.8900003433228,0,20.9800000000005
20.98,3,2,15.8999996185303,0,20.9900000000005
20.99,3,2,15.9099998474121,0,21.0000000000005
21,3,2,15.9200000762939,0,21.0100000000005
21.01,3,2,15.9300003051758,0,21.0200000000005
21.02,3,2,15.9399995803833,0,21.0300000000005
21.03,3,2,15.9499998092651,0,21.0400000000005
21.04,3,2,15.960000038147,0,21.0500000000005
21.05,3,2,15.9700002670288,0,21.0600000000005
21.06,3,2,15.9799995422363,0,21.0700000000005
21.07,3,2,15.9899997711182,0,21.0800000000005
21.08,3,2,16,0,21.0900000000005
21.09,3,2,16.0100002288818,0,21.1000000000005
21.1,3,2,16.0200004577637,0,21.1100000000005
21.11,3,2,16.0300006866455,0,21.1200000000005
21.12,3,2,16.0400009155273,0,21.1300000000005
21.13,3,2,16.0499992370605,0,21.1400000000005
21.14,3,2,16.0599994659424,0,21.1500000000005
21.15,3,2,16.0699996948242,0,21.1600000000005
21.16,3,2,16.0799999237061,0,21.1700000000005
21.17,3,2,16.0900001525879,0,21.1800000000005
21.18,3,2,16.1000003814697,0,21.1900000000005
21.19,3,2,16.1100006103516,0,21.2000000000005
21.2,3,2,16.1200008392334,0,21.2100000000005
21.21,3,2,16.1299991607666,0,21.2200000000005
21.22,3,2,16.1399993896484,0,21.2300000000005
21.23,3,2,16.1499996185303,0,21.2400000000005
21.24,3,2,16.1599998474121,0,21.2500000000005
21.25,3,2,16.1700000762939,0,21.2600000000005
21.26,3,2,16.1800003051758,0,21.2700000000005
21.27,3,2,16.1900005340576,0,21.2800000000005
21.28,3,2,16.2000007629395,0,21.2900000000005
21.29,3,2,16.2099990844727,0,21.3000000000005
21.3,3,2,16.2199993133545,0,21.3100000000005
21.31,3,2,16.2299995422363,0,21.3200000000005
21.32,3,2,16.2399997711182,0,21.3300000000005
21.33,3,2,16.25,0,21.3400000000005
21.34,3,2,16.2600002288818,0,21.3500000000005
21.35,3,2,16.2700004577637,0,21.3600000000005
21.36,3,2,16.2800006866455,0,21.3700000000005
21.37,3,2,16.2900009155273,0,21.3800000000005
21.38,3,2,16.2999992370605,0,21.3900000000005
21.39,3,2,16.3099994659424,0,21.4000000000005
21.4,3,2,16.3199996948242,0,21.4100000000005
21.41,3,2,16.3299999237061,0,21.4200000000005
21.42,3,2,16.3400001525879,0,21.4300000000006
21.43,3,2,16.3500003814697,0,21.4400000000006
21.44,3,2,16.3600006103516,0,21.4500000000006
21.45,3,2,16.3700008392334,0,21.4600000000006
21.46,3,2,16.3799991607666,0,21.4700000000006
21.47,3,2,16.3899993896484,0,21.4800000000006
21.48,3,2,16.3999996185303,0,21.4900000000006
21.49,3,2,16.4099998474121,0,21.5000000000006
21.5,3,2,16.4200000762939,0,21.5100000000006
21.51,3,2,16.4300003051758,0,21.5200000000006
21.52,3,2,16.4400005340576,0,21.5300000000006
21.53,3,2,16.4500007629395,0,21.5400000000006
21.54,3,2,16.4599990844727,0,21.5500000000006
21.55,3,2,16.4699993133545,0,21.5600000000006
21.56,3,2,16.4799995422363,0,21.5700000000006
21.57,3,2,16.4899997711182,0,21.5800000000006
21.58,3,2,16.5,0,21.5900000000006
21.59,3,2,16.5100002288818,0,21.6000000000006
21.6,3,2,16.5200004577637,0,21.6100000000006
21.61,3,2,16.5300006866455,0,21.6200000000006
21.62,3,2,16.5400009155273,0,21.6300000000006
21.63,3,2,16.5499992370605,0,21.6400000000006
21.64,3,2,16.5599994659424,0,21.6500000000006
21.65,3,2,16.5699996948242,0,21.6600000000006
21.66,3,2,16.5799999237061,0,21.6700000000006
21.67,3,2,16.5900001525879,0,21.6800000000006
21.68,3,2,16.6000003814697,0,21.6900000000006
21.69,3,2,16.6100006103516,0,21.7000000000006
21.7,3,2,16.6200008392334,0,21.7100000000006
21.71,3,2,16.6299991607666,0,21.7200000000006
21.72,3,2,16.6399993896484,0,21.7300000000006
21.73,3,2,16.6499996185303,0,21.7400000000006
21.74,3,2,16.6599998474121,0,21.7500000000006
21.75,3,2,16.6700000762939,0,21.7600000000006
21.76,3,2,16.6800003051758,0,21.7700000000006
21.77,3,2,16.6900005340576,0,21.7800000000006
21.78,3,2,16.7000007629395,0,21.7900000000006
21.79,3,2,16.7099990844727,0,21.8000000000006
21.8,3,2,16.7199993133545,0,21.8100000000006
21.81,3,2,16.7299995422363,0,21.8200000000006
21.82,3,2,16.7399997711182,0,21.8300000000006
21.83,3,2,16.75,0,21.8400000000006
21.84,3,2,16.7600002288818,0,21.8500000000006
21.85,3,2,16.7700004577637,0,21.8600000000006
21.86,3,2,16.7800006866455,0,21.8700000000006
21.87,3,2,16.7900009155273,0,21.8800000000006
21.88,3,2,16.7999992370605,0,21.8900000000006
21.89,3,2,16.8099994659424,0,21.9000000000006
21.9,3,2,16.8199996948242,0,21.9100000000006
21.91,3,2,16.8299999237061,0,21.9200000000006
21.92,3,2,16.8400001525879,0,21.9300000000006
21.93,3,2,16.8500003814697,0,21.9400000000006
21.94,3,2,16.8600006103516,0,21.9500000000006
21.95,3,2,16.8700008392334,0,21.9600000000006
21.96,3,2,16.8799991607666,0,21.9700000000006
21.97,3,2,16.8899993896484,0,21.9800000000006
21.98,3,2,16.8999996185303,0,21.9900000000006
21.99,3,2,16.9099998474121,0,22.0000000000006
22,3,2,16.9200000762939,0,22.0100000000006
22.01,3,2,16.9300003051758,0,22.0200000000006
22.02,3,2,16.9400005340576,0,22.0300000000006
22.03,3,2,16.9500007629395,0,22.0400000000006
22.04,3,2,16.9599990844727,0,22.0500000000006
22.05,3,2,16.9699993133545,0,22.0600000000006
22.06,3,2,16.9799995422363,0,22.0700000000007
22.07,3,2,16.9899997711182,0,22.0800000000007
22.08,3,2,17,0,22.0900000000007
22.09,3,2,17.0100002288818,0,22.1000000000007
22.1,3,2,17.0200004577637,0,22.1100000000007
22.11,3,2,17.0300006866455,0,22.1200000000007
22.12,3,2,17.0400009155273,0,22.1300000000007
22.13,3,2,17.0499992370605,0,22.1400000000007
22.14,3,2,17.0599994659424,0,22.1500000000007
22.15,3,2,17.0699996948242,0,22.1600000000007
22.16,3,2,17.0799999237061,0,22.1700000000007
22.17,3,2,17.0900001525879,0,22.1800000000007
22.18,3,2,17.1000003814697,0,22.1900000000007
22.19,3,2,17.1100006103516,0,22.2000000000007
22.2,3,2,17.1200008392334,0,22.2100000000007
22.21,3,2,17.1299991607666,0,22.2200000000007
22.22,3,2,17.1399993896484,0,22.2300000000007
22.23,3,2,17.1499996185303,0,22.2400000000007
22.24,3,2,17.1599998474121,0,22.2500000000007
22.25,3,2,17.1700000762939,0,22.2600000000007
22.26,3,2,17.1800003051758,0,22.2700000000007
22.27,3,2,17.1900005340576,0,22.2800000000007
22.28,3,2,17.2000007629395,0,22.2900000000007
22.29,3,2,17.2099990844727,0,22.3000000000007
22.3,3,2,17.2199993133545,0,22.3100000000007
22.31,3,2,17.2299995422363,0,22.3200000000007
22.32,3,2,17.2399997711182,0,22.3300000000007
22.33,3,2,17.25,0,22.3400000000007
22.34,3,2,17.2600002288818,0,22.3500000000007
22.35,3,2,17.2700004577637,0,22.3600000000007
22.36,3,2,17.2800006866455,0,22.3700000000007
22.37,3,2,17.2900009155273,0,22.3800000000007
22.38,3,2,17.2999992370605,0,22.3900000000007
22.39,3,2,17.3099994659424,0,22.4000000000007
22.4,3,2,17.3199996948242,0,22.4100000000007
22.41,3,2,17.3299999237061,0,22.4200000000007
22.42,3,2,17.3400001525879,0,22.4300000000007
22.43,3,2,17.3500003814697,0,22.4400000000007
22.44,3,2,17.3600006103516,0,22.4500000000007
22.45,3,2,17.3700008392334,0,22.4600000000007
22.46,3,2,17.3799991607666,0,22.4700000000007
22.47,3,2,17.3899993896484,0,22.4800000000007
22.48,3,2,17.3999996185303,0,22.4900000000007
22.49,3,2,17.4099998474121,0,22.5000000000007
22.5,3,2,17.4200000762939,0,22.5100000000007
22.51,3,2,17.4300003051758,0,22.5200000000007
22.52,3,2,17.4400005340576,0,22.5300000000007
22.53,3,2,17.4500007629395,0,22.5400000000007
22.54,3,2,17.4599990844727,0,22.5500000000007
22.55,3,2,17.4699993133545,0,22.5600000000007
22.56,3,2,17.4799995422363,0,22.5700000000007
22.57,3,2,17.4899997711182,0,22.5800000000007
22.58,3,2,17.5,0,22.5900000000007
22.59,3,2,17.5100002288818,0,22.6000000000007
22.6,3,2,17.5200004577637,0,22.6100000000007
22.61,3,2,17.5300006866455,0,22.6200000000007
22.62,3,2,17.5400009155273,0,22.6300000000007
22.63,3,2,17.5499992370605,0,22.6400000000007
22.64,3,2,17.5599994659424,0,22.6500000000007
22.65,3,2,17.5699996948242,0,22.6600000000007
22.66,3,2,17.5799999237061,0,22.6700000000007
22.67,3,2,17.5900001525879,0,22.6800000000007
22.68,3,2,17.6000003814697,0,22.6900000000007
22.69,3,2,17.6100006103516,0,22.7000000000007
22.7,3,2,17.6200008392334,0,22.7100000000008
22.71,3,2,17.6299991607666,0,22.7200000000008
22.72,3,2,17.6399993896484,0,22.7300000000008
22.73,3,2,17.6499996185303,0,22.7400000000008
22.74,3,2,17.6599998474121,0,22.7500000000008
22.75,3,2,17.6700000762939,0,22.7600000000008
22.76,3,2,17.6800003051758,0,22.7700000000008
22.77,3,2,17.6900005340576,0,22.7800000000008
22.78,3,2,17.7000007629395,0,22.7900000000008
22.79,3,2,17.7099990844727,0,22.8000000000008
22.8,3,2,17.7199993133545,0,22.8100000000008
22.81,3,2,17.7299995422363,0,22.8200000000008
22.82,3,2,17.7399997711182,0,22.8300000000008
22.83,3,2,17.75,0,22.8400000000008
22.84,3,2,17.7600002288818,0,22.8500000000008
22.85,3,2,17.7700004577637,0,22.8600000000008
22.86,3,2,17.7800006866455,0,22.8700000000008
22.87,3,2,17.7900009155273,0,22.8800000000008
22.88,3,2,17.7999992370605,0,22.8900000000008
22.89,3,2,17.8099994659424,0,22.9000000000008
22.9,3,2,17.8199996948242,0,22.9100000000008
22.91,3,2,17.8299999237061,0,22.9200000000008
22.92,3,2,17.8400001525879,0,22.9300000000008
22.93,3,2,17.8500003814697,0,22.9400000000008
22.94,3,2,17.8600006103516,0,22.9500000000008
22.95,3,2,17.8700008392334,0,22.9600000000008
22.96,3,2,17.8799991607666,0,22.9700000000008
22.97,3,2,17.8899993896484,0,22.9800000000008
22.98,3,2,17.8999996185303,0,22.9900000000008
22.99,3,2,17.9099998474121,0,23.0000000000008
23,3,2,17.9200000762939,0,23.0100000000008
23.01,3,2,17.9300003051758,0,23.0200000000008
23.02,3,2,17.9400005340576,0,23.0300000000008
23.03,3,2,17.9500007629395,0,23.0400000000008
23.04,3,2,17.9599990844727,0,23.0500000000008
23.05,3,2,17.9699993133545,0,23.0600000000008
23.06,3,2,17.9799995422363,0,23.0700000000008
23.07,3,2,17.9899997711182,0,23.0800000000008
23.08,3,2,18,0,23.0900000000008
23.09,3,2,18.0100002288818,0,23.1000000000008
23.1,3,2,18.0200004577637,0,23.1100000000008
23.11,3,2,18.0300006866455,0,23.1200000000008
23.12,3,2,18.0400009155273,0,23.1300000000008
23.13,3,2,18.0499992370605,0,23.1400000000008
23.14,3,2,18.0599994659424,0,23.1500000000008
23.15,3,2,18.0699996948242,0,23.1600000000008
23.16,3,2,18.0799999237061,0,23.1700000000008
23.17,3,2,18.0900001525879,0,23.1800000000008
23.18,3,2,18.1000003814697,0,23.1900000000008
23.19,3,2,18.1100006103516,0,23.2000000000008
23.2,3,2,18.1200008392334,0,23.2100000000008
23.21,3,2,18.1299991607666,0,23.2200000000008
23.22,3,2,18.1399993896484,0,23.2300000000008
23.23,3,2,18.1499996185303,0,23.2400000000008
23.24,3,2,18.1599998474121,0,23.2500000000008
23.25,3,2,18.1700000762939,0,23.2600000000008
23.26,3,2,18.1800003051758,0,23.2700000000008
23.27,3,2,18.1900005340576,0,23.2800000000008
23.28,3,2,18.2000007629395,0,23.2900000000008
23.29,3,2,18.2099990844727,0,23.3000000000008
23.3,3,2,18.2199993133545,0,23.3100000000008
23.31,3,2,18.2299995422363,0,23.3200000000008
23.32,3,2,18.2399997711182,0,23.3300000000008
23.33,3,2,18.25,0,23.3400000000008
23.34,3,2,18.2600002288818,0,23.3500000000009
23.35,3,2,18.2700004577637,0,23.3600000000009
23.36,3,2,18.2800006866455,0,23.3700000000009
23.37,3,2,18.2900009155273,0,23.3800000000009
23.38,3,2,18.2999992370605,0,23.3900000000009
23.39,3,2,18.3099994659424,0,23.4000000000009
23.4,3,2,18.3199996948242,0,23.4100000000009
23.41,3,2,18.3299999237061,0,23.4200000000009
23.42,3,2,18.3400001525879,0,23.4300000000009
23.43,3,2,18.3500003814697,0,23.4400000000009
23.44,3,2,18.3600006103516,0,23.4500000000009
23.45,3,2,18.3700008392334,0,23.4600000000009
23.46,3,2,18.3799991607666,0,23.4700000000009
23.47,3,2,18.3899993896484,0,23.4800000000009
23.48,3,2,18.3999996185303,0,23.4900000000009
23.49,3,2,18.4099998474121,0,23.5000000000009
23.5,3,2,18.4200000762939,0,23.5100000000009
23.51,3,2,18.4300003051758,0,23.5200000000009
23.52,3,2,18.4400005340576,0,23.5300000000009
23.53,3,2,18.4500007629395,0,23.5400000000009
23.54,3,2,18.4599990844727,0,23.5500000000009
23.55,3,2,18.4699993133545,0,23.5600000000009
23.56,3,2,18.4799995422363,0,23.5700000000009
23.57,3,2,18.4899997711182,0,23.5800000000009
23.58,3,2,18.5,0,23.5900000000009
23.59,3,2,18.5100002288818,0,23.6000000000009
23.6,3,2,18.5200004577637,0,23.6100000000009
23.61,3,2,18.5300006866455,0,23.6200000000009
23.62,3,2,18.5400009155273,0,23.6300000000009
23.63,3,2,18.5499992370605,0,23.6400000000009
23.64,3,2,18.5599994659424,0,23.6500000000009
23.65,3,2,18.5699996948242,0,23.6600000000009
23.66,3,2,18.5799999237061,0,23.6700000000009
23.67,3,2,18.5900001525879,0,23.6800000000009
23.68,3,2,18.6000003814697,0,23.6900000000009
23.69,3,2,18.6100006103516,0,23.7000000000009
23.7,3,2,18.6200008392334,0,23.7100000000009
23.71,3,2,18.6299991607666,0,23.7200000000009
23.72,3,2,18.6399993896484,0,23.7300000000009
23.73,3,2,18.6499996185303,0,23.7400000000009
23.74,3,2,18.6599998474121,0,23.7500000000009
23.75,3,2,18.6700000762939,0,23.7600000000009
23.76,3,2,18.6800003051758,0,23.7700000000009
23.77,3,2,18.6900005340576,0,23.7800000000009
23.78,3,2,18.7000007629395,0,23.7900000000009
23.79,3,2,18.7099990844727,0,23.8000000000009
23.8,3,2,18.7199993133545,0,23.8100000000009
23.81,3,2,18.7299995422363,0,23.8200000000009
23.82,3,2,18.7399997711182,0,23.8300000000009
23.83,3,2,18.75,0,23.8400000000009
23.84,3,2,18.7600002288818,0,23.8500000000009
23.85,3,2,18.7700004577637,0,23.8600000000009
23.86,3,2,18.7800006866455,0,23.8700000000009
23.87,3,2,18.7900009155273,0,23.8800000000009
23.88,3,2,18.7999992370605,0,23.8900000000009
23.89,3,2,18.8099994659424,0,23.9000000000009
23.9,3,2,18.8199996948242,0,23.9100000000009
23.91,3,2,18.8299999237061,0,23.9200000000009
23.92,3,2,18.8400001525879,0,23.9300000000009
23.93,3,2,18.8500003814697,0,23.9400000000009
23.94,3,2,18.8600006103516,0,23.9500000000009
23.95,3,2,18.8700008392334,0,23.9600000000009
23.96,3,2,18.8799991607666,0,23.9700000000009
23.97,3,2,18.8899993896484,0,23.9800000000009
23.98,3,2,18.8999996185303,0,23.990000000001
23.99,3,2,18.9099998474121,0,24.000000000001
24,3,2,18.9200000762939,0,24.010000000001
24.01,3,2,18.9300003051758,0,24.020000000001
24.02,3,2,18.9400005340576,0,24.030000000001
24.03,3,2,18.9500007629395,0,24.040000000001
24.04,3,2,18.9599990844727,0,24.050000000001
24.05,3,2,18.9699993133545,0,24.060000000001
24.06,3,2,18.9799995422363,0,24.070000000001
24.07,3,2,18.9899997711182,0,24.080000000001
24.08,3,2,19,0,24.090000000001
24.09,3,2,19.0100002288818,0,24.100000000001
24.1,3,2,19.0200004577637,0,24.110000000001
24.11,3,2,19.0300006866455,0,24.120000000001
24.12,3,2,19.0400009155273,0,24.130000000001
24.13,3,2,19.0499992370605,0,24.140000000001
24.14,3,2,19.0599994659424,0,24.150000000001
24.15,3,2,19.0699996948242,0,24.160000000001
24.16,3,2,19.0799999237061,0,24.170000000001
24.17,3,2,19.0900001525879,0,24.180000000001
24.18,3,2,19.1000003814697,0,24.190000000001
24.19,3,2,19.1100006103516,0,24.200000000001
24.2,3,2,19.1200008392334,0,24.210000000001
24.21,3,2,19.1299991607666,0,24.220000000001
24.22,3,2,19.1399993896484,0,24.230000000001
24.23,3,2,19.1499996185303,0,24.240000000001
24.24,3,2,19.1599998474121,0,24.250000000001
24.25,3,2,19.1700000762939,0,24.260000000001
24.26,3,2,19.1800003051758,0,24.270000000001
24.27,3,2,19.1900005340576,0,24.280000000001
24.28,3,2,19.2000007629395,0,24.290000000001
24.29,3,2,19.2099990844727,0,24.300000000001
24.3,3,2,19.2199993133545,0,24.310000000001
24.31,3,2,19.2299995422363,0,24.320000000001
24.32,3,2,19.2399997711182,0,24.330000000001
24.33,3,2,19.25,0,24.340000000001
24.34,3,2,19.2600002288818,0,24.350000000001
24.35,3,2,19.2700004577637,0,24.360000000001
24.36,3,2,19.2800006866455,0,24.370000000001
24.37,3,2,19.2900009155273,0,24.380000000001
24.38,3,2,19.2999992370605,0,24.390000000001
24.39,3,2,19.3099994659424,0,24.400000000001
24.4,3,2,19.3199996948242,0,24.410000000001
24.41,3,2,19.3299999237061,0,24.420000000001
24.42,3,2,19.3400001525879,0,24.430000000001
24.43,3,2,19.3500003814697,0,24.440000000001
24.44,3,2,19.3600006103516,0,24.450000000001
24.45,3,2,19.3700008392334,0,24.460000000001
24.46,3,2,19.3799991607666,0,24.470000000001
24.47,3,2,19.3899993896484,0,24.480000000001
24.48,3,2,19.3999996185303,0,24.490000000001
24.49,3,2,19.4099998474121,0,24.500000000001
24.5,3,2,19.4200000762939,0,24.510000000001
24.51,3,2,19.4300003051758,0,24.520000000001
24.52,3,2,19.4400005340576,0,24.530000000001
24.53,3,2,19.4500007629395,0,24.540000000001
24.54,3,2,19.4599990844727,0,24.550000000001
24.55,3,2,19.4699993133545,0,24.560000000001
24.56,3,2,19.4799995422363,0,24.570000000001
24.57,3,2,19.4899997711182,0,24.580000000001
24.58,3,2,19.5,0,24.590000000001
24.59,3,2,19.5100002288818,0,24.600000000001
24.6,3,2,19.5200004577637,0,24.610000000001
24.61,3,2,19.5300006866455,0,24.620000000001
24.62,3,2,19.5400009155273,0,24.6300000000011
24.63,3,2,19.5499992370605,0,24.6400000000011
24.64,3,2,19.5599994659424,0,24.6500000000011
24.65,3,2,19.5699996948242,0,24.6600000000011
24.66,3,2,19.5799999237061,0,24.6700000000011
24.67,3,2,19.5900001525879,0,24.6800000000011
24.68,3,2,19.6000003814697,0,24.6900000000011
24.69,3,2,19.6100006103516,0,24.7000000000011
24.7,3,2,19.6200008392334,0,24.7100000000011
24.71,3,2,19.6299991607666,0,24.7200000000011
24.72,3,2,19.6399993896484,0,24.7300000000011
24.73,3,2,19.6499996185303,0,24.7400000000011
24.74,3,2,19.6599998474121,0,24.7500000000011
24.75,3,2,19.6700000762939,0,24.7600000000011
24.76,3,2,19.6800003051758,0,24.7700000000011
24.77,3,2,19.6900005340576,0,24.7800000000011
24.78,3,2,19.7000007629395,0,24.7900000000011
24.79,3,2,19.7099990844727,0,24.8000000000011
24.8,3,2,19.7199993133545,0,24.8100000000011
24.81,3,2,19.7299995422363,0,24.8200000000011
24.82,3,2,19.7399997711182,0,24.8300000000011
24.83,3,2,19.75,0,24.8400000000011
24.84,3,2,19.7600002288818,0,24.8500000000011
24.85,3,2,19.7700004577637,0,24.8600000000011
24.86,3,2,19.7800006866455,0,24.8700000000011
24.87,3,2,19.7900009155273,0,24.8800000000011
24.88,3,2,19.7999992370605,0,24.8900000000011
24.89,3,2,19.8099994659424,0,24.9000000000011
24.9,3,2,19.8199996948242,0,24.9100000000011
24.91,3,2,19.8299999237061,0,24.9200000000011
24.92,3,2,19.8400001525879,0,24.9300000000011
24.93,3,2,19.8500003814697,0,24.9400000000011
24.94,3,2,19.8600006103516,0,24.9500000000011
24.95,3,2,19.8700008392334,0,24.9600000000011
24.96,3,2,19.8799991607666,0,24.9700000000011
24.97,3,2,19.8899993896484,0,24.9800000000011
24.98,3,2,19.8999996185303,0,24.9900000000011
24.99,3,2,19.9099998474121,0,25.0000000000011
25,3,2,19.9200000762939,0,25.0100000000011
25.01,3,2,19.9300003051758,0,25.0200000000011
25.02,3,2,19.9400005340576,0,25.0300000000011
25.03,3,2,19.9500007629395,0,25.0400000000011
25.04,3,2,19.9599990844727,0,25.0500000000011
25.05,3,2,19.9699993133545,0,25.0600000000011
25.06,3,2,19.9799995422363,0,25.0700000000011
25.07,3,2,19.9899997711182,0,25.0800000000011
25.08,3,2,20,0,25.0900000000011
25.09,3,2,20.0100002288818,0,25.1000000000011
25.1,3,2,20.0200004577637,0,25.1100000000011
25.11,3,2,20.0300006866455,0,25.1200000000011
25.12,3,2,20.0400009155273,0,25.1300000000011
25.13,3,2,20.0499992370605,0,25.1400000000011
25.14,3,2,20.0599994659424,0,25.1500000000011
25.15,3,2,20.0699996948242,0,25.1600000000011
25.16,3,2,20.0799999237061,0,25.1700000000011
25.17,3,2,20.0900001525879,0,25.1800000000011
25.18,3,2,20.1000003814697,0,25.1900000000011
25.19,3,2,20.1100006103516,0,25.2000000000011
25.2,3,2,20.1200008392334,0,25.2100000000011
25.21,3,2,20.1299991607666,0,25.2200000000011
25.22,3,2,20.1399993896484,0,25.2300000000011
25.23,3,2,20.1499996185303,0,25.2400000000011
25.24,3,2,20.1599998474121,0,25.2500000000011
25.25,3,2,20.1700000762939,0,25.2600000000011
25.26,3,2,20.1800003051758,0,25.2700000000012
25.27,3,2,20.1900005340576,0,25.2800000000012
25.28,3,2,20.2000007629395,0,25.2900000000012
25.29,3,2,20.2099990844727,0,25.3000000000012
25.3,3,2,20.2199993133545,0,25.3100000000012
25.31,3,2,20.2299995422363,0,25.3200000000012
25.32,3,2,20.2399997711182,0,25.3300000000012
25.33,3,2,20.25,0,25.3400000000012
25.34,3,2,20.2600002288818,0,25.3500000000012
25.35,3,2,20.2700004577637,0,25.3600000000012
25.36,3,2,20.2800006866455,0,25.3700000000012
25.37,3,2,20.2900009155273,0,25.3800000000012
25.38,3,2,20.2999992370605,0,25.3900000000012
25.39,3,2,20.3099994659424,0,25.4000000000012
25.4,3,2,20.3199996948242,0,25.4100000000012
25.41,3,2,20.3299999237061,0,25.4200000000012
25.42,3,2,20.3400001525879,0,25.4300000000012
25.43,3,2,20.3500003814697,0,25.4400000000012
25.44,3,2,20.3600006103516,0,25.4500000000012
25.45,3,2,20.3700008392334,0,25.4600000000012
25.46,3,2,20.3799991607666,0,25.4700000000012
25.47,3,2,20.3899993896484,0,25.4800000000012
25.48,3,2,20.3999996185303,0,25.4900000000012
25.49,3,2,20.4099998474121,0,25.5000000000012
25.5,3,2,20.4200000762939,0,25.5100000000012
25.51,3,2,20.4300003051758,0,25.5200000000012
25.52,3,2,20.4400005340576,0,25.5300000000012
25.53,3,2,20.4500007629395,0,25.5400000000012
25.54,3,2,20.4599990844727,0,25.5500000000012
25.55,3,2,20.4699993133545,0,25.5600000000012
25.56,3,2,20.4799995422363,0,25.5700000000012
25.57,3,2,20.4899997711182,0,25.5800000000012
25.58,3,2,20.5,0,25.5900000000012
25.59,3,2,20.5100002288818,0,25.6000000000012
25.6,3,2,20.5200004577637,0,25.6100000000012
25.61,3,2,20.5300006866455,0,25.6200000000012
25.62,3,2,20.5400009155273,0,25.6300000000012
25.63,3,2,20.5499992370605,0,25.6400000000012
25.64,3,2,20.5599994659424,0,25.6500000000012
25.65,3,2,20.5699996948242,0,25.6600000000012
25.66,3,2,20.5799999237061,0,25.6700000000012
25.67,3,2,20.5900001525879,0,25.6800000000012
25.68,3,2,20.6000003814697,0,25.6900000000012
25.69,3,2,20.6100006103516,0,25.7000000000012
25.7,3,2,20.6200008392334,0,25.7100000000012
25.71,3,2,20.6299991607666,0,25.7200000000012
25.72,3,2,20.6399993896484,0,25.7300000000012
25.73,3,2,20.6499996185303,0,25.7400000000012
25.74,3,2,20.6599998474121,0,25.7500000000012
25.75,3,2,20.6700000762939,0,25.7600000000012
25.76,3,2,20.6800003051758,0,25.7700000000012
25.77,3,2,20.6900005340576,0,25.7800000000012
25.78,3,2,20.7000007629395,0,25.7900000000012
25.79,3,2,20.7099990844727,0,25.8000000000012
25.8,3,2,20.7199993133545,0,25.8100000000012
25.81,3,2,20.7299995422363,0,25.8200000000012
25.82,3,2,20.7399997711182,0,25.8300000000012
25.83,3,2,20.75,0,25.8400000000012
25.84,3,2,20.7600002288818,0,25.8500000000012
25.85,3,2,20.7700004577637,0,25.8600000000012
25.86,3,2,20.7800006866455,0,25.8700000000012
25.87,3,2,20.7900009155273,0,25.8800000000012
25.88,3,2,20.7999992370605,0,25.8900000000012
25.89,3,2,20.8099994659424,0,25.9000000000012
25.9,3,2,20.8199996948242,0,25.9100000000013
25.91,3,2,20.8299999237061,0,25.9200000000013
25.92,3,2,20.8400001525879,0,25.9300000000013
25.93,3,2,20.8500003814697,0,25.9400000000013
25.94,3,2,20.8600006103516,0,25.9500000000013
25.95,3,2,20.8700008392334,0,25.9600000000013
25.96,3,2,20.8799991607666,0,25.9700000000013
25.97,3,2,20.8899993896484,0,25.9800000000013
25.98,3,2,20.8999996185303,0,25.9900000000013
25.99,3,2,20.9099998474121,0,26.0000000000013
26,3,2,20.9200000762939,0,26.0100000000013
26.01,3,2,20.9300003051758,0,26.0200000000013
26.02,3,2,20.9400005340576,0,26.0300000000013
26.03,3,2,20.9500007629395,0,26.0400000000013
26.04,3,2,20.9599990844727,0,26.0500000000013
26.05,3,2,20.9699993133545,0,26.0600000000013
26.06,3,2,20.9799995422363,0,26.0700000000013
26.07,3,2,20.9899997711182,0,26.0800000000013
26.08,3,2,21,0,26.0900000000013
26.09,3,2,21.0100002288818,0,26.1000000000013
26.1,3,2,21.0200004577637,0,26.1100000000013
26.11,3,2,21.0300006866455,0,26.1200000000013
26.12,3,2,21.0400009155273,0,26.1300000000013
26.13,3,2,21.0499992370605,0,26.1400000000013
26.14,3,2,21.0599994659424,0,26.1500000000013
26.15,3,2,21.0699996948242,0,26.1600000000013
26.16,3,2,21.0799999237061,0,26.1700000000013
26.17,3,2,21.0900001525879,0,26.1800000000013
26.18,3,2,21.1000003814697,0,26.1900000000013
26.19,3,2,21.1100006103516,0,26.2000000000013
26.2,3,2,21.1200008392334,0,26.2100000000013
26.21,3,2,21.1299991607666,0,26.2200000000013
26.22,3,2,21.1399993896484,0,26.2300000000013
26.23,3,2,21.1499996185303,0,26.2400000000013
26.24,3,2,21.1599998474121,0,26.2500000000013
26.25,3,2,21.1700000762939,0,26.2600000000013
26.26,3,2,21.1800003051758,0,26.2700000000013
26.27,3,2,21.1900005340576,0,26.2800000000013
26.28,3,2,21.2000007629395,0,26.2900000000013
26.29,3,2,21.2099990844727,0,26.3000000000013
26.3,3,2,21.2199993133545,0,26.3100000000013
26.31,3,2,21.2299995422363,0,26.3200000000013
26.32,3,2,21.2399997711182,0,26.3300000000013
26.33,3,2,21.25,0,26.3400000000013
26.34,3,2,21.2600002288818,0,26.3500000000013
26.35,3,2,21.2700004577637,0,26.3600000000013
26.36,3,2,21.2800006866455,0,26.3700000000013
26.37,3,2,21.2900009155273,0,26.3800000000013
26.38,3,2,21.2999992370605,0,26.3900000000013
26.39,3,2,21.3099994659424,0,26.4000000000013
26.4,3,2,21.3199996948242,0,26.4100000000013
26.41,3,2,21.3299999237061,0,26.4200000000013
26.42,3,2,21.3400001525879,0,26.4300000000013
26.43,3,2,21.3500003814697,0,26.4400000000013
26.44,3,2,21.3600006103516,0,26.4500000000013
26.45,3,2,21.3700008392334,0,26.4600000000013
26.46,3,2,21.3799991607666,0,26.4700000000013
26.47,3,2,21.3899993896484,0,26.4800000000013
26.48,3,2,21.3999996185303,0,26.4900000000013
26.49,3,2,21.4099998474121,0,26.5000000000013
26.5,3,2,21.4200000762939,0,26.5100000000013
26.51,3,2,21.4300003051758,0,26.5200000000013
26.52,3,2,21.4400005340576,0,26.5300000000013
26.53,3,2,21.4500007629395,0,26.5400000000013
26.54,3,2,21.4599990844727,0,26.5500000000014
26.55,3,2,21.4699993133545,0,26.5600000000014
26.56,3,2,21.4799995422363,0,26.5700000000014
26.57,3,2,21.4899997711182,0,26.5800000000014
26.58,3,2,21.5,0,26.5900000000014
26.59,3,2,21.5100002288818,0,26.6000000000014
26.6,3,2,21.5200004577637,0,26.6100000000014
26.61,3,2,21.5300006866455,0,26.6200000000014
26.62,3,2,21.5400009155273,0,26.6300000000014
26.63,3,2,21.5499992370605,0,26.6400000000014
26.64,3,2,21.5599994659424,0,26.6500000000014
26.65,3,2,21.5699996948242,0,26.6600000000014
26.66,3,2,21.5799999237061,0,26.6700000000014
26.67,3,2,21.5900001525879,0,26.6800000000014
26.68,3,2,21.6000003814697,0,26.6900000000014
26.69,3,2,21.6100006103516,0,26.7000000000014
26.7,3,2,21.6200008392334,0,26.7100000000014
26.71,3,2,21.6299991607666,0,26.7200000000014
26.72,3,2,21.6399993896484,0,26.7300000000014
26.73,3,2,21.6499996185303,0,26.7400000000014
26.74,3,2,21.6599998474121,0,26.7500000000014
26.75,3,2,21.6700000762939,0,26.7600000000014
26.76,3,2,21.6800003051758,0,26.7700000000014
26.77,3,2,21.6900005340576,0,26.7800000000014
26.78,3,2,21.7000007629395,0,26.7900000000014
26.79,3,2,21.7099990844727,0,26.8000000000014
26.8,3,2,21.7199993133545,0,26.8100000000014
26.81,3,2,21.7299995422363,0,26.8200000000014
26.82,3,2,21.7399997711182,0,26.8300000000014
26.83,3,2,21.75,0,26.8400000000014
26.84,3,2,21.7600002288818,0,26.8500000000014
26.85,3,2,21.7700004577637,0,26.8600000000014
26.86,3,2,21.7800006866455,0,26.8700000000014
26.87,3,2,21.7900009155273,0,26.8800000000014
26.88,3,2,21.7999992370605,0,26.8900000000014
26.89,3,2,21.8099994659424,0,26.9000000000014
26.9,3,2,21.8199996948242,0,26.9100000000014
26.91,3,2,21.8299999237061,0,26.9200000000014
26.92,3,2,21.8400001525879,0,26.9300000000014
26.93,3,2,21.8500003814697,0,26.9400000000014
26.94,3,2,21.8600006103516,0,26.9500000000014
26.95,3,2,21.8700008392334,0,26.9600000000014
26.96,3,2,21.8799991607666,0,26.9700000000014
26.97,3,2,21.8899993896484,0,26.9800000000014
26.98,3,2,21.8999996185303,0,26.9900000000014
26.99,3,2,21.9099998474121,0,27.0000000000014
27,3,2,21.9200000762939,0,27.0100000000014
27.01,3,2,21.9300003051758,0,27.0200000000014
27.02,3,2,21.9400005340576,0,27.0300000000014
27.03,3,2,21.9500007629395,0,27.0400000000014
27.04,3,2,21.9599990844727,0,27.0500000000014
27.05,3,2,21.9699993133545,0,27.0600000000014
27.06,3,2,21.9799995422363,0,27.0700000000014
27.07,3,2,21.9899997711182,0,27.0800000000014
27.08,3,2,22,0,27.0900000000014
27.09,3,2,22.0100002288818,0,27.1000000000014
27.1,3,2,22.0200004577637,0,27.1100000000014
27.11,3,2,22.0300006866455,0,27.1200000000014
27.12,3,2,22.0400009155273,0,27.1300000000014
27.13,3,2,22.0499992370605,0,27.1400000000014
27.14,3,2,22.0599994659424,0,27.1500000000014
27.15,3,2,22.0699996948242,0,27.1600000000014
27.16,3,2,22.0799999237061,0,27.1700000000014
27.17,3,2,22.0900001525879,0,27.1800000000014
27.18,3,2,22.1000003814697,0,27.1900000000015
27.19,3,2,22.1100006103516,0,27.2000000000015
27.2,3,2,22.1200008392334,0,27.2100000000015
27.21,3,2,22.1299991607666,0,27.2200000000015
27.22,3,2,22.1399993896484,0,27.2300000000015
27.23,3,2,22.1499996185303,0,27.2400000000015
27.24,3,2,22.1599998474121,0,27.2500000000015
27.25,3,2,22.1700000762939,0,27.2600000000015
27.26,3,2,22.1800003051758,0,27.2700000000015
27.27,3,2,22.1900005340576,0,27.2800000000015
27.28,3,2,22.2000007629395,0,27.2900000000015
27.29,3,2,22.2099990844727,0,27.3000000000015
27.3,3,2,22.2199993133545,0,27.3100000000015
27.31,3,2,22.2299995422363,0,27.3200000000015
27.32,3,2,22.2399997711182,0,27.3300000000015
27.33,3,2,22.25,0,27.3400000000015
27.34,3,2,22.2600002288818,0,27.3500000000015
27.35,3,2,22.2700004577637,0,27.3600000000015
27.36,3,2,22.2800006866455,0,27.3700000000015
27.37,3,2,22.2900009155273,0,27.3800000000015
27.38,3,2,22.2999992370605,0,27.3900000000015
27.39,3,2,22.3099994659424,0,27.4000000000015
27.4,3,2,22.3199996948242,0,27.4100000000015
27.41,3,2,22.3299999237061,0,27.4200000000015
27.42,3,2,22.3400001525879,0,27.4300000000015
27.43,3,2,22.3500003814697,0,27.4400000000015
27.44,3,2,22.3600006103516,0,27.4500000000015
27.45,3,2,22.3700008392334,0,27.4600000000015
27.46,3,2,22.3799991607666,0,27.4700000000015
27.47,3,2,22.3899993896484,0,27.4800000000015
27.48,3,2,22.3999996185303,0,27.4900000000015
27.49,3,2,22.4099998474121,0,27.5000000000015
27.5,3,2,22.4200000762939,0,27.5100000000015
27.51,3,2,22.4300003051758,0,27.5200000000015
27.52,3,2,22.4400005340576,0,27.5300000000015
27.53,3,2,22.4500007629395,0,27.5400000000015
27.54,3,2,22.4599990844727,0,27.5500000000015
27.55,3,2,22.4699993133545,0,27.5600000000015
27.56,3,2,22.4799995422363,0,27.5700000000015
27.57,3,2,22.4899997711182,0,27.5800000000015
27.58,3,2,22.5,0,27.5900000000015
27.59,3,2,22.5100002288818,0,27.6000000000015
27.6,3,2,22.5200004577637,0,27.6100000000015
27.61,3,2,22.5300006866455,0,27.6200000000015
27.62,3,2,22.5400009155273,0,27.6300000000015
27.63,3,2,22.5499992370605,0,27.6400000000015
27.64,3,2,22.5599994659424,0,27.6500000000015
27.65,3,2,22.5699996948242,0,27.6600000000015
27.66,3,2,22.5799999237061,0,27.6700000000015
27.67,3,2,22.5900001525879,0,27.6800000000015
27.68,3,2,22.6000003814697,0,27.6900000000015
27.69,3,2,22.6100006103516,0,27.7000000000015
27.7,3,2,22.6200008392334,0,27.7100000000015
27.71,3,2,22.6299991607666,0,27.7200000000015
27.72,3,2,22.6399993896484,0,27.7300000000015
27.73,3,2,22.6499996185303,0,27.7400000000015
27.74,3,2,22.6599998474121,0,27.7500000000015
27.75,3,2,22.6700000762939,0,27.7600000000015
27.76,3,2,22.6800003051758,0,27.7700000000015
27.77,3,2,22.6900005340576,0,27.7800000000015
27.78,3,2,22.7000007629395,0,27.7900000000015
27.79,3,2,22.7099990844727,0,27.8000000000015
27.8,3,2,22.7199993133545,0,27.8100000000015
27.81,3,2,22.7299995422363,0,27.8200000000015
27.82,3,2,22.7399997711182,0,27.8300000000016
27.83,3,2,22.75,0,27.8400000000016
27.84,3,2,22.7600002288818,0,27.8500000000016
27.85,3,2,22.7700004577637,0,27.8600000000016
27.86,3,2,22.7800006866455,0,27.8700000000016
27.87,3,2,22.7900009155273,0,27.8800000000016
27.88,3,2,22.7999992370605,0,27.8900000000016
27.89,3,2,22.8099994659424,0,27.9000000000016
27.9,3,2,22.8199996948242,0,27.9100000000016
27.91,3,2,22.8299999237061,0,27.9200000000016
27.92,3,2,22.8400001525879,0,27.9300000000016
27.93,3,2,22.8500003814697,0,27.9400000000016
27.94,3,2,22.8600006103516,0,27.9500000000016
27.95,3,2,22.8700008392334,0,27.9600000000016
27.96,3,2,22.8799991607666,0,27.9700000000016
27.97,3,2,22.8899993896484,0,27.9800000000016
27.98,3,2,22.8999996185303,0,27.9900000000016
27.99,3,2,22.9099998474121,0,28.0000000000016
28,3,2,22.9200000762939,0,28.0100000000016
28.01,3,2,22.9300003051758,0,28.0200000000016
28.02,3,2,22.9400005340576,0,28.0300000000016
28.03,3,2,22.9500007629395,0,28.0400000000016
28.04,3,2,22.9599990844727,0,28.0500000000016
28.05,3,2,22.9699993133545,0,28.0600000000016
28.06,3,2,22.9799995422363,0,28.0700000000016
28.07,3,2,22.9899997711182,0,28.0800000000016
28.08,3,2,23,0,28.0900000000016
28.09,3,2,23.0100002288818,0,28.1000000000016
28.1,3,2,23.0200004577637,0,28.1100000000016
28.11,3,2,23.0300006866455,0,28.1200000000016
28.12,3,2,23.0400009155273,0,28.1300000000016
28.13,3,2,23.0499992370605,0,28.1400000000016
28.14,3,2,23.0599994659424,0,28.1500000000016
28.15,3,2,23.0699996948242,0,28.1600000000016
28.16,3,2,23.0799999237061,0,28.1700000000016
28.17,3,2,23.0900001525879,0,28.1800000000016
28.18,3,2,23.1000003814697,0,28.1900000000016
28.19,3,2,23.1100006103516,0,28.2000000000016
28.2,3,2,23.1200008392334,0,28.2100000000016
28.21,3,2,23.1299991607666,0,28.2200000000016
28.22,3,2,23.1399993896484,0,28.2300000000016
28.23,3,2,23.1499996185303,0,28.2400000000016
28.24,3,2,23.1599998474121,0,28.2500000000016
28.25,3,2,23.1700000762939,0,28.2600000000016
28.26,3,2,23.1800003051758,0,28.2700000000016
28.27,3,2,23.1900005340576,0,28.2800000000016
28.28,3,2,23.2000007629395,0,28.2900000000016
28.29,3,2,23.2099990844727,0,28.3000000000016
28.3,3,2,23.2199993133545,0,28.3100000000016
28.31,3,2,23.2299995422363,0,28.3200000000016
28.32,3,2,23.2399997711182,0,28.3300000000016
28.33,3,2,23.25,0,28.3400000000016
28.34,3,2,23.2600002288818,0,28.3500000000016
28.35,3,2,23.2700004577637,0,28.3600000000016
28.36,3,2,23.2800006866455,0,28.3700000000016
28.37,3,2,23.2900009155273,0,28.3800000000016
28.38,3,2,23.2999992370605,0,28.3900000000016
28.39,3,2,23.3099994659424,0,28.4000000000016
28.4,3,2,23.3199996948242,0,28.4100000000016
28.41,3,2,23.3299999237061,0,28.4200000000016
28.42,3,2,23.3400001525879,0,28.4300000000016
28.43,3,2,23.3500003814697,0,28.4400000000016
28.44,3,2,23.3600006103516,0,28.4500000000016
28.45,3,2,23.3700008392334,0,28.4600000000016
28.46,3,2,23.3799991607666,0,28.4700000000017
28.47,3,2,23.3899993896484,0,28.4800000000017
28.48,3,2,23.3999996185303,0,28.4900000000017
28.49,3,2,23.4099998474121,0,28.5000000000017
28.5,3,2,23.4200000762939,0,28.5100000000017
28.51,3,2,23.4300003051758,0,28.5200000000017
28.52,3,2,23.4400005340576,0,28.5300000000017
28.53,3,2,23.4500007629395,0,28.5400000000017
28.54,3,2,23.4599990844727,0,28.5500000000017
28.55,3,2,23.4699993133545,0,28.5600000000017
28.56,3,2,23.4799995422363,0,28.5700000000017
28.57,3,2,23.4899997711182,0,28.5800000000017
28.58,3,2,23.5,0,28.5900000000017
28.59,3,2,23.5100002288818,0,28.6000000000017
28.6,3,2,23.5200004577637,0,28.6100000000017
28.61,3,2,23.5300006866455,0,28.6200000000017
28.62,3,2,23.5400009155273,0,28.6300000000017
28.63,3,2,23.5499992370605,0,28.6400000000017
28.64,3,2,23.5599994659424,0,28.6500000000017
28.65,3,2,23.5699996948242,0,28.6600000000017
28.66,3,2,23.5799999237061,0,28.6700000000017
28.67,3,2,23.5900001525879,0,28.6800000000017
28.68,3,2,23.6000003814697,0,28.6900000000017
28.69,3,2,23.6100006103516,0,28.7000000000017
28.7,3,2,23.6200008392334,0,28.7100000000017
28.71,3,2,23.6299991607666,0,28.7200000000017
28.72,3,2,23.6399993896484,0,28.7300000000017
28.73,3,2,23.6499996185303,0,28.7400000000017
28.74,3,2,23.6599998474121,0,28.7500000000017
28.75,3,2,23.6700000762939,0,28.7600000000017
28.76,3,2,23.6800003051758,0,28.7700000000017
28.77,3,2,23.6900005340576,0,28.7800000000017
28.78,3,2,23.7000007629395,0,28.7900000000017
28.79,3,2,23.7099990844727,0,28.8000000000017
28.8,3,2,23.7199993133545,0,28.8100000000017
28.81,3,2,23.7299995422363,0,28.8200000000017
28.82,3,2,23.7399997711182,0,28.8300000000017
28.83,3,2,23.75,0,28.8400000000017
28.84,3,2,23.7600002288818,0,28.8500000000017
28.85,3,2,23.7700004577637,0,28.8600000000017
28.86,3,2,23.7800006866455,0,28.8700000000017
28.87,3,2,23.7900009155273,0,28.8800000000017
28.88,3,2,23.7999992370605,0,28.8900000000017
28.89,3,2,23.8099994659424,0,28.9000000000017
28.9,3,2,23.8199996948242,0,28.9100000000017
28.91,3,2,23.8299999237061,0,28.9200000000017
28.92,3,2,23.8400001525879,0,28.9300000000017
28.93,3,2,23.8500003814697,0,28.9400000000017
28.94,3,2,23.8600006103516,0,28.9500000000017
28.95,3,2,23.8700008392334,0,28.9600000000017
28.96,3,2,23.8799991607666,0,28.9700000000017
28.97,3,2,23.8899993896484,0,28.9800000000017
28.98,3,2,23.8999996185303,0,28.9900000000017
28.99,3,2,23.9099998474121,0,29.0000000000017
29,3,2,23.9200000762939,0,29.0100000000017
29.01,3,2,23.9300003051758,0,29.0200000000017
29.02,3,2,23.9400005340576,0,29.0300000000017
29.03,3,2,23.9500007629395,0,29.0400000000017
29.04,3,2,23.9599990844727,0,29.0500000000017
29.05,3,2,23.9699993133545,0,29.0600000000017
29.06,3,2,23.9799995422363,0,29.0700000000017
29.07,3,2,23.9899997711182,0,29.0800000000017
29.08,3,2,24,0,29.0900000000017
29.09,3,2,24.0100002288818,0,29.1000000000017
29.1,3,2,24.0200004577637,0,29.1100000000018
29.11,3,2,24.0300006866455,0,29.1200000000018
29.12,3,2,24.0400009155273,0,29.1300000000018
29.13,3,2,24.0499992370605,0,29.1400000000018
29.14,3,2,24.0599994659424,0,29.1500000000018
29.15,3,2,24.0699996948242,0,29.1600000000018
29.16,3,2,24.0799999237061,0,29.1700000000018
29.17,3,2,24.0900001525879,0,29.1800000000018
29.18,3,2,24.1000003814697,0,29.1900000000018
29.19,3,2,24.1100006103516,0,29.2000000000018
29.2,3,2,24.1200008392334,0,29.2100000000018
29.21,3,2,24.1299991607666,0,29.2200000000018
29.22,3,2,24.1399993896484,0,29.2300000000018
29.23,3,2,24.1499996185303,0,29.2400000000018
29.24,3,2,24.1599998474121,0,29.2500000000018
29.25,3,2,24.1700000762939,0,29.2600000000018
29.26,3,2,24.1800003051758,0,29.2700000000018
29.27,3,2,24.1900005340576,0,29.2800000000018
29.28,3,2,24.2000007629395,0,29.2900000000018
29.29,3,2,24.2099990844727,0,29.3000000000018
29.3,3,2,24.2199993133545,0,29.3100000000018
29.31,3,2,24.2299995422363,0,29.3200000000018
29.32,3,2,24.2399997711182,0,29.3300000000018
29.33,3,2,24.25,0,29.3400000000018
29.34,3,2,24.2600002288818,0,29.3500000000018
29.35,3,2,24.2700004577637,0,29.3600000000018
29.36,3,2,24.2800006866455,0,29.3700000000018
29.37,3,2,24.2900009155273,0,29.3800000000018
29.38,3,2,24.2999992370605,0,29.3900000000018
29.39,3,2,24.3099994659424,0,29.4000000000018
29.4,3,2,24.3199996948242,0,29.4100000000018
29.41,3,2,24.3299999237061,0,29.4200000000018
29.42,3,2,24.3400001525879,0,29.4300000000018
29.43,3,2,24.3500003814697,0,29.4400000000018
29.44,3,2,24.3600006103516,0,29.4500000000018
29.45,3,2,24.3700008392334,0,29.4600000000018
29.46,3,2,24.3799991607666,0,29.4700000000018
29.47,3,2,24.3899993896484,0,29.4800000000018
29.48,3,2,24.3999996185303,0,29.4900000000018
29.49,3,2,24.4099998474121,0,29.5000000000018
29.5,3,2,24.4200000762939,0,29.5100000000018
29.51,3,2,24.4300003051758,0,29.5200000000018
29.52,3,2,24.4400005340576,0,29.5300000000018
29.53,3,2,24.4500007629395,0,29.5400000000018
29.54,3,2,24.4599990844727,0,29.5500000000018
29.55,3,2,24.4699993133545,0,29.5600000000018
29.56,3,2,24.4799995422363,0,29.5700000000018
29.57,3,2,24.4899997711182,0,29.5800000000018
29.58,3,2,24.5,0,29.5900000000018
29.59,3,2,24.5100002288818,0,29.6000000000018
29.6,3,2,24.5200004577637,0,29.6100000000018
29.61,3,2,24.5300006866455,0,29.6200000000018
29.62,3,2,24.5400009155273,0,29.6300000000018
29.63,3,2,24.5499992370605,0,29.6400000000018
29.64,3,2,24.5599994659424,0,29.6500000000018
29.65,3,2,24.5699996948242,0,29.6600000000018
29.66,3,2,24.5799999237061,0,29.6700000000018
29.67,3,2,24.5900001525879,0,29.6800000000018
29.68,3,2,24.6000003814697,0,29.6900000000018
29.69,3,2,24.6100006103516,0,29.7000000000018
29.7,3,2,24.6200008392334,0,29.7100000000018
29.71,3,2,24.6299991607666,0,29.7200000000018
29.72,3,2,24.6399993896484,0,29.7300000000018
29.73,3,2,24.6499996185303,0,29.7400000000018
29.74,3,2,24.6599998474121,0,29.7500000000019
29.75,3,2,24.6700000762939,0,29.7600000000019
29.76,3,2,24.6800003051758,0,29.7700000000019
29.77,3,2,24.6900005340576,0,29.7800000000019
29.78,3,2,24.7000007629395,0,29.7900000000019
29.79,3,2,24.7099990844727,0,29.8000000000019
29.8,3,2,24.7199993133545,0,29.8100000000019
29.81,3,2,24.7299995422363,0,29.8200000000019
29.82,3,2,24.7399997711182,0,29.8300000000019
29.83,3,2,24.75,0,29.8400000000019
29.84,3,2,24.7600002288818,0,29.8500000000019
29.85,3,2,24.7700004577637,0,29.8600000000019
29.86,3,2,24.7800006866455,0,29.8700000000019
29.87,3,2,24.7900009155273,0,29.8800000000019
29.88,3,2,24.7999992370605,0,29.8900000000019
29.89,3,2,24.8099994659424,0,29.9000000000019
29.9,3,2,24.8199996948242,0,29.9100000000019
29.91,3,2,24.8299999237061,0,29.9200000000019
29.92,3,2,24.8400001525879,0,29.9300000000019
29.93,3,2,24.8500003814697,0,29.9400000000019
29.94,3,2,24.8600006103516,0,29.9500000000019
29.95,3,2,24.8700008392334,0,29.9600000000019
29.96,3,2,24.8799991607666,0,29.9700000000019
29.97,3,2,24.8899993896484,0,29.9800000000019
29.98,3,2,24.8999996185303,0,29.9900000000019
29.99,3,2,24.9099998474121,0,30.0000000000019
30,3,2,24.9200000762939,0,30.0100000000019
30.01,3,2,24.9300003051758,0,30.0200000000019
30.02,3,2,24.9400005340576,0,30.0300000000019
30.03,3,2,24.9500007629395,0,30.0400000000019
30.04,3,2,24.9599990844727,0,30.0500000000019
30.05,3,2,24.9699993133545,0,30.0600000000019
30.06,3,2,24.9799995422363,0,30.0700000000019
30.07,3,2,24.9899997711182,0,30.0800000000019
30.08,3,2,25,0,30.0900000000019
30.09,3,2,25.0100002288818,0,30.1000000000019
30.1,3,2,25.0200004577637,0,30.1100000000019
30.11,3,2,25.0300006866455,0,30.1200000000019
30.12,3,2,25.0400009155273,0,30.1300000000019
30.13,3,2,25.0499992370605,0,30.1400000000019
30.14,3,2,25.0599994659424,0,30.1500000000019
30.15,3,2,25.0699996948242,0,30.1600000000019
30.16,3,2,25.0799999237061,0,30.1700000000019
30.17,3,2,25.0900001525879,0,30.1800000000019
30.18,3,2,25.1000003814697,0,30.1900000000019
30.19,3,2,25.1100006103516,0,30.2000000000019
30.2,3,2,25.1200008392334,0,30.2100000000019
30.21,3,2,25.1299991607666,0,30.2200000000019
30.22,3,2,25.1399993896484,0,30.2300000000019
30.23,3,2,25.1499996185303,0,30.2400000000019
30.24,3,2,25.1599998474121,0,30.2500000000019
30.25,3,2,25.1700000762939,0,30.2600000000019
30.26,3,2,25.1800003051758,0,30.2700000000019
30.27,3,2,25.1900005340576,0,30.2800000000019
30.28,3,2,25.2000007629395,0,30.2900000000019
30.29,3,2,25.2099990844727,0,30.3000000000019
30.3,3,2,25.2199993133545,0,30.3100000000019
30.31,3,2,25.2299995422363,0,30.3200000000019
30.32,3,2,25.2399997711182,0,30.3300000000019
30.33,3,2,25.25,0,30.3400000000019
30.34,3,2,25.2600002288818,0,30.3500000000019
30.35,3,2,25.2700004577637,0,30.3600000000019
30.36,3,2,25.2800006866455,0,30.3700000000019
30.37,3,2,25.2900009155273,0,30.3800000000019
30.38,3,2,25.2999992370605,0,30.390000000002
30.39,3,2,25.3099994659424,0,30.400000000002
30.4,3,2,25.3199996948242,0,30.410000000002
30.41,3,2,25.3299999237061,0,30.420000000002
30.42,3,2,25.3400001525879,0,30.430000000002
30.43,3,2,25.3500003814697,0,30.440000000002
30.44,3,2,25.3600006103516,0,30.450000000002
30.45,3,2,25.3700008392334,0,30.460000000002
30.46,3,2,25.3799991607666,0,30.470000000002
30.47,3,2,25.3899993896484,0,30.480000000002
30.48,3,2,25.3999996185303,0,30.490000000002
30.49,3,2,25.4099998474121,0,30.500000000002
30.5,3,2,25.4200000762939,0,30.510000000002
30.51,3,2,25.4300003051758,0,30.520000000002
30.52,3,2,25.4400005340576,0,30.530000000002
30.53,3,2,25.4500007629395,0,30.540000000002
30.54,3,2,25.4599990844727,0,30.550000000002
30.55,3,2,25.4699993133545,0,30.560000000002
30.56,3,2,25.4799995422363,0,30.570000000002
30.57,3,2,25.4899997711182,0,30.580000000002
30.58,3,2,25.5,0,30.590000000002
30.59,3,2,25.5100002288818,0,30.600000000002
30.6,3,2,25.5200004577637,0,30.610000000002
30.61,3,2,25.5300006866455,0,30.620000000002
30.62,3,2,25.5400009155273,0,30.630000000002
30.63,3,2,25.5499992370605,0,30.640000000002
30.64,3,2,25.5599994659424,0,30.650000000002
30.65,3,2,25.5699996948242,0,30.660000000002
30.66,3,2,25.5799999237061,0,30.670000000002
30.67,3,2,25.5900001525879,0,30.680000000002
30.68,3,2,25.6000003814697,0,30.690000000002
30.69,3,2,25.6100006103516,0,30.700000000002
30.7,3,2,25.6200008392334,0,30.710000000002
30.71,3,2,25.6299991607666,0,30.720000000002
30.72,3,2,25.6399993896484,0,30.730000000002
30.73,3,2,25.6499996185303,0,30.740000000002
30.74,3,2,25.6599998474121,0,30.750000000002
30.75,3,2,25.6700000762939,0,30.760000000002
30.76,3,2,25.6800003051758,0,30.770000000002
30.77,3,2,25.6900005340576,0,30.780000000002
30.78,3,2,25.7000007629395,0,30.790000000002
30.79,3,2,25.7099990844727,0,30.800000000002
30.8,3,2,25.7199993133545,0,30.810000000002
30.81,3,2,25.7299995422363,0,30.820000000002
30.82,3,2,25.7399997711182,0,30.830000000002
30.83,3,2,25.75,0,30.840000000002
30.84,3,2,25.7600002288818,0,30.850000000002
30.85,3,2,25.7700004577637,0,30.860000000002
30.86,3,2,25.7800006866455,0,30.870000000002
30.87,3,2,25.7900009155273,0,30.880000000002
30.88,3,2,25.7999992370605,0,30.890000000002
30.89,3,2,25.8099994659424,0,30.900000000002
30.9,3,2,25.8199996948242,0,30.910000000002
30.91,3,2,25.8299999237061,0,30.920000000002
30.92,3,2,25.8400001525879,0,30.930000000002
30.93,3,2,25.8500003814697,0,30.940000000002
30.94,3,2,25.8600006103516,0,30.950000000002
30.95,3,2,25.8700008392334,0,30.960000000002
30.96,3,2,25.8799991607666,0,30.970000000002
30.97,3,2,25.8899993896484,0,30.980000000002
30.98,3,2,25.8999996185303,0,30.990000000002
30.99,3,2,25.9099998474121,0,31.000000000002
31,3,2,25.9200000762939,0,31.010000000002
31.01,3,2,25.9300003051758,0,31.020000000002
31.02,3,2,25.9400005340576,0,31.0300000000021
31.03,3,2,25.9500007629395,0,31.0400000000021
31.04,3,2,25.9599990844727,0,31.0500000000021
31.05,3,2,25.9699993133545,0,31.0600000000021
31.06,3,2,25.9799995422363,0,31.0700000000021
31.07,3,2,25.9899997711182,0,31.0800000000021
31.08,3,2,26,0,31.0900000000021
31.09,3,2,26.0100002288818,0,31.1000000000021
31.1,3,2,26.0200004577637,0,31.1100000000021
31.11,3,2,26.0300006866455,0,31.1200000000021
31.12,3,2,26.0400009155273,0,31.1300000000021
31.13,3,2,26.0499992370605,0,31.1400000000021
31.14,3,2,26.0599994659424,0,31.1500000000021
31.15,3,2,26.0699996948242,0,31.1600000000021
31.16,3,2,26.0799999237061,0,31.1700000000021
31.17,3,2,26.0900001525879,0,31.1800000000021
31.18,3,2,26.1000003814697,0,31.1900000000021
31.19,3,2,26.1100006103516,0,31.2000000000021
31.2,3,2,26.1200008392334,0,31.2100000000021
31.21,3,2,26.1299991607666,0,31.2200000000021
31.22,3,2,26.1399993896484,0,31.2300000000021
31.23,3,2,26.1499996185303,0,31.2400000000021
31.24,3,2,26.1599998474121,0,31.2500000000021
31.25,3,2,26.1700000762939,0,31.2600000000021
31.26,3,2,26.1800003051758,0,31.2700000000021
31.27,3,2,26.1900005340576,0,31.2800000000021
31.28,3,2,26.2000007629395,0,31.2900000000021
31.29,3,2,26.2099990844727,0,31.3000000000021
31.3,3,2,26.2199993133545,0,31.3100000000021
31.31,3,2,26.2299995422363,0,31.3200000000021
31.32,3,2,26.2399997711182,0,31.3300000000021
31.33,3,2,26.25,0,31.3400000000021
31.34,3,2,26.2600002288818,0,31.3500000000021
31.35,3,2,26.2700004577637,0,31.3600000000021
31.36,3,2,26.2800006866455,0,31.3700000000021
31.37,3,2,26.2900009155273,0,31.3800000000021
31.38,3,2,26.2999992370605,0,31.3900000000021
31.39,3,2,26.3099994659424,0,31.4000000000021
31.4,3,2,26.3199996948242,0,31.4100000000021
31.41,3,2,26.3299999237061,0,31.4200000000021
31.42,3,2,26.3400001525879,0,31.4300000000021
31.43,3,2,26.3500003814697,0,31.4400000000021
31.44,3,2,26.3600006103516,0,31.4500000000021
31.45,3,2,26.3700008392334,0,31.4600000000021
31.46,3,2,26.3799991607666,0,31.4700000000021
31.47,3,2,26.3899993896484,0,31.4800000000021
31.48,3,2,26.3999996185303,0,31.4900000000021
31.49,3,2,26.4099998474121,0,31.5000000000021
31.5,3,2,26.4200000762939,0,31.5100000000021
31.51,3,2,26.4300003051758,0,31.5200000000021
31.52,3,2,26.4400005340576,0,31.5300000000021
31.53,3,2,26.4500007629395,0,31.5400000000021
31.54,3,2,26.4599990844727,0,31.5500000000021
31.55,3,2,26.4699993133545,0,31.5600000000021
31.56,3,2,26.4799995422363,0,31.5700000000021
31.57,3,2,26.4899997711182,0,31.5800000000021
31.58,3,2,26.5,0,31.5900000000021
31.59,3,2,26.5100002288818,0,31.6000000000021
31.6,3,2,26.5200004577637,0,31.6100000000021
31.61,3,2,26.5300006866455,0,31.6200000000021
31.62,3,2,26.5400009155273,0,31.6300000000021
31.63,3,2,26.5499992370605,0,31.6400000000021
31.64,3,2,26.5599994659424,0,31.6500000000021
31.65,3,2,26.5699996948242,0,31.6600000000021
31.66,3,2,26.5799999237061,0,31.6700000000022
31.67,3,2,26.5900001525879,0,31.6800000000022
31.68,3,2,26.6000003814697,0,31.6900000000022
31.69,3,2,26.6100006103516,0,31.7000000000022
31.7,3,2,26.6200008392334,0,31.7100000000022
31.71,3,2,26.6299991607666,0,31.7200000000022
31.72,3,2,26.6399993896484,0,31.7300000000022
31.73,3,2,26.6499996185303,0,31.7400000000022
31.74,3,2,26.6599998474121,0,31.7500000000022
31.75,3,2,26.6700000762939,0,31.7600000000022
31.76,3,2,26.6800003051758,0,31.7700000000022
31.77,3,2,26.6900005340576,0,31.7800000000022
31.78,3,2,26.7000007629395,0,31.7900000000022
31.79,3,2,26.7099990844727,0,31.8000000000022
31.8,3,2,26.7199993133545,0,31.8100000000022
31.81,3,2,26.7299995422363,0,31.8200000000022
31.82,3,2,26.7399997711182,0,31.8300000000022
31.83,3,2,26.75,0,31.8400000000022
31.84,3,2,26.7600002288818,0,31.8500000000022
31.85,3,2,26.7700004577637,0,31.8600000000022
31.86,3,2,26.7800006866455,0,31.8700000000022
31.87,3,2,26.7900009155273,0,31.8800000000022
31.88,3,2,26.7999992370605,0,31.8900000000022
31.89,3,2,26.8099994659424,0,31.9000000000022
31.9,3,2,26.8199996948242,0,31.9100000000022
31.91,3,2,26.8299999237061,0,31.9200000000022
31.92,3,2,26.8400001525879,0,31.9300000000022
31.93,3,2,26.8500003814697,0,31.9400000000022
31.94,3,2,26.8600006103516,0,31.9500000000022
31.95,3,2,26.8700008392334,0,31.9600000000022
31.96,3,2,26.8799991607666,0,31.9700000000022
31.97,3,2,26.8899993896484,0,31.9800000000022
31.98,3,2,26.8999996185303,0,31.9900000000022
31.99,3,2,26.9099998474121,0,32.0000000000022
32,3,2,26.9200000762939,0,32.0100000000022
32.01,3,2,26.9300003051758,0,32.0200000000022
32.02,3,2,26.9400005340576,0,32.0300000000022
32.03,3,2,26.9500007629395,0,32.0400000000022
32.04,3,2,26.9599990844727,0,32.0500000000022
32.05,3,2,26.9699993133545,0,32.0600000000022
32.06,3,2,26.9799995422363,0,32.0700000000022
32.07,3,2,26.9899997711182,0,32.0800000000022
32.08,3,2,27,0,32.0900000000022
32.09,3,2,27.0100002288818,0,32.1000000000022
32.1,3,2,27.0200004577637,0,32.1100000000022
32.11,3,2,27.0300006866455,0,32.1200000000022
32.12,3,2,27.0400009155273,0,32.1300000000022
32.13,3,2,27.0499992370605,0,32.1400000000022
32.14,3,2,27.0599994659424,0,32.1500000000022
32.15,3,2,27.0699996948242,0,32.1600000000022
32.16,3,2,27.0799999237061,0,32.1700000000022
32.17,3,2,27.0900001525879,0,32.1800000000022
32.18,3,2,27.1000003814697,0,32.1900000000022
32.19,3,2,27.1100006103516,0,32.2000000000022
32.2,3,2,27.1200008392334,0,32.2100000000022
32.21,3,2,27.1299991607666,0,32.2200000000022
32.22,3,2,27.1399993896484,0,32.2300000000022
32.23,3,2,27.1499996185303,0,32.2400000000022
32.24,3,2,27.1599998474121,0,32.2500000000022
32.25,3,2,27.1700000762939,0,32.2600000000022
32.26,3,2,27.1800003051758,0,32.2700000000021
32.27,3,2,27.1900005340576,0,32.2800000000021
32.28,3,2,27.2000007629395,0,32.2900000000021
32.29,3,2,27.2099990844727,0,32.3000000000021
32.3,3,2,27.2199993133545,0,32.3100000000021
32.31,3,2,27.2299995422363,0,32.3200000000021
32.32,3,2,27.2399997711182,0,32.3300000000021
32.33,3,2,27.25,0,32.3400000000021
32.34,3,2,27.2600002288818,0,32.3500000000021
32.35,3,2,27.2700004577637,0,32.3600000000021
32.36,3,2,27.2800006866455,0,32.3700000000021
32.37,3,2,27.2900009155273,0,32.3800000000021
32.38,3,2,27.2999992370605,0,32.3900000000021
32.39,3,2,27.3099994659424,0,32.4000000000021
32.4,3,2,27.3199996948242,0,32.4100000000021
32.41,3,2,27.3299999237061,0,32.4200000000021
32.42,3,2,27.3400001525879,0,32.4300000000021
32.43,3,2,27.3500003814697,0,32.4400000000021
32.44,3,2,27.3600006103516,0,32.4500000000021
32.45,3,2,27.3700008392334,0,32.4600000000021
32.46,3,2,27.3799991607666,0,32.4700000000021
32.47,3,2,27.3899993896484,0,32.4800000000021
32.48,3,2,27.3999996185303,0,32.4900000000021
32.49,3,2,27.4099998474121,0,32.5000000000021
32.5,3,2,27.4200000762939,0,32.5100000000021
32.51,3,2,27.4300003051758,0,32.5200000000021
32.52,3,2,27.4400005340576,0,32.5300000000021
32.53,3,2,27.4500007629395,0,32.5400000000021
32.54,3,2,27.4599990844727,0,32.5500000000021
32.55,3,2,27.4699993133545,0,32.5600000000021
32.56,3,2,27.4799995422363,0,32.5700000000021
32.57,3,2,27.4899997711182,0,32.5800000000021
32.58,3,2,27.5,0,32.5900000000021
32.59,3,2,27.5100002288818,0,32.6000000000021
32.6,3,2,27.5200004577637,0,32.6100000000021
32.61,3,2,27.5300006866455,0,32.6200000000021
32.62,3,2,27.5400009155273,0,32.6300000000021
32.63,3,2,27.5499992370605,0,32.6400000000021
32.64,3,2,27.5599994659424,0,32.6500000000021
32.65,3,2,27.5699996948242,0,32.6600000000021
32.66,3,2,27.5799999237061,0,32.6700000000021
32.67,3,2,27.5900001525879,0,32.6800000000021
32.68,3,2,27.6000003814697,0,32.6900000000021
32.69,3,2,27.6100006103516,0,32.7000000000021
32.7,3,2,27.6200008392334,0,32.7100000000021
32.71,3,2,27.6299991607666,0,32.7200000000021
32.72,3,2,27.6399993896484,0,32.7300000000021
32.73,3,2,27.6499996185303,0,32.7400000000021
32.74,3,2,27.6599998474121,0,32.7500000000021
32.75,3,2,27.6700000762939,0,32.7600000000021
32.76,3,2,27.6800003051758,0,32.770000000002
32.77,3,2,27.6900005340576,0,32.780000000002
32.78,3,2,27.7000007629395,0,32.790000000002
32.79,3,2,27.7099990844727,0,32.800000000002
32.8,3,2,27.7199993133545,0,32.810000000002
32.81,3,2,27.7299995422363,0,32.820000000002
32.82,3,2,27.7399997711182,0,32.830000000002
32.83,3,2,27.75,0,32.840000000002
32.84,3,2,27.7600002288818,0,32.850000000002
32.85,3,2,27.7700004577637,0,32.860000000002
32.86,3,2,27.7800006866455,0,32.870000000002
32.87,3,2,27.7900009155273,0,32.880000000002
32.88,3,2,27.7999992370605,0,32.890000000002
32.89,3,2,27.8099994659424,0,32.900000000002
32.9,3,2,27.8199996948242,0,32.910000000002
32.91,3,2,27.8299999237061,0,32.920000000002
32.92,3,2,27.8400001525879,0,32.930000000002
32.93,3,2,27.8500003814697,0,32.940000000002
32.94,3,2,27.8600006103516,0,32.950000000002
32.95,3,2,27.8700008392334,0,32.960000000002
32.96,3,2,27.8799991607666,0,32.970000000002
32.97,3,2,27.8899993896484,0,32.980000000002
32.98,3,2,27.8999996185303,0,32.990000000002
32.99,3,2,27.9099998474121,0,33.000000000002
33,3,2,27.9200000762939,0,33.010000000002
33.01,3,2,27.9300003051758,0,33.020000000002
33.02,3,2,27.9400005340576,0,33.030000000002
33.03,3,2,27.9500007629395,0,33.040000000002
33.04,3,2,27.9599990844727,0,33.050000000002
33.05,3,2,27.9699993133545,0,33.060000000002
33.06,3,2,27.9799995422363,0,33.070000000002
33.07,3,2,27.9899997711182,0,33.080000000002
33.08,3,2,28,0,33.090000000002
33.09,3,2,28.0100002288818,0,33.100000000002
33.1,3,2,28.0200004577637,0,33.110000000002
33.11,3,2,28.0300006866455,0,33.120000000002
33.12,3,2,28.0400009155273,0,33.130000000002
33.13,3,2,28.0499992370605,0,33.140000000002
33.14,3,2,28.0599994659424,0,33.150000000002
33.15,3,2,28.0699996948242,0,33.160000000002
33.16,3,2,28.0799999237061,0,33.170000000002
33.17,3,2,28.0900001525879,0,33.180000000002
33.18,3,2,28.1000003814697,0,33.190000000002
33.19,3,2,28.1100006103516,0,33.200000000002
33.2,3,2,28.1200008392334,0,33.210000000002
33.21,3,2,28.1299991607666,0,33.220000000002
33.22,3,2,28.1399993896484,0,33.230000000002
33.23,3,2,28.1499996185303,0,33.240000000002
33.24,3,2,28.1599998474121,0,33.250000000002
33.25,3,2,28.1700000762939,0,33.260000000002
33.26,3,2,28.1800003051758,0,33.270000000002
33.27,3,2,28.1900005340576,0,33.2800000000019
33.28,3,2,28.2000007629395,0,33.2900000000019
33.29,3,2,28.2099990844727,0,33.3000000000019
33.3,3,2,28.2199993133545,0,33.3100000000019
33.31,3,2,28.2299995422363,0,33.3200000000019
33.32,3,2,28.2399997711182,0,33.3300000000019
33.33,3,2,28.25,0,33.3400000000019
33.34,3,2,28.2600002288818,0,33.3500000000019
33.35,3,2,28.2700004577637,0,33.3600000000019
33.36,3,2,28.2800006866455,0,33.3700000000019
33.37,3,2,28.2900009155273,0,33.3800000000019
33.38,3,2,28.2999992370605,0,33.3900000000019
33.39,3,2,28.3099994659424,0,33.4000000000019
33.4,3,2,28.3199996948242,0,33.4100000000019
33.41,3,2,28.3299999237061,0,33.4200000000019
33.42,3,2,28.3400001525879,0,33.4300000000019
33.43,3,2,28.3500003814697,0,33.4400000000019
33.44,3,2,28.3600006103516,0,33.4500000000019
33.45,3,2,28.3700008392334,0,33.4600000000019
33.46,3,2,28.3799991607666,0,33.4700000000019
33.47,3,2,28.3899993896484,0,33.4800000000019
33.48,3,2,28.3999996185303,0,33.4900000000019
33.49,3,2,28.4099998474121,0,33.5000000000019
33.5,3,2,28.4200000762939,0,33.5100000000019
33.51,3,2,28.4300003051758,0,33.5200000000019
33.52,3,2,28.4400005340576,0,33.5300000000019
33.53,3,2,28.4500007629395,0,33.5400000000019
33.54,3,2,28.4599990844727,0,33.5500000000019
33.55,3,2,28.4699993133545,0,33.5600000000019
33.56,3,2,28.4799995422363,0,33.5700000000019
33.57,3,2,28.4899997711182,0,33.5800000000019
33.58,3,2,28.5,0,33.5900000000019
33.59,3,2,28.5100002288818,0,33.6000000000019
33.6,3,2,28.5200004577637,0,33.6100000000019
33.61,3,2,28.5300006866455,0,33.6200000000019
33.62,3,2,28.5400009155273,0,33.6300000000019
33.63,3,2,28.5499992370605,0,33.6400000000019
33.64,3,2,28.5599994659424,0,33.6500000000019
33.65,3,2,28.5699996948242,0,33.6600000000019
33.66,3,2,28.5799999237061,0,33.6700000000019
33.67,3,2,28.5900001525879,0,33.6800000000019
33.68,3,2,28.6000003814697,0,33.6900000000019
33.69,3,2,28.6100006103516,0,33.7000000000019
33.7,3,2,28.6200008392334,0,33.7100000000019
33.71,3,2,28.6299991607666,0,33.7200000000019
33.72,3,2,28.6399993896484,0,33.7300000000019
33.73,3,2,28.6499996185303,0,33.7400000000019
33.74,3,2,28.6599998474121,0,33.7500000000019
33.75,3,2,28.6700000762939,0,33.7600000000019
33.76,3,2,28.6800003051758,0,33.7700000000019
33.77,3,2,28.6900005340576,0,33.7800000000018
33.78,3,2,28.7000007629395,0,33.7900000000018
33.79,3,2,28.7099990844727,0,33.8000000000018
33.8,3,2,28.7199993133545,0,33.8100000000018
33.81,3,2,28.7299995422363,0,33.8200000000018
33.82,3,2,28.7399997711182,0,33.8300000000018
33.83,3,2,28.75,0,33.8400000000018
33.84,3,2,28.7600002288818,0,33.8500000000018
33.85,3,2,28.7700004577637,0,33.8600000000018
33.86,3,2,28.7800006866455,0,33.8700000000018
33.87,3,2,28.7900009155273,0,33.8800000000018
33.88,3,2,28.7999992370605,0,33.8900000000018
33.89,3,2,28.8099994659424,0,33.9000000000018
33.9,3,2,28.8199996948242,0,33.9100000000018
33.91,3,2,28.8299999237061,0,33.9200000000018
33.92,3,2,28.8400001525879,0,33.9300000000018
33.93,3,2,28.8500003814697,0,33.9400000000018
33.94,3,2,28.8600006103516,0,33.9500000000018
33.95,3,2,28.8700008392334,0,33.9600000000018
33.96,3,2,28.8799991607666,0,33.9700000000018
33.97,3,2,28.8899993896484,0,33.9800000000018
33.98,3,2,28.8999996185303,0,33.9900000000018
33.99,3,2,28.9099998474121,0,34.0000000000018
34,3,2,28.9200000762939,0,34.0100000000018
34.01,3,2,28.9300003051758,0,34.0200000000018
34.02,3,2,28.9400005340576,0,34.0300000000018
34.03,3,2,28.9500007629395,0,34.0400000000018
34.04,3,2,28.9599990844727,0,34.0500000000018
34.05,3,2,28.9699993133545,0,34.0600000000018
34.06,3,2,28.9799995422363,0,34.0700000000018
34.07,3,2,28.9899997711182,0,34.0800000000018
34.08,3,2,29,0,34.0900000000018
34.09,3,2,29.0100002288818,0,34.1000000000018
34.1,3,2,29.0200004577637,0,34.1100000000018
34.11,3,2,29.0300006866455,0,34.1200000000018
34.12,3,2,29.0400009155273,0,34.1300000000018
34.13,3,2,29.0499992370605,0,34.1400000000018
34.14,3,2,29.0599994659424,0,34.1500000000018
34.15,3,2,29.0699996948242,0,34.1600000000018
34.16,3,2,29.0799999237061,0,34.1700000000018
34.17,3,2,29.0900001525879,0,34.1800000000018
34.18,3,2,29.1000003814697,0,34.1900000000018
34.19,3,2,29.1100006103516,0,34.2000000000018
34.2,3,2,29.1200008392334,0,34.2100000000018
34.21,3,2,29.1299991607666,0,34.2200000000018
34.22,3,2,29.1399993896484,0,34.2300000000018
34.23,3,2,29.1499996185303,0,34.2400000000018
34.24,3,2,29.1599998474121,0,34.2500000000018
34.25,3,2,29.1700000762939,0,34.2600000000018
34.26,3,2,29.1800003051758,0,34.2700000000018
34.27,3,2,29.1900005340576,0,34.2800000000017
34.28,3,2,29.2000007629395,0,34.2900000000017
34.29,3,2,29.2099990844727,0,34.3000000000017
34.3,3,2,29.2199993133545,0,34.3100000000017
34.31,3,2,29.2299995422363,0,34.3200000000017
34.32,3,2,29.2399997711182,0,34.3300000000017
34.33,3,2,29.25,0,34.3400000000017
34.34,3,2,29.2600002288818,0,34.3500000000017
34.35,3,2,29.2700004577637,0,34.3600000000017
34.36,3,2,29.2800006866455,0,34.3700000000017
34.37,3,2,29.2900009155273,0,34.3800000000017
34.38,3,2,29.2999992370605,0,34.3900000000017
34.39,3,2,29.3099994659424,0,34.4000000000017
34.4,3,2,29.3199996948242,0,34.4100000000017
34.41,3,2,29.3299999237061,0,34.4200000000017
34.42,3,2,29.3400001525879,0,34.4300000000017
34.43,3,2,29.3500003814697,0,34.4400000000017
34.44,3,2,29.3600006103516,0,34.4500000000017
34.45,3,2,29.3700008392334,0,34.4600000000017
34.46,3,2,29.3799991607666,0,34.4700000000017
34.47,3,2,29.3899993896484,0,34.4800000000017
34.48,3,2,29.3999996185303,0,34.4900000000017
34.49,3,2,29.4099998474121,0,34.5000000000017
34.5,3,2,29.4200000762939,0,34.5100000000017
34.51,3,2,29.4300003051758,0,34.5200000000017
34.52,3,2,29.4400005340576,0,34.5300000000017
34.53,3,2,29.4500007629395,0,34.5400000000017
34.54,3,2,29.4599990844727,0,34.5500000000017
34.55,3,2,29.4699993133545,0,34.5600000000017
34.56,3,2,29.4799995422363,0,34.5700000000017
34.57,3,2,29.4899997711182,0,34.5800000000017
34.58,3,2,29.5,0,34.5900000000017
34.59,3,2,29.5100002288818,0,34.6000000000017
34.6,3,2,29.5200004577637,0,34.6100000000017
34.61,3,2,29.5300006866455,0,34.6200000000017
34.62,3,2,29.5400009155273,0,34.6300000000017
34.63,3,2,29.5499992370605,0,34.6400000000017
34.64,3,2,29.5599994659424,0,34.6500000000017
34.65,3,2,29.5699996948242,0,34.6600000000017
34.66,3,2,29.5799999237061,0,34.6700000000017
34.67,3,2,29.5900001525879,0,34.6800000000017
34.68,3,2,29.6000003814697,0,34.6900000000017
34.69,3,2,29.6100006103516,0,34.7000000000017
34.7,3,2,29.6200008392334,0,34.7100000000017
34.71,3,2,29.6299991607666,0,34.7200000000017
34.72,3,2,29.6399993896484,0,34.7300000000017
34.73,3,2,29.6499996185303,0,34.7400000000017
34.74,3,2,29.6599998474121,0,34.7500000000017
34.75,3,2,29.6700000762939,0,34.7600000000017
34.76,3,2,29.6800003051758,0,34.7700000000017
34.77,3,2,29.6900005340576,0,34.7800000000016
34.78,3,2,29.7000007629395,0,34.7900000000016
34.79,3,2,29.7099990844727,0,34.8000000000016
34.8,3,2,29.7199993133545,0,34.8100000000016
34.81,3,2,29.7299995422363,0,34.8200000000016
34.82,3,2,29.7399997711182,0,34.8300000000016
34.83,3,2,29.75,0,34.8400000000016
34.84,3,2,29.7600002288818,0,34.8500000000016
34.85,3,2,29.7700004577637,0,34.8600000000016
34.86,3,2,29.7800006866455,0,34.8700000000016
34.87,3,2,29.7900009155273,0,34.8800000000016
34.88,3,2,29.7999992370605,0,34.8900000000016
34.89,3,2,29.8099994659424,0,34.9000000000016
34.9,3,2,29.8199996948242,0,34.9100000000016
34.91,3,2,29.8299999237061,0,34.9200000000016
34.92,3,2,29.8400001525879,0,34.9300000000016
34.93,3,2,29.8500003814697,0,34.9400000000016
34.94,3,2,29.8600006103516,0,34.9500000000016
34.95,3,2,29.8700008392334,0,34.9600000000016
34.96,3,2,29.8799991607666,0,34.9700000000016
34.97,3,2,29.8899993896484,0,34.9800000000016
34.98,3,2,29.8999996185303,0,34.9900000000016
34.99,3,2,29.9099998474121,0,35.0000000000016
35,3,2,29.9200000762939,0,35.0100000000016
35.01,3,2,29.9300003051758,0,35.0200000000016
35.02,3,2,29.9400005340576,0,35.0300000000016
35.03,3,2,29.9500007629395,0,35.0400000000016
35.04,3,2,29.9599990844727,0,35.0500000000016
35.05,3,2,29.9699993133545,0,35.0600000000016
35.06,3,2,29.9799995422363,0,35.0700000000016
35.07,3,2,29.9899997711182,0,35.0800000000016
35.08,3,2,30,0,35.0900000000016
35.09,3,2,30.0100002288818,0,35.1000000000016
35.1,3,2,30.0200004577637,0,35.1100000000016
35.11,3,2,30.0300006866455,0,35.1200000000016
35.12,3,2,30.0400009155273,0,35.1300000000016
35.13,3,2,30.0499992370605,0,35.1400000000016
35.14,3,2,30.0599994659424,0,35.1500000000016
35.15,3,2,30.0699996948242,0,35.1600000000016
35.16,3,2,30.0799999237061,0,35.1700000000016
35.17,3,2,30.0900001525879,0,35.1800000000016
35.18,3,2,30.1000003814697,0,35.1900000000016
35.19,3,2,30.1100006103516,0,35.2000000000016
35.2,3,2,30.1200008392334,0,35.2100000000016
35.21,3,2,30.1299991607666,0,35.2200000000016
35.22,3,2,30.1399993896484,0,35.2300000000016
35.23,3,2,30.1499996185303,0,35.2400000000016
35.24,3,2,30.1599998474121,0,35.2500000000016
35.25,3,2,30.1700000762939,0,35.2600000000016
35.26,3,2,30.1800003051758,0,35.2700000000016
35.27,3,2,30.1900005340576,0,35.2800000000016
35.28,3,2,30.2000007629395,0,35.2900000000015
35.29,3,2,30.2099990844727,0,35.3000000000015
35.3,3,2,30.2199993133545,0,35.3100000000015
35.31,3,2,30.2299995422363,0,35.3200000000015
35.32,3,2,30.2399997711182,0,35.3300000000015
35.33,3,2,30.25,0,35.3400000000015
35.34,3,2,30.2600002288818,0,35.3500000000015
35.35,3,2,30.2700004577637,0,35.3600000000015
35.36,3,2,30.2800006866455,0,35.3700000000015
35.37,3,2,30.2900009155273,0,35.3800000000015
35.38,3,2,30.2999992370605,0,35.3900000000015
35.39,3,2,30.3099994659424,0,35.4000000000015
35.4,3,2,30.3199996948242,0,35.4100000000015
35.41,3,2,30.3299999237061,0,35.4200000000015
35.42,3,2,30.3400001525879,0,35.4300000000015
35.43,3,2,30.3500003814697,0,35.4400000000015
35.44,3,2,30.3600006103516,0,35.4500000000015
35.45,3,2,30.3700008392334,0,35.4600000000015
35.46,3,2,30.3799991607666,0,35.4700000000015
35.47,3,2,30.3899993896484,0,35.4800000000015
35.48,3,2,30.3999996185303,0,35.4900000000015
35.49,3,2,30.4099998474121,0,35.5000000000015
35.5,3,2,30.4200000762939,0,35.5100000000015
35.51,3,2,30.4300003051758,0,35.5200000000015
35.52,3,2,30.4400005340576,0,35.5300000000015
35.53,3,2,30.4500007629395,0,35.5400000000015
35.54,3,2,30.4599990844727,0,35.5500000000015
35.55,3,2,30.4699993133545,0,35.5600000000015
35.56,3,2,30.4799995422363,0,35.5700000000015
35.57,3,2,30.4899997711182,0,35.5800000000015
35.58,3,2,30.5,0,35.5900000000015
35.59,3,2,30.5100002288818,0,35.6000000000015
35.6,3,2,30.5200004577637,0,35.6100000000015
35.61,3,2,30.5300006866455,0,35.6200000000015
35.62,3,2,30.5400009155273,0,35.6300000000015
35.63,3,2,30.5499992370605,0,35.6400000000015
35.64,3,2,30.5599994659424,0,35.6500000000015
35.65,3,2,30.5699996948242,0,35.6600000000015
35.66,3,2,30.5799999237061,0,35.6700000000015
35.67,3,2,30.5900001525879,0,35.6800000000015
35.68,3,2,30.6000003814697,0,35.6900000000015
35.69,3,2,30.6100006103516,0,35.7000000000015
35.7,3,2,30.6200008392334,0,35.7100000000015
35.71,3,2,30.6299991607666,0,35.7200000000015
35.72,3,2,30.6399993896484,0,35.7300000000015
35.73,3,2,30.6499996185303,0,35.7400000000015
35.74,3,2,30.6599998474121,0,35.7500000000015
35.75,3,2,30.6700000762939,0,35.7600000000015
35.76,3,2,30.6800003051758,0,35.7700000000015
35.77,3,2,30.6900005340576,0,35.7800000000015
35.78,3,2,30.7000007629395,0,35.7900000000014
35.79,3,2,30.7099990844727,0,35.8000000000014
35.8,3,2,30.7199993133545,0,35.8100000000014
35.81,3,2,30.7299995422363,0,35.8200000000014
35.82,3,2,30.7399997711182,0,35.8300000000014
35.83,3,2,30.75,0,35.8400000000014
35.84,3,2,30.7600002288818,0,35.8500000000014
35.85,3,2,30.7700004577637,0,35.8600000000014
35.86,3,2,30.7800006866455,0,35.8700000000014
35.87,3,2,30.7900009155273,0,35.8800000000014
35.88,3,2,30.7999992370605,0,35.8900000000014
35.89,3,2,30.8099994659424,0,35.9000000000014
35.9,3,2,30.8199996948242,0,35.9100000000014
35.91,3,2,30.8299999237061,0,35.9200000000014
35.92,3,2,30.8400001525879,0,35.9300000000014
35.93,3,2,30.8500003814697,0,35.9400000000014
35.94,3,2,30.8600006103516,0,35.9500000000014
35.95,3,2,30.8700008392334,0,35.9600000000014
35.96,3,2,30.8799991607666,0,35.9700000000014
35.97,3,2,30.8899993896484,0,35.9800000000014
35.98,3,2,30.8999996185303,0,35.9900000000014
35.99,3,2,30.9099998474121,0,36.0000000000014
36,3,2,30.9200000762939,0,36.0100000000014
36.01,3,2,30.9300003051758,0,36.0200000000014
36.02,3,2,30.9400005340576,0,36.0300000000014
36.03,3,2,30.9500007629395,0,36.0400000000014
36.04,3,2,30.9599990844727,0,36.0500000000014
36.05,3,2,30.9699993133545,0,36.0600000000014
36.06,3,2,30.9799995422363,0,36.0700000000014
36.07,3,2,30.9899997711182,0,36.0800000000014
36.08,3,2,31,0,36.0900000000014
36.09,3,2,31.0100002288818,0,36.1000000000014
36.1,3,2,31.0200004577637,0,36.1100000000014
36.11,3,2,31.0300006866455,0,36.1200000000014
36.12,3,2,31.0400009155273,0,36.1300000000014
36.13,3,2,31.0499992370605,0,36.1400000000014
36.14,3,2,31.0599994659424,0,36.1500000000014
36.15,3,2,31.0699996948242,0,36.1600000000014
36.16,3,2,31.0799999237061,0,36.1700000000014
36.17,3,2,31.0900001525879,0,36.1800000000014
36.18,3,2,31.1000003814697,0,36.1900000000014
36.19,3,2,31.1100006103516,0,36.2000000000014
36.2,3,2,31.1200008392334,0,36.2100000000014
36.21,3,2,31.1299991607666,0,36.2200000000014
36.22,3,2,31.1399993896484,0,36.2300000000014
36.23,3,2,31.1499996185303,0,36.2400000000014
36.24,3,2,31.1599998474121,0,36.2500000000014
36.25,3,2,31.1700000762939,0,36.2600000000014
36.26,3,2,31.1800003051758,0,36.2700000000014
36.27,3,2,31.1900005340576,0,36.2800000000014
36.28,3,2,31.2000007629395,0,36.2900000000013
36.29,3,2,31.2099990844727,0,36.3000000000013
36.3,3,2,31.2199993133545,0,36.3100000000013
36.31,3,2,31.2299995422363,0,36.3200000000013
36.32,3,2,31.2399997711182,0,36.3300000000013
36.33,3,2,31.25,0,36.3400000000013
36.34,3,2,31.2600002288818,0,36.3500000000013
36.35,3,2,31.2700004577637,0,36.3600000000013
36.36,3,2,31.2800006866455,0,36.3700000000013
36.37,3,2,31.2900009155273,0,36.3800000000013
36.38,3,2,31.2999992370605,0,36.3900000000013
36.39,3,2,31.3099994659424,0,36.4000000000013
36.4,3,2,31.3199996948242,0,36.4100000000013
36.41,3,2,31.3299999237061,0,36.4200000000013
36.42,3,2,31.3400001525879,0,36.4300000000013
36.43,3,2,31.3500003814697,0,36.4400000000013
36.44,3,2,31.3600006103516,0,36.4500000000013
36.45,3,2,31.3700008392334,0,36.4600000000013
36.46,3,2,31.3799991607666,0,36.4700000000013
36.47,3,2,31.3899993896484,0,36.4800000000013
36.48,3,2,31.3999996185303,0,36.4900000000013
36.49,3,2,31.4099998474121,0,36.5000000000013
36.5,3,2,31.4200000762939,0,36.5100000000013
36.51,3,2,31.4300003051758,0,36.5200000000013
36.52,3,2,31.4400005340576,0,36.5300000000013
36.53,3,2,31.4500007629395,0,36.5400000000013
36.54,3,2,31.4599990844727,0,36.5500000000013
36.55,3,2,31.4699993133545,0,36.5600000000013
36.56,3,2,31.4799995422363,0,36.5700000000013
36.57,3,2,31.4899997711182,0,36.5800000000013
36.58,3,2,31.5,0,36.5900000000013
36.59,3,2,31.5100002288818,0,36.6000000000013
36.6,3,2,31.5200004577637,0,36.6100000000013
36.61,3,2,31.5300006866455,0,36.6200000000013
36.62,3,2,31.5400009155273,0,36.6300000000013
36.63,3,2,31.5499992370605,0,36.6400000000013
36.64,3,2,31.5599994659424,0,36.6500000000013
36.65,3,2,31.5699996948242,0,36.6600000000013
36.66,3,2,31.5799999237061,0,36.6700000000013
36.67,3,2,31.5900001525879,0,36.6800000000013
36.68,3,2,31.6000003814697,0,36.6900000000013
36.69,3,2,31.6100006103516,0,36.7000000000013
36.7,3,2,31.6200008392334,0,36.7100000000013
36.71,3,2,31.6299991607666,0,36.7200000000013
36.72,3,2,31.6399993896484,0,36.7300000000013
36.73,3,2,31.6499996185303,0,36.7400000000013
36.74,3,2,31.6599998474121,0,36.7500000000013
36.75,3,2,31.6700000762939,0,36.7600000000013
36.76,3,2,31.6800003051758,0,36.7700000000013
36.77,3,2,31.6900005340576,0,36.7800000000013
36.78,3,2,31.7000007629395,0,36.7900000000012
36.79,3,2,31.7099990844727,0,36.8000000000012
36.8,3,2,31.7199993133545,0,36.8100000000012
36.81,3,2,31.7299995422363,0,36.8200000000012
36.82,3,2,31.7399997711182,0,36.8300000000012
36.83,3,2,31.75,0,36.8400000000012
36.84,3,2,31.7600002288818,0,36.8500000000012
36.85,3,2,31.7700004577637,0,36.8600000000012
36.86,3,2,31.7800006866455,0,36.8700000000012
36.87,3,2,31.7900009155273,0,36.8800000000012
36.88,3,2,31.7999992370605,0,36.8900000000012
36.89,3,2,31.8099994659424,0,36.9000000000012
36.9,3,2,31.8199996948242,0,36.9100000000012
36.91,3,2,31.8299999237061,0,36.9200000000012
36.92,3,2,31.8400001525879,0,36.9300000000012
36.93,3,2,31.8500003814697,0,36.9400000000012
36.94,3,2,31.8600006103516,0,36.9500000000012
36.95,3,2,31.8700008392334,0,36.9600000000012
36.96,3,2,31.8799991607666,0,36.9700000000012
36.97,3,2,31.8899993896484,0,36.9800000000012
36.98,3,2,31.8999996185303,0,36.9900000000012
36.99,3,2,31.9099998474121,0,37.0000000000012
37,3,2,31.9200000762939,0,37.0100000000012
37.01,3,2,31.9300003051758,0,37.0200000000012
37.02,3,2,31.9400005340576,0,37.0300000000012
37.03,3,2,31.9500007629395,0,37.0400000000012
37.04,3,2,31.9599990844727,0,37.0500000000012
37.05,3,2,31.9699993133545,0,37.0600000000012
37.06,3,2,31.9799995422363,0,37.0700000000012
37.07,3,2,31.9899997711182,0,37.0800000000012
37.08,3,2,32,0,37.0900000000012
37.09,3,2,32.0099983215332,0,37.1000000000012
37.1,3,2,32.0200004577637,0,37.1100000000012
37.11,3,2,32.0299987792969,0,37.1200000000012
37.12,3,2,32.0400009155273,0,37.1300000000012
37.13,3,2,32.0499992370605,0,37.1400000000012
37.14,3,2,32.060001373291,0,37.1500000000012
37.15,3,2,32.0699996948242,0,37.1600000000012
37.16,3,2,32.0800018310547,0,37.1700000000012
37.17,3,2,32.0900001525879,0,37.1800000000012
37.18,3,2,32.0999984741211,0,37.1900000000012
37.19,3,2,32.1100006103516,0,37.2000000000012
37.2,3,2,32.1199989318848,0,37.2100000000012
37.21,3,2,32.1300010681152,0,37.2200000000012
37.22,3,2,32.1399993896484,0,37.2300000000012
37.23,3,2,32.1500015258789,0,37.2400000000012
37.24,3,2,32.1599998474121,0,37.2500000000012
37.25,3,2,32.1699981689453,0,37.2600000000012
37.26,3,2,32.1800003051758,0,37.2700000000012
37.27,3,2,32.189998626709,0,37.2800000000012
37.28,3,2,32.2000007629395,0,37.2900000000012
37.29,3,2,32.2099990844727,0,37.3000000000011
37.3,3,2,32.2200012207031,0,37.3100000000011
37.31,3,2,32.2299995422363,0,37.3200000000011
37.32,3,2,32.2400016784668,0,37.3300000000011
37.33,3,2,32.25,0,37.3400000000011
37.34,3,2,32.2599983215332,0,37.3500000000011
37.35,3,2,32.2700004577637,0,37.3600000000011
37.36,3,2,32.2799987792969,0,37.3700000000011
37.37,3,2,32.2900009155273,0,37.3800000000011
37.38,3,2,32.2999992370605,0,37.3900000000011
37.39,3,2,32.310001373291,0,37.4000000000011
37.4,3,2,32.3199996948242,0,37.4100000000011
37.41,3,2,32.3300018310547,0,37.4200000000011
37.42,3,2,32.3400001525879,0,37.4300000000011
37.43,3,2,32.3499984741211,0,37.4400000000011
37.44,3,2,32.3600006103516,0,37.4500000000011
37.45,3,2,32.3699989318848,0,37.4600000000011
37.46,3,2,32.3800010681152,0,37.4700000000011
37.47,3,2,32.3899993896484,0,37.4800000000011
37.48,3,2,32.4000015258789,0,37.4900000000011
37.49,3,2,32.4099998474121,0,37.5000000000011
37.5,3,2,32.4199981689453,0,37.5100000000011
37.51,3,2,32.4300003051758,0,37.5200000000011
37.52,3,2,32.439998626709,0,37.5300000000011
37.53,3,2,32.4500007629395,0,37.5400000000011
37.54,3,2,32.4599990844727,0,37.5500000000011
37.55,3,2,32.4700012207031,0,37.5600000000011
37.56,3,2,32.4799995422363,0,37.5700000000011
37.57,3,2,32.4900016784668,0,37.5800000000011
37.58,3,2,32.5,0,37.5900000000011
37.59,3,2,32.5099983215332,0,37.6000000000011
37.6,3,2,32.5200004577637,0,37.6100000000011
37.61,3,2,32.5299987792969,0,37.6200000000011
37.62,3,2,32.5400009155273,0,37.6300000000011
37.63,3,2,32.5499992370605,0,37.6400000000011
37.64,3,2,32.560001373291,0,37.6500000000011
37.65,3,2,32.5699996948242,0,37.6600000000011
37.66,3,2,32.5800018310547,0,37.6700000000011
37.67,3,2,32.5900001525879,0,37.6800000000011
37.68,3,2,32.5999984741211,0,37.6900000000011
37.69,3,2,32.6100006103516,0,37.7000000000011
37.7,3,2,32.6199989318848,0,37.7100000000011
37.71,3,2,32.6300010681152,0,37.7200000000011
37.72,3,2,32.6399993896484,0,37.7300000000011
37.73,3,2,32.6500015258789,0,37.7400000000011
37.74,3,2,32.6599998474121,0,37.7500000000011
37.75,3,2,32.6699981689453,0,37.7600000000011
37.76,3,2,32.6800003051758,0,37.7700000000011
37.77,3,2,32.689998626709,0,37.7800000000011
37.78,3,2,32.7000007629395,0,37.7900000000011
37.79,3,2,32.7099990844727,0,37.800000000001
37.8,3,2,32.7200012207031,0,37.810000000001
37.81,3,2,32.7299995422363,0,37.820000000001
37.82,3,2,32.7400016784668,0,37.830000000001
37.83,3,2,32.75,0,37.840000000001
37.84,3,2,32.7599983215332,0,37.850000000001
37.85,3,2,32.7700004577637,0,37.860000000001
37.86,3,2,32.7799987792969,0,37.870000000001
37.87,3,2,32.7900009155273,0,37.880000000001
37.88,3,2,32.7999992370605,0,37.890000000001
37.89,3,2,32.810001373291,0,37.900000000001
37.9,3,2,32.8199996948242,0,37.910000000001
37.91,3,2,32.8300018310547,0,37.920000000001
37.92,3,2,32.8400001525879,0,37.930000000001
37.93,3,2,32.8499984741211,0,37.940000000001
37.94,3,2,32.8600006103516,0,37.950000000001
37.95,3,2,32.8699989318848,0,37.960000000001
37.96,3,2,32.8800010681152,0,37.970000000001
37.97,3,2,32.8899993896484,0,37.980000000001
37.98,3,2,32.9000015258789,0,37.990000000001
37.99,3,2,32.9099998474121,0,38.000000000001
38,3,2,32.9199981689453,0,38.010000000001
38.01,3,2,32.9300003051758,0,38.020000000001
38.02,3,2,32.939998626709,0,38.030000000001
38.03,3,2,32.9500007629395,0,38.040000000001
38.04,3,2,32.9599990844727,0,38.050000000001
38.05,3,2,32.9700012207031,0,38.060000000001
38.06,3,2,32.9799995422363,0,38.070000000001
38.07,3,2,32.9900016784668,0,38.080000000001
38.08,3,2,33,0,38.090000000001
38.09,3,2,33.0099983215332,0,38.100000000001
38.1,3,2,33.0200004577637,0,38.110000000001
38.11,3,2,33.0299987792969,0,38.120000000001
38.12,3,2,33.0400009155273,0,38.130000000001
38.13,3,2,33.0499992370605,0,38.140000000001
38.14,3,2,33.060001373291,0,38.150000000001
38.15,3,2,33.0699996948242,0,38.160000000001
38.16,3,2,33.0800018310547,0,38.170000000001
38.17,3,2,33.0900001525879,0,38.180000000001
38.18,3,2,33.0999984741211,0,38.190000000001
38.19,3,2,33.1100006103516,0,38.200000000001
38.2,3,2,33.1199989318848,0,38.210000000001
38.21,3,2,33.1300010681152,0,38.220000000001
38.22,3,2,33.1399993896484,0,38.230000000001
38.23,3,2,33.1500015258789,0,38.240000000001
38.24,3,2,33.1599998474121,0,38.250000000001
38.25,3,2,33.1699981689453,0,38.260000000001
38.26,3,2,33.1800003051758,0,38.270000000001
38.27,3,2,33.189998626709,0,38.280000000001
38.28,3,2,33.2000007629395,0,38.290000000001
38.29,3,2,33.2099990844727,0,38.3000000000009
38.3,3,2,33.2200012207031,0,38.3100000000009
38.31,3,2,33.2299995422363,0,38.3200000000009
38.32,3,2,33.2400016784668,0,38.3300000000009
38.33,3,2,33.25,0,38.3400000000009
38.34,3,2,33.2599983215332,0,38.3500000000009
38.35,3,2,33.2700004577637,0,38.3600000000009
38.36,3,2,33.2799987792969,0,38.3700000000009
38.37,3,2,33.2900009155273,0,38.3800000000009
38.38,3,2,33.2999992370605,0,38.3900000000009
38.39,3,2,33.310001373291,0,38.4000000000009
38.4,3,2,33.3199996948242,0,38.4100000000009
38.41,3,2,33.3300018310547,0,38.4200000000009
38.42,3,2,33.3400001525879,0,38.4300000000009
38.43,3,2,33.3499984741211,0,38.4400000000009
38.44,3,2,33.3600006103516,0,38.4500000000009
38.45,3,2,33.3699989318848,0,38.4600000000009
38.46,3,2,33.3800010681152,0,38.4700000000009
38.47,3,2,33.3899993896484,0,38.4800000000009
38.48,3,2,33.4000015258789,0,38.4900000000009
38.49,3,2,33.4099998474121,0,38.5000000000009
38.5,3,2,33.4199981689453,0,38.5100000000009
38.51,3,2,33.4300003051758,0,38.5200000000009
38.52,3,2,33.439998626709,0,38.5300000000009
38.53,3,2,33.4500007629395,0,38.5400000000009
38.54,3,2,33.4599990844727,0,38.5500000000009
38.55,3,2,33.4700012207031,0,38.5600000000009
38.56,3,2,33.4799995422363,0,38.5700000000009
38.57,3,2,33.4900016784668,0,38.5800000000009
38.58,3,2,33.5,0,38.5900000000009
38.59,3,2,33.5099983215332,0,38.6000000000009
38.6,3,2,33.5200004577637,0,38.6100000000009
38.61,3,2,33.5299987792969,0,38.6200000000009
38.62,3,2,33.5400009155273,0,38.6300000000009
38.63,3,2,33.5499992370605,0,38.6400000000009
38.64,3,2,33.560001373291,0,38.6500000000009
38.65,3,2,33.5699996948242,0,38.6600000000009
38.66,3,2,33.5800018310547,0,38.6700000000009
38.67,3,2,33.5900001525879,0,38.6800000000009
38.68,3,2,33.5999984741211,0,38.6900000000009
38.69,3,2,33.6100006103516,0,38.7000000000009
38.7,3,2,33.6199989318848,0,38.7100000000009
38.71,3,2,33.6300010681152,0,38.7200000000009
38.72,3,2,33.6399993896484,0,38.7300000000009
38.73,3,2,33.6500015258789,0,38.7400000000009
38.74,3,2,33.6599998474121,0,38.7500000000009
38.75,3,2,33.6699981689453,0,38.7600000000009
38.76,3,2,33.6800003051758,0,38.7700000000009
38.77,3,2,33.689998626709,0,38.7800000000009
38.78,3,2,33.7000007629395,0,38.7900000000009
38.79,3,2,33.7099990844727,0,38.8000000000008
38.8,3,2,33.7200012207031,0,38.8100000000008
38.81,3,2,33.7299995422363,0,38.8200000000008
38.82,3,2,33.7400016784668,0,38.8300000000008
38.83,3,2,33.75,0,38.8400000000008
38.84,3,2,33.7599983215332,0,38.8500000000008
38.85,3,2,33.7700004577637,0,38.8600000000008
38.86,3,2,33.7799987792969,0,38.8700000000008
38.87,3,2,33.7900009155273,0,38.8800000000008
38.88,3,2,33.7999992370605,0,38.8900000000008
38.89,3,2,33.810001373291,0,38.9000000000008
38.9,3,2,33.8199996948242,0,38.9100000000008
38.91,3,2,33.8300018310547,0,38.9200000000008
38.92,3,2,33.8400001525879,0,38.9300000000008
38.93,3,2,33.8499984741211,0,38.9400000000008
38.94,3,2,33.8600006103516,0,38.9500000000008
38.95,3,2,33.8699989318848,0,38.9600000000008
38.96,3,2,33.8800010681152,0,38.9700000000008
38.97,3,2,33.8899993896484,0,38.9800000000008
38.98,3,2,33.9000015258789,0,38.9900000000008
38.99,3,2,33.9099998474121,0,39.0000000000008
39,3,2,33.9199981689453,0,39.0100000000008
39.01,3,2,33.9300003051758,0,39.0200000000008
39.02,3,2,33.939998626709,0,39.0300000000008
39.03,3,2,33.9500007629395,0,39.0400000000008
39.04,3,2,33.9599990844727,0,39.0500000000008
39.05,3,2,33.9700012207031,0,39.0600000000008
39.06,3,2,33.9799995422363,0,39.0700000000008
39.07,3,2,33.9900016784668,0,39.0800000000008
39.08,3,2,34,0,39.0900000000008
39.09,3,2,34.0099983215332,0,39.1000000000008
39.1,3,2,34.0200004577637,0,39.1100000000008
39.11,3,2,34.0299987792969,0,39.1200000000008
39.12,3,2,34.0400009155273,0,39.1300000000008
39.13,3,2,34.0499992370605,0,39.1400000000008
39.14,3,2,34.060001373291,0,39.1500000000008
39.15,3,2,34.0699996948242,0,39.1600000000008
39.16,3,2,34.0800018310547,0,39.1700000000008
39.17,3,2,34.0900001525879,0,39.1800000000008
39.18,3,2,34.0999984741211,0,39.1900000000008
39.19,3,2,34.1100006103516,0,39.2000000000008
39.2,3,2,34.1199989318848,0,39.2100000000008
39.21,3,2,34.1300010681152,0,39.2200000000008
39.22,3,2,34.1399993896484,0,39.2300000000008
39.23,3,2,34.1500015258789,0,39.2400000000008
39.24,3,2,34.1599998474121,0,39.2500000000008
39.25,3,2,34.1699981689453,0,39.2600000000008
39.26,3,2,34.1800003051758,0,39.2700000000008
39.27,3,2,34.189998626709,0,39.2800000000008
39.28,3,2,34.2000007629395,0,39.2900000000008
39.29,3,2,34.2099990844727,0,39.3000000000008
39.3,3,2,34.2200012207031,0,39.3100000000007
39.31,3,2,34.2299995422363,0,39.3200000000007
39.32,3,2,34.2400016784668,0,39.3300000000007
39.33,3,2,34.25,0,39.3400000000007
39.34,3,2,34.2599983215332,0,39.3500000000007
39.35,3,2,34.2700004577637,0,39.3600000000007
39.36,3,2,34.2799987792969,0,39.3700000000007
39.37,3,2,34.2900009155273,0,39.3800000000007
39.38,3,2,34.2999992370605,0,39.3900000000007
39.39,3,2,34.310001373291,0,39.4000000000007
39.4,3,2,34.3199996948242,0,39.4100000000007
39.41,3,2,34.3300018310547,0,39.4200000000007
39.42,3,2,34.3400001525879,0,39.4300000000007
39.43,3,2,34.3499984741211,0,39.4400000000007
39.44,3,2,34.3600006103516,0,39.4500000000007
39.45,3,2,34.3699989318848,0,39.4600000000007
39.46,3,2,34.3800010681152,0,39.4700000000007
39.47,3,2,34.3899993896484,0,39.4800000000007
39.48,3,2,34.4000015258789,0,39.4900000000007
39.49,3,2,34.4099998474121,0,39.5000000000007
39.5,3,2,34.4199981689453,0,39.5100000000007
39.51,3,2,34.4300003051758,0,39.5200000000007
39.52,3,2,34.439998626709,0,39.5300000000007
39.53,3,2,34.4500007629395,0,39.5400000000007
39.54,3,2,34.4599990844727,0,39.5500000000007
39.55,3,2,34.4700012207031,0,39.5600000000007
39.56,3,2,34.4799995422363,0,39.5700000000007
39.57,3,2,34.4900016784668,0,39.5800000000007
39.58,3,2,34.5,0,39.5900000000007
39.59,3,2,34.5099983215332,0,39.6000000000007
39.6,3,2,34.5200004577637,0,39.6100000000007
39.61,3,2,34.5299987792969,0,39.6200000000007
39.62,3,2,34.5400009155273,0,39.6300000000007
39.63,3,2,34.5499992370605,0,39.6400000000007
39.64,3,2,34.560001373291,0,39.6500000000007
39.65,3,2,34.5699996948242,0,39.6600000000007
39.66,3,2,34.5800018310547,0,39.6700000000007
39.67,3,2,34.5900001525879,0,39.6800000000007
39.68,3,2,34.5999984741211,0,39.6900000000007
39.69,3,2,34.6100006103516,0,39.7000000000007
39.7,3,2,34.6199989318848,0,39.7100000000007
39.71,3,2,34.6300010681152,0,39.7200000000007
39.72,3,2,34.6399993896484,0,39.7300000000007
39.73,3,2,34.6500015258789,0,39.7400000000007
39.74,3,2,34.6599998474121,0,39.7500000000007
39.75,3,2,34.6699981689453,0,39.7600000000007
39.76,3,2,34.6800003051758,0,39.7700000000007
39.77,3,2,34.689998626709,0,39.7800000000007
39.78,3,2,34.7000007629395,0,39.7900000000007
39.79,3,2,34.7099990844727,0,39.8000000000007
39.8,3,2,34.7200012207031,0,39.8100000000006
39.81,3,2,34.7299995422363,0,39.8200000000006
39.82,3,2,34.7400016784668,0,39.8300000000006
39.83,3,2,34.75,0,39.8400000000006
39.84,3,2,34.7599983215332,0,39.8500000000006
39.85,3,2,34.7700004577637,0,39.8600000000006
39.86,3,2,34.7799987792969,0,39.8700000000006
39.87,3,2,34.7900009155273,0,39.8800000000006
39.88,3,2,34.7999992370605,0,39.8900000000006
39.89,3,2,34.810001373291,0,39.9000000000006
39.9,3,2,34.8199996948242,0,39.9100000000006
39.91,3,2,34.8300018310547,0,39.9200000000006
39.92,3,2,34.8400001525879,0,39.9300000000006
39.93,3,2,34.8499984741211,0,39.9400000000006
39.94,3,2,34.8600006103516,0,39.9500000000006
39.95,3,2,34.8699989318848,0,39.9600000000006
39.96,3,2,34.8800010681152,0,39.9700000000006
39.97,3,2,34.8899993896484,0,39.9800000000006
39.98,3,2,34.9000015258789,0,39.9900000000006
39.99,3,2,34.9099998474121,0,40.0000000000006
40,3,2,34.9199981689453,0,40.0100000000006
40.01,3,2,34.9300003051758,0,40.0200000000006
40.02,3,2,34.939998626709,0,40.0300000000006
40.03,3,2,34.9500007629395,0,40.0400000000006
40.04,3,2,34.9599990844727,0,40.0500000000006
40.05,3,2,34.9700012207031,0,40.0600000000006
40.06,3,2,34.9799995422363,0,40.0700000000006
40.07,3,2,34.9900016784668,0,40.0800000000006
40.08,3,2,35,0,40.0900000000006
40.09,3,2,35.0099983215332,0,40.1000000000006
40.1,3,2,35.0200004577637,0,40.1100000000006
40.11,3,2,35.0299987792969,0,40.1200000000006
40.12,3,2,35.0400009155273,0,40.1300000000006
40.13,3,2,35.0499992370605,0,40.1400000000006
40.14,3,2,35.060001373291,0,40.1500000000006
40.15,3,2,35.0699996948242,0,40.1600000000006
40.16,3,2,35.0800018310547,0,40.1700000000006
40.17,3,2,35.0900001525879,0,40.1800000000006
40.18,3,2,35.0999984741211,0,40.1900000000006
40.19,3,2,35.1100006103516,0,40.2000000000006
40.2,3,2,35.1199989318848,0,40.2100000000006
40.21,3,2,35.1300010681152,0,40.2200000000006
40.22,3,2,35.1399993896484,0,40.2300000000006
40.23,3,2,35.1500015258789,0,40.2400000000006
40.24,3,2,35.1599998474121,0,40.2500000000006
40.25,3,2,35.1699981689453,0,40.2600000000006
40.26,3,2,35.1800003051758,0,40.2700000000006
40.27,3,2,35.189998626709,0,40.2800000000006
40.28,3,2,35.2000007629395,0,40.2900000000006
40.29,3,2,35.2099990844727,0,40.3000000000006
40.3,3,2,35.2200012207031,0,40.3100000000005
40.31,3,2,35.2299995422363,0,40.3200000000005
40.32,3,2,35.2400016784668,0,40.3300000000005
40.33,3,2,35.25,0,40.3400000000005
40.34,3,2,35.2599983215332,0,40.3500000000005
40.35,3,2,35.2700004577637,0,40.3600000000005
40.36,3,2,35.2799987792969,0,40.3700000000005
40.37,3,2,35.2900009155273,0,40.3800000000005
40.38,3,2,35.2999992370605,0,40.3900000000005
40.39,3,2,35.310001373291,0,40.4000000000005
40.4,3,2,35.3199996948242,0,40.4100000000005
40.41,3,2,35.3300018310547,0,40.4200000000005
40.42,3,2,35.3400001525879,0,40.4300000000005
40.43,3,2,35.3499984741211,0,40.4400000000005
40.44,3,2,35.3600006103516,0,40.4500000000005
40.45,3,2,35.3699989318848,0,40.4600000000005
40.46,3,2,35.3800010681152,0,40.4700000000005
40.47,3,2,35.3899993896484,0,40.4800000000005
40.48,3,2,35.4000015258789,0,40.4900000000005
40.49,3,2,35.4099998474121,0,40.5000000000005
40.5,3,2,35.4199981689453,0,40.5100000000005
40.51,3,2,35.4300003051758,0,40.5200000000005
40.52,3,2,35.439998626709,0,40.5300000000005
40.53,3,2,35.4500007629395,0,40.5400000000005
40.54,3,2,35.4599990844727,0,40.5500000000005
40.55,3,2,35.4700012207031,0,40.5600000000005
40.56,3,2,35.4799995422363,0,40.5700000000005
40.57,3,2,35.4900016784668,0,40.5800000000005
40.58,3,2,35.5,0,40.5900000000005
40.59,3,2,35.5099983215332,0,40.6000000000005
40.6,3,2,35.5200004577637,0,40.6100000000005
40.61,3,2,35.5299987792969,0,40.6200000000005
40.62,3,2,35.5400009155273,0,40.6300000000005
40.63,3,2,35.5499992370605,0,40.6400000000005
40.64,3,2,35.560001373291,0,40.6500000000005
40.65,3,2,35.5699996948242,0,40.6600000000005
40.66,3,2,35.5800018310547,0,40.6700000000005
40.67,3,2,35.5900001525879,0,40.6800000000005
40.68,3,2,35.5999984741211,0,40.6900000000005
40.69,3,2,35.6100006103516,0,40.7000000000005
40.7,3,2,35.6199989318848,0,40.7100000000005
40.71,3,2,35.6300010681152,0,40.7200000000005
40.72,3,2,35.6399993896484,0,40.7300000000005
40.73,3,2,35.6500015258789,0,40.7400000000005
40.74,3,2,35.6599998474121,0,40.7500000000005
40.75,3,2,35.6699981689453,0,40.7600000000005
40.76,3,2,35.6800003051758,0,40.7700000000005
40.77,3,2,35.689998626709,0,40.7800000000005
40.78,3,2,35.7000007629395,0,40.7900000000005
40.79,3,2,35.7099990844727,0,40.8000000000005
40.8,3,2,35.7200012207031,0,40.8100000000004
40.81,3,2,35.7299995422363,0,40.8200000000004
40.82,3,2,35.7400016784668,0,40.8300000000004
40.83,3,2,35.75,0,40.8400000000004
40.84,3,2,35.7599983215332,0,40.8500000000004
40.85,3,2,35.7700004577637,0,40.8600000000004
40.86,3,2,35.7799987792969,0,40.8700000000004
40.87,3,2,35.7900009155273,0,40.8800000000004
40.88,3,2,35.7999992370605,0,40.8900000000004
40.89,3,2,35.810001373291,0,40.9000000000004
40.9,3,2,35.8199996948242,0,40.9100000000004
40.91,3,2,35.8300018310547,0,40.9200000000004
40.92,3,2,35.8400001525879,0,40.9300000000004
40.93,3,2,35.8499984741211,0,40.9400000000004
40.94,3,2,35.8600006103516,0,40.9500000000004
40.95,3,2,35.8699989318848,0,40.9600000000004
40.96,3,2,35.8800010681152,0,40.9700000000004
40.97,3,2,35.8899993896484,0,40.9800000000004
40.98,3,2,35.9000015258789,0,40.9900000000004
40.99,3,2,35.9099998474121,0,41.0000000000004
41,3,2,35.9199981689453,0,41.0100000000004
41.01,3,2,35.9300003051758,0,41.0200000000004
41.02,3,2,35.939998626709,0,41.0300000000004
41.03,3,2,35.9500007629395,0,41.0400000000004
41.04,3,2,35.9599990844727,0,41.0500000000004
41.05,3,2,35.9700012207031,0,41.0600000000004
41.06,3,2,35.9799995422363,0,41.0700000000004
41.07,3,2,35.9900016784668,0,41.0800000000004
41.08,3,2,36,0,41.0900000000004
41.09,3,2,36.0099983215332,0,41.1000000000004
41.1,3,2,36.0200004577637,0,41.1100000000004
41.11,3,2,36.0299987792969,0,41.1200000000004
41.12,3,2,36.0400009155273,0,41.1300000000004
41.13,3,2,36.0499992370605,0,41.1400000000004
41.14,3,2,36.060001373291,0,41.1500000000004
41.15,3,2,36.0699996948242,0,41.1600000000004
41.16,3,2,36.0800018310547,0,41.1700000000004
41.17,3,2,36.0900001525879,0,41.1800000000004
41.18,3,2,36.0999984741211,0,41.1900000000004
41.19,3,2,36.1100006103516,0,41.2000000000004
41.2,3,2,36.1199989318848,0,41.2100000000004
41.21,3,2,36.1300010681152,0,41.2200000000004
41.22,3,2,36.1399993896484,0,41.2300000000004
41.23,3,2,36.1500015258789,0,41.2400000000004
41.24,3,2,36.1599998474121,0,41.2500000000004
41.25,3,2,36.1699981689453,0,41.2600000000004
41.26,3,2,36.1800003051758,0,41.2700000000004
41.27,3,2,36.189998626709,0,41.2800000000004
41.28,3,2,36.2000007629395,0,41.2900000000004
41.29,3,2,36.2099990844727,0,41.3000000000004
41.3,3,2,36.2200012207031,0,41.3100000000004
41.31,3,2,36.2299995422363,0,41.3200000000003
41.32,3,2,36.2400016784668,0,41.3300000000003
41.33,3,2,36.25,0,41.3400000000003
41.34,3,2,36.2599983215332,0,41.3500000000003
41.35,3,2,36.2700004577637,0,41.3600000000003
41.36,3,2,36.2799987792969,0,41.3700000000003
41.37,3,2,36.2900009155273,0,41.3800000000003
41.38,3,2,36.2999992370605,0,41.3900000000003
41.39,3,2,36.310001373291,0,41.4000000000003
41.4,3,2,36.3199996948242,0,41.4100000000003
41.41,3,2,36.3300018310547,0,41.4200000000003
41.42,3,2,36.3400001525879,0,41.4300000000003
41.43,3,2,36.3499984741211,0,41.4400000000003
41.44,3,2,36.3600006103516,0,41.4500000000003
41.45,3,2,36.3699989318848,0,41.4600000000003
41.46,3,2,36.3800010681152,0,41.4700000000003
41.47,3,2,36.3899993896484,0,41.4800000000003
41.48,3,2,36.4000015258789,0,41.4900000000003
41.49,3,2,36.4099998474121,0,41.5000000000003
41.5,3,2,36.4199981689453,0,41.5100000000003
41.51,3,2,36.4300003051758,0,41.5200000000003
41.52,3,2,36.439998626709,0,41.5300000000003
41.53,3,2,36.4500007629395,0,41.5400000000003
41.54,3,2,36.4599990844727,0,41.5500000000003
41.55,3,2,36.4700012207031,0,41.5600000000003
41.56,3,2,36.4799995422363,0,41.5700000000003
41.57,3,2,36.4900016784668,0,41.5800000000003
41.58,3,2,36.5,0,41.5900000000003
41.59,3,2,36.5099983215332,0,41.6000000000003
41.6,3,2,36.5200004577637,0,41.6100000000003
41.61,3,2,36.5299987792969,0,41.6200000000003
41.62,3,2,36.5400009155273,0,41.6300000000003
41.63,3,2,36.5499992370605,0,41.6400000000003
41.64,3,2,36.560001373291,0,41.6500000000003
41.65,3,2,36.5699996948242,0,41.6600000000003
41.66,3,2,36.5800018310547,0,41.6700000000003
41.67,3,2,36.5900001525879,0,41.6800000000003
41.68,3,2,36.5999984741211,0,41.6900000000003
41.69,3,2,36.6100006103516,0,41.7000000000003
41.7,3,2,36.6199989318848,0,41.7100000000003
41.71,3,2,36.6300010681152,0,41.7200000000003
41.72,3,2,36.6399993896484,0,41.7300000000003
41.73,3,2,36.6500015258789,0,41.7400000000003
41.74,3,2,36.6599998474121,0,41.7500000000003
41.75,3,2,36.6699981689453,0,41.7600000000003
41.76,3,2,36.6800003051758,0,41.7700000000003
41.77,3,2,36.689998626709,0,41.7800000000003
41.78,3,2,36.7000007629395,0,41.7900000000003
41.79,3,2,36.7099990844727,0,41.8000000000003
41.8,3,2,36.7200012207031,0,41.8100000000003
41.81,3,2,36.7299995422363,0,41.8200000000002
41.82,3,2,36.7400016784668,0,41.8300000000002
41.83,3,2,36.75,0,41.8400000000002
41.84,3,2,36.7599983215332,0,41.8500000000002
41.85,3,2,36.7700004577637,0,41.8600000000002
41.86,3,2,36.7799987792969,0,41.8700000000002
41.87,3,2,36.7900009155273,0,41.8800000000002
41.88,3,2,36.7999992370605,0,41.8900000000002
41.89,3,2,36.810001373291,0,41.9000000000002
41.9,3,2,36.8199996948242,0,41.9100000000002
41.91,3,2,36.8300018310547,0,41.9200000000002
41.92,3,2,36.8400001525879,0,41.9300000000002
41.93,3,2,36.8499984741211,0,41.9400000000002
41.94,3,2,36.8600006103516,0,41.9500000000002
41.95,3,2,36.8699989318848,0,41.9600000000002
41.96,3,2,36.8800010681152,0,41.9700000000002
41.97,3,2,36.8899993896484,0,41.9800000000002
41.98,3,2,36.9000015258789,0,41.9900000000002
41.99,3,2,36.9099998474121,0,42.0000000000002
42,3,2,36.9199981689453,0,42.0100000000002
42.01,3,2,36.9300003051758,0,42.0200000000002
42.02,3,2,36.939998626709,0,42.0300000000002
42.03,3,2,36.9500007629395,0,42.0400000000002
42.04,3,2,36.9599990844727,0,42.0500000000002
42.05,3,2,36.9700012207031,0,42.0600000000002
42.06,3,2,36.9799995422363,0,42.0700000000002
42.07,3,2,36.9900016784668,0,42.0800000000002
42.08,3,2,37,0,42.0900000000002
42.09,3,2,37.0099983215332,0,42.1000000000002
42.1,3,2,37.0200004577637,0,42.1100000000002
42.11,3,2,37.0299987792969,0,42.1200000000002
42.12,3,2,37.0400009155273,0,42.1300000000002
42.13,3,2,37.0499992370605,0,42.1400000000002
42.14,3,2,37.060001373291,0,42.1500000000002
42.15,3,2,37.0699996948242,0,42.1600000000002
42.16,3,2,37.0800018310547,0,42.1700000000002
42.17,3,2,37.0900001525879,0,42.1800000000002
42.18,3,2,37.0999984741211,0,42.1900000000002
42.19,3,2,37.1100006103516,0,42.2000000000002
42.2,3,2,37.1199989318848,0,42.2100000000002
42.21,3,2,37.1300010681152,0,42.2200000000002
42.22,3,2,37.1399993896484,0,42.2300000000002
42.23,3,2,37.1500015258789,0,42.2400000000002
42.24,3,2,37.1599998474121,0,42.2500000000002
42.25,3,2,37.1699981689453,0,42.2600000000002
42.26,3,2,37.1800003051758,0,42.2700000000002
42.27,3,2,37.189998626709,0,42.2800000000002
42.28,3,2,37.2000007629395,0,42.2900000000002
42.29,3,2,37.2099990844727,0,42.3000000000002
42.3,3,2,37.2200012207031,0,42.3100000000002
42.31,3,2,37.2299995422363,0,42.3200000000001
42.32,3,2,37.2400016784668,0,42.3300000000001
42.33,3,2,37.25,0,42.3400000000001
42.34,3,2,37.2599983215332,0,42.3500000000001
42.35,3,2,37.2700004577637,0,42.3600000000001
42.36,3,2,37.2799987792969,0,42.3700000000001
42.37,3,2,37.2900009155273,0,42.3800000000001
42.38,3,2,37.2999992370605,0,42.3900000000001
42.39,3,2,37.310001373291,0,42.4000000000001
42.4,3,2,37.3199996948242,0,42.4100000000001
42.41,3,2,37.3300018310547,0,42.4200000000001
42.42,3,2,37.3400001525879,0,42.4300000000001
42.43,3,2,37.3499984741211,0,42.4400000000001
42.44,3,2,37.3600006103516,0,42.4500000000001
42.45,3,2,37.3699989318848,0,42.4600000000001
42.46,3,2,37.3800010681152,0,42.4700000000001
42.47,3,2,37.3899993896484,0,42.4800000000001
42.48,3,2,37.4000015258789,0,42.4900000000001
42.49,3,2,37.4099998474121,0,42.5000000000001
42.5,3,2,37.4199981689453,0,42.5100000000001
42.51,3,2,37.4300003051758,0,42.5200000000001
42.52,3,2,37.439998626709,0,42.5300000000001
42.53,3,2,37.4500007629395,0,42.5400000000001
42.54,3,2,37.4599990844727,0,42.5500000000001
42.55,3,2,37.4700012207031,0,42.5600000000001
42.56,3,2,37.4799995422363,0,42.5700000000001
42.57,3,2,37.4900016784668,0,42.5800000000001
42.58,3,2,37.5,0,42.5900000000001
42.59,3,2,37.5099983215332,0,42.6000000000001
42.6,3,2,37.5200004577637,0,42.6100000000001
42.61,3,2,37.5299987792969,0,42.6200000000001
42.62,3,2,37.5400009155273,0,42.6300000000001
42.63,3,2,37.5499992370605,0,42.6400000000001
42.64,3,2,37.560001373291,0,42.6500000000001
42.65,3,2,37.5699996948242,0,42.6600000000001
42.66,3,2,37.5800018310547,0,42.6700000000001
42.67,3,2,37.5900001525879,0,42.6800000000001
42.68,3,2,37.5999984741211,0,42.6900000000001
42.69,3,2,37.6100006103516,0,42.7000000000001
42.7,3,2,37.6199989318848,0,42.7100000000001
42.71,3,2,37.6300010681152,0,42.7200000000001
42.72,3,2,37.6399993896484,0,42.7300000000001
42.73,3,2,37.6500015258789,0,42.7400000000001
42.74,3,2,37.6599998474121,0,42.7500000000001
42.75,3,2,37.6699981689453,0,42.7600000000001
42.76,3,2,37.6800003051758,0,42.7700000000001
42.77,3,2,37.689998626709,0,42.7800000000001
42.78,3,2,37.7000007629395,0,42.7900000000001
42.79,3,2,37.7099990844727,0,42.8000000000001
42.8,3,2,37.7200012207031,0,42.8100000000001
42.81,3,2,37.7299995422363,0,42.8200000000001
42.82,3,2,37.7400016784668,0,42.83
42.83,3,2,37.75,0,42.84
42.84,3,2,37.7599983215332,0,42.85
42.85,3,2,37.7700004577637,0,42.86
42.86,3,2,37.7799987792969,0,42.87
42.87,3,2,37.7900009155273,0,42.88
42.88,3,2,37.7999992370605,0,42.89
42.89,3,2,37.810001373291,0,42.9
42.9,3,2,37.8199996948242,0,42.91
42.91,3,2,37.8300018310547,0,42.92
42.92,3,2,37.8400001525879,0,42.93
42.93,3,2,37.8499984741211,0,42.94
42.94,3,2,37.8600006103516,0,42.95
42.95,3,2,37.8699989318848,0,42.96
42.96,3,2,37.8800010681152,0,42.97
42.97,3,2,37.8899993896484,0,42.98
42.98,3,2,37.9000015258789,0,42.99
42.99,3,2,37.9099998474121,0,43
43,3,2,37.9199981689453,0,43.01
43.01,3,2,37.9300003051758,0,43.02
43.02,3,2,37.939998626709,0,43.03
43.03,3,2,37.9500007629395,0,43.04
43.04,3,2,37.9599990844727,0,43.05
43.05,3,2,37.9700012207031,0,43.06
43.06,3,2,37.9799995422363,0,43.07
43.07,3,2,37.9900016784668,0,43.08
43.08,3,2,38,0,43.09
43.09,3,2,38.0099983215332,0,43.1
43.1,3,2,38.0200004577637,0,43.11
43.11,3,2,38.0299987792969,0,43.12
43.12,3,2,38.0400009155273,0,43.13
43.13,3,2,38.0499992370605,0,43.14
43.14,3,2,38.060001373291,0,43.15
43.15,3,2,38.0699996948242,0,43.16
43.16,3,2,38.0800018310547,0,43.17
43.17,3,2,38.0900001525879,0,43.18
43.18,3,2,38.0999984741211,0,43.19
43.19,3,2,38.1100006103516,0,43.2
43.2,3,2,38.1199989318848,0,43.21
43.21,3,2,38.1300010681152,0,43.22
43.22,3,2,38.1399993896484,0,43.23
43.23,3,2,38.1500015258789,0,43.24
43.24,3,2,38.1599998474121,0,43.25
43.25,3,2,38.1699981689453,0,43.26
43.26,3,2,38.1800003051758,0,43.27
43.27,3,2,38.189998626709,0,43.28
43.28,3,2,38.2000007629395,0,43.29
43.29,3,2,38.2099990844727,0,43.3
43.3,3,2,38.2200012207031,0,43.31
43.31,3,2,38.2299995422363,0,43.32
43.32,3,2,38.2400016784668,0,43.3299999999999
43.33,3,2,38.25,0,43.3399999999999
43.34,3,2,38.2599983215332,0,43.3499999999999
43.35,3,2,38.2700004577637,0,43.3599999999999
43.36,3,2,38.2799987792969,0,43.3699999999999
43.37,3,2,38.2900009155273,0,43.3799999999999
43.38,3,2,38.2999992370605,0,43.3899999999999
43.39,3,2,38.310001373291,0,43.3999999999999
43.4,3,2,38.3199996948242,0,43.4099999999999
43.41,3,2,38.3300018310547,0,43.4199999999999
43.42,3,2,38.3400001525879,0,43.4299999999999
43.43,3,2,38.3499984741211,0,43.4399999999999
43.44,3,2,38.3600006103516,0,43.4499999999999
43.45,3,2,38.3699989318848,0,43.4599999999999
43.46,3,2,38.3800010681152,0,43.4699999999999
43.47,3,2,38.3899993896484,0,43.4799999999999
43.48,3,2,38.4000015258789,0,43.4899999999999
43.49,3,2,38.4099998474121,0,43.4999999999999
43.5,3,2,38.4199981689453,0,43.5099999999999
43.51,3,2,38.4300003051758,0,43.5199999999999
43.52,3,2,38.439998626709,0,43.5299999999999
43.53,3,2,38.4500007629395,0,43.5399999999999
43.54,3,2,38.4599990844727,0,43.5499999999999
43.55,3,2,38.4700012207031,0,43.5599999999999
43.56,3,2,38.4799995422363,0,43.5699999999999
43.57,3,2,38.4900016784668,0,43.5799999999999
43.58,3,2,38.5,0,43.5899999999999
43.59,3,2,38.5099983215332,0,43.5999999999999
43.6,3,2,38.5200004577637,0,43.6099999999999
43.61,3,2,38.5299987792969,0,43.6199999999999
43.62,3,2,38.5400009155273,0,43.6299999999999
43.63,3,2,38.5499992370605,0,43.6399999999999
43.64,3,2,38.560001373291,0,43.6499999999999
43.65,3,2,38.5699996948242,0,43.6599999999999
43.66,3,2,38.5800018310547,0,43.6699999999999
43.67,3,2,38.5900001525879,0,43.6799999999999
43.68,3,2,38.5999984741211,0,43.6899999999999
43.69,3,2,38.6100006103516,0,43.6999999999999
43.7,3,2,38.6199989318848,0,43.7099999999999
43.71,3,2,38.6300010681152,0,43.7199999999999
43.72,3,2,38.6399993896484,0,43.7299999999999
43.73,3,2,38.6500015258789,0,43.7399999999999
43.74,3,2,38.6599998474121,0,43.7499999999999
43.75,3,2,38.6699981689453,0,43.7599999999999
43.76,3,2,38.6800003051758,0,43.7699999999999
43.77,3,2,38.689998626709,0,43.7799999999999
43.78,3,2,38.7000007629395,0,43.7899999999999
43.79,3,2,38.7099990844727,0,43.7999999999999
43.8,3,2,38.7200012207031,0,43.8099999999999
43.81,3,2,38.7299995422363,0,43.8199999999999
43.82,3,2,38.7400016784668,0,43.8299999999998
43.83,3,2,38.75,0,43.8399999999998
43.84,3,2,38.7599983215332,0,43.8499999999998
43.85,3,2,38.7700004577637,0,43.8599999999998
43.86,3,2,38.7799987792969,0,43.8699999999998
43.87,3,2,38.7900009155273,0,43.8799999999998
43.88,3,2,38.7999992370605,0,43.8899999999998
43.89,3,2,38.810001373291,0,43.8999999999998
43.9,3,2,38.8199996948242,0,43.9099999999998
43.91,3,2,38.8300018310547,0,43.9199999999998
43.92,3,2,38.8400001525879,0,43.9299999999998
43.93,3,2,38.8499984741211,0,43.9399999999998
43.94,3,2,38.8600006103516,0,43.9499999999998
43.95,3,2,38.8699989318848,0,43.9599999999998
43.96,3,2,38.8800010681152,0,43.9699999999998
43.97,3,2,38.8899993896484,0,43.9799999999998
43.98,3,2,38.9000015258789,0,43.9899999999998
43.99,3,2,38.9099998474121,0,43.9999999999998
44,3,2,38.9199981689453,0,44.0099999999998
44.01,3,2,38.9300003051758,0,44.0199999999998
44.02,3,2,38.939998626709,0,44.0299999999998
44.03,3,2,38.9500007629395,0,44.0399999999998
44.04,3,2,38.9599990844727,0,44.0499999999998
44.05,3,2,38.9700012207031,0,44.0599999999998
44.06,3,2,38.9799995422363,0,44.0699999999998
44.07,3,2,38.9900016784668,0,44.0799999999998
44.08,3,2,39,0,44.0899999999998
44.09,3,2,39.0099983215332,0,44.0999999999998
44.1,3,2,39.0200004577637,0,44.1099999999998
44.11,3,2,39.0299987792969,0,44.1199999999998
44.12,3,2,39.0400009155273,0,44.1299999999998
44.13,3,2,39.0499992370605,0,44.1399999999998
44.14,3,2,39.060001373291,0,44.1499999999998
44.15,3,2,39.0699996948242,0,44.1599999999998
44.16,3,2,39.0800018310547,0,44.1699999999998
44.17,3,2,39.0900001525879,0,44.1799999999998
44.18,3,2,39.0999984741211,0,44.1899999999998
44.19,3,2,39.1100006103516,0,44.1999999999998
44.2,3,2,39.1199989318848,0,44.2099999999998
44.21,3,2,39.1300010681152,0,44.2199999999998
44.22,3,2,39.1399993896484,0,44.2299999999998
44.23,3,2,39.1500015258789,0,44.2399999999998
44.24,3,2,39.1599998474121,0,44.2499999999998
44.25,3,2,39.1699981689453,0,44.2599999999998
44.26,3,2,39.1800003051758,0,44.2699999999998
44.27,3,2,39.189998626709,0,44.2799999999998
44.28,3,2,39.2000007629395,0,44.2899999999998
44.29,3,2,39.2099990844727,0,44.2999999999998
44.3,3,2,39.2200012207031,0,44.3099999999998
44.31,3,2,39.2299995422363,0,44.3199999999998
44.32,3,2,39.2400016784668,0,44.3299999999997
44.33,3,2,39.25,0,44.3399999999997
44.34,3,2,39.2599983215332,0,44.3499999999997
44.35,3,2,39.2700004577637,0,44.3599999999997
44.36,3,2,39.2799987792969,0,44.3699999999997
44.37,3,2,39.2900009155273,0,44.3799999999997
44.38,3,2,39.2999992370605,0,44.3899999999997
44.39,3,2,39.310001373291,0,44.3999999999997
44.4,3,2,39.3199996948242,0,44.4099999999997
44.41,3,2,39.3300018310547,0,44.4199999999997
44.42,3,2,39.3400001525879,0,44.4299999999997
44.43,3,2,39.3499984741211,0,44.4399999999997
44.44,3,2,39.3600006103516,0,44.4499999999997
44.45,3,2,39.3699989318848,0,44.4599999999997
44.46,3,2,39.3800010681152,0,44.4699999999997
44.47,3,2,39.3899993896484,0,44.4799999999997
44.48,3,2,39.4000015258789,0,44.4899999999997
44.49,3,2,39.4099998474121,0,44.4999999999997
44.5,3,2,39.4199981689453,0,44.5099999999997
44.51,3,2,39.4300003051758,0,44.5199999999997
44.52,3,2,39.439998626709,0,44.5299999999997
44.53,3,2,39.4500007629395,0,44.5399999999997
44.54,3,2,39.4599990844727,0,44.5499999999997
44.55,3,2,39.4700012207031,0,44.5599999999997
44.56,3,2,39.4799995422363,0,44.5699999999997
44.57,3,2,39.4900016784668,0,44.5799999999997
44.58,3,2,39.5,0,44.5899999999997
44.59,3,2,39.5099983215332,0,44.5999999999997
44.6,3,2,39.5200004577637,0,44.6099999999997
44.61,3,2,39.5299987792969,0,44.6199999999997
44.62,3,2,39.5400009155273,0,44.6299999999997
44.63,3,2,39.5499992370605,0,44.6399999999997
44.64,3,2,39.560001373291,0,44.6499999999997
44.65,3,2,39.5699996948242,0,44.6599999999997
44.66,3,2,39.5800018310547,0,44.6699999999997
44.67,3,2,39.5900001525879,0,44.6799999999997
44.68,3,2,39.5999984741211,0,44.6899999999997
44.69,3,2,39.6100006103516,0,44.6999999999997
44.7,3,2,39.6199989318848,0,44.7099999999997
44.71,3,2,39.6300010681152,0,44.7199999999997
44.72,3,2,39.6399993896484,0,44.7299999999997
44.73,3,2,39.6500015258789,0,44.7399999999997
44.74,3,2,39.6599998474121,0,44.7499999999997
44.75,3,2,39.6699981689453,0,44.7599999999997
44.76,3,2,39.6800003051758,0,44.7699999999997
44.77,3,2,39.689998626709,0,44.7799999999997
44.78,3,2,39.7000007629395,0,44.7899999999997
44.79,3,2,39.7099990844727,0,44.7999999999997
44.8,3,2,39.7200012207031,0,44.8099999999997
44.81,3,2,39.7299995422363,0,44.8199999999997
44.82,3,2,39.7400016784668,0,44.8299999999997
44.83,3,2,39.75,0,44.8399999999996
44.84,3,2,39.7599983215332,0,44.8499999999996
44.85,3,2,39.7700004577637,0,44.8599999999996
44.86,3,2,39.7799987792969,0,44.8699999999996
44.87,3,2,39.7900009155273,0,44.8799999999996
44.88,3,2,39.7999992370605,0,44.8899999999996
44.89,3,2,39.810001373291,0,44.8999999999996
44.9,3,2,39.8199996948242,0,44.9099999999996
44.91,3,2,39.8300018310547,0,44.9199999999996
44.92,3,2,39.8400001525879,0,44.9299999999996
44.93,3,2,39.8499984741211,0,44.9399999999996
44.94,3,2,39.8600006103516,0,44.9499999999996
44.95,3,2,39.8699989318848,0,44.9599999999996
44.96,3,2,39.8800010681152,0,44.9699999999996
44.97,3,2,39.8899993896484,0,44.9799999999996
44.98,3,2,39.9000015258789,0,44.9899999999996
44.99,3,2,39.9099998474121,0,44.9999999999996
45,3,2,39.9199981689453,0,45.0099999999996
45.01,3,2,39.9300003051758,0,45.0199999999996
45.02,3,2,39.939998626709,0,45.0299999999996
45.03,3,2,39.9500007629395,0,45.0399999999996
45.04,3,2,39.9599990844727,0,45.0499999999996
45.05,3,2,39.9700012207031,0,45.0599999999996
45.06,3,2,39.9799995422363,0,45.0699999999996
45.07,3,2,39.9900016784668,0,45.0799999999996
45.08,3,2,40,0,45.0899999999996
45.09,3,2,40.0099983215332,0,45.0999999999996
45.1,3,2,40.0200004577637,0,45.1099999999996
45.11,3,2,40.0299987792969,0,45.1199999999996
45.12,3,2,40.0400009155273,0,45.1299999999996
45.13,3,2,40.0499992370605,0,45.1399999999996
45.14,3,2,40.060001373291,0,45.1499999999996
45.15,3,2,40.0699996948242,0,45.1599999999996
45.16,3,2,40.0800018310547,0,45.1699999999996
45.17,3,2,40.0900001525879,0,45.1799999999996
45.18,3,2,40.0999984741211,0,45.1899999999996
45.19,3,2,40.1100006103516,0,45.1999999999996
45.2,3,2,40.1199989318848,0,45.2099999999996
45.21,3,2,40.1300010681152,0,45.2199999999996
45.22,3,2,40.1399993896484,0,45.2299999999996
45.23,3,2,40.1500015258789,0,45.2399999999996
45.24,3,2,40.1599998474121,0,45.2499999999996
45.25,3,2,40.1699981689453,0,45.2599999999996
45.26,3,2,40.1800003051758,0,45.2699999999996
45.27,3,2,40.189998626709,0,45.2799999999996
45.28,3,2,40.2000007629395,0,45.2899999999996
45.29,3,2,40.2099990844727,0,45.2999999999996
45.3,3,2,40.2200012207031,0,45.3099999999996
45.31,3,2,40.2299995422363,0,45.3199999999996
45.32,3,2,40.2400016784668,0,45.3299999999996
45.33,3,2,40.25,0,45.3399999999995
45.34,3,2,40.2599983215332,0,45.3499999999995
45.35,3,2,40.2700004577637,0,45.3599999999995
45.36,3,2,40.2799987792969,0,45.3699999999995
45.37,3,2,40.2900009155273,0,45.3799999999995
45.38,3,2,40.2999992370605,0,45.3899999999995
45.39,3,2,40.310001373291,0,45.3999999999995
45.4,3,2,40.3199996948242,0,45.4099999999995
45.41,3,2,40.3300018310547,0,45.4199999999995
45.42,3,2,40.3400001525879,0,45.4299999999995
45.43,3,2,40.3499984741211,0,45.4399999999995
45.44,3,2,40.3600006103516,0,45.4499999999995
45.45,3,2,40.3699989318848,0,45.4599999999995
45.46,3,2,40.3800010681152,0,45.4699999999995
45.47,3,2,40.3899993896484,0,45.4799999999995
45.48,3,2,40.4000015258789,0,45.4899999999995
45.49,3,2,40.4099998474121,0,45.4999999999995
45.5,3,2,40.4199981689453,0,45.5099999999995
45.51,3,2,40.4300003051758,0,45.5199999999995
45.52,3,2,40.439998626709,0,45.5299999999995
45.53,3,2,40.4500007629395,0,45.5399999999995
45.54,3,2,40.4599990844727,0,45.5499999999995
45.55,3,2,40.4700012207031,0,45.5599999999995
45.56,3,2,40.4799995422363,0,45.5699999999995
45.57,3,2,40.4900016784668,0,45.5799999999995
45.58,3,2,40.5,0,45.5899999999995
45.59,3,2,40.5099983215332,0,45.5999999999995
45.6,3,2,40.5200004577637,0,45.6099999999995
45.61,3,2,40.5299987792969,0,45.6199999999995
45.62,3,2,40.5400009155273,0,45.6299999999995
45.63,3,2,40.5499992370605,0,45.6399999999995
45.64,3,2,40.560001373291,0,45.6499999999995
45.65,3,2,40.5699996948242,0,45.6599999999995
45.66,3,2,40.5800018310547,0,45.6699999999995
45.67,3,2,40.5900001525879,0,45.6799999999995
45.68,3,2,40.5999984741211,0,45.6899999999995
45.69,3,2,40.6100006103516,0,45.6999999999995
45.7,3,2,40.6199989318848,0,45.7099999999995
45.71,3,2,40.6300010681152,0,45.7199999999995
45.72,3,2,40.6399993896484,0,45.7299999999995
45.73,3,2,40.6500015258789,0,45.7399999999995
45.74,3,2,40.6599998474121,0,45.7499999999995
45.75,3,2,40.6699981689453,0,45.7599999999995
45.76,3,2,40.6800003051758,0,45.7699999999995
45.77,3,2,40.689998626709,0,45.7799999999995
45.78,3,2,40.7000007629395,0,45.7899999999995
45.79,3,2,40.7099990844727,0,45.7999999999995
45.8,3,2,40.7200012207031,0,45.8099999999995
45.81,3,2,40.7299995422363,0,45.8199999999995
45.82,3,2,40.7400016784668,0,45.8299999999995
45.83,3,2,40.75,0,45.8399999999994
45.84,3,2,40.7599983215332,0,45.8499999999994
45.85,3,2,40.7700004577637,0,45.8599999999994
45.86,3,2,40.7799987792969,0,45.8699999999994
45.87,3,2,40.7900009155273,0,45.8799999999994
45.88,3,2,40.7999992370605,0,45.8899999999994
45.89,3,2,40.810001373291,0,45.8999999999994
45.9,3,2,40.8199996948242,0,45.9099999999994
45.91,3,2,40.8300018310547,0,45.9199999999994
45.92,3,2,40.8400001525879,0,45.9299999999994
45.93,3,2,40.8499984741211,0,45.9399999999994
45.94,3,2,40.8600006103516,0,45.9499999999994
45.95,3,2,40.8699989318848,0,45.9599999999994
45.96,3,2,40.8800010681152,0,45.9699999999994
45.97,3,2,40.8899993896484,0,45.9799999999994
45.98,3,2,40.9000015258789,0,45.9899999999994
45.99,3,2,40.9099998474121,0,45.9999999999994
46,3,2,40.9199981689453,0,46.0099999999994
46.01,3,2,40.9300003051758,0,46.0199999999994
46.02,3,2,40.939998626709,0,46.0299999999994
46.03,3,2,40.9500007629395,0,46.0399999999994
46.04,3,2,40.9599990844727,0,46.0499999999994
46.05,3,2,40.9700012207031,0,46.0599999999994
46.06,3,2,40.9799995422363,0,46.0699999999994
46.07,3,2,40.9900016784668,0,46.0799999999994
46.08,3,2,41,0,46.0899999999994
46.09,3,2,41.0099983215332,0,46.0999999999994
46.1,3,2,41.0200004577637,0,46.1099999999994
46.11,3,2,41.0299987792969,0,46.1199999999994
46.12,3,2,41.0400009155273,0,46.1299999999994
46.13,3,2,41.0499992370605,0,46.1399999999994
46.14,3,2,41.060001373291,0,46.1499999999994
46.15,3,2,41.0699996948242,0,46.1599999999994
46.16,3,2,41.0800018310547,0,46.1699999999994
46.17,3,2,41.0900001525879,0,46.1799999999994
46.18,3,2,41.0999984741211,0,46.1899999999994
46.19,3,2,41.1100006103516,0,46.1999999999994
46.2,3,2,41.1199989318848,0,46.2099999999994
46.21,3,2,41.1300010681152,0,46.2199999999994
46.22,3,2,41.1399993896484,0,46.2299999999994
46.23,3,2,41.1500015258789,0,46.2399999999994
46.24,3,2,41.1599998474121,0,46.2499999999994
46.25,3,2,41.1699981689453,0,46.2599999999994
46.26,3,2,41.1800003051758,0,46.2699999999994
46.27,3,2,41.189998626709,0,46.2799999999994
46.28,3,2,41.2000007629395,0,46.2899999999994
46.29,3,2,41.2099990844727,0,46.2999999999994
46.3,3,2,41.2200012207031,0,46.3099999999994
46.31,3,2,41.2299995422363,0,46.3199999999994
46.32,3,2,41.2400016784668,0,46.3299999999994
46.33,3,2,41.25,0,46.3399999999993
46.34,3,2,41.2599983215332,0,46.3499999999993
46.35,3,2,41.2700004577637,0,46.3599999999993
46.36,3,2,41.2799987792969,0,46.3699999999993
46.37,3,2,41.2900009155273,0,46.3799999999993
46.38,3,2,41.2999992370605,0,46.3899999999993
46.39,3,2,41.310001373291,0,46.3999999999993
46.4,3,2,41.3199996948242,0,46.4099999999993
46.41,3,2,41.3300018310547,0,46.4199999999993
46.42,3,2,41.3400001525879,0,46.4299999999993
46.43,3,2,41.3499984741211,0,46.4399999999993
46.44,3,2,41.3600006103516,0,46.4499999999993
46.45,3,2,41.3699989318848,0,46.4599999999993
46.46,3,2,41.3800010681152,0,46.4699999999993
46.47,3,2,41.3899993896484,0,46.4799999999993
46.48,3,2,41.4000015258789,0,46.4899999999993
46.49,3,2,41.4099998474121,0,46.4999999999993
46.5,3,2,41.4199981689453,0,46.5099999999993
46.51,3,2,41.4300003051758,0,46.5199999999993
46.52,3,2,41.439998626709,0,46.5299999999993
46.53,3,2,41.4500007629395,0,46.5399999999993
46.54,3,2,41.4599990844727,0,46.5499999999993
46.55,3,2,41.4700012207031,0,46.5599999999993
46.56,3,2,41.4799995422363,0,46.5699999999993
46.57,3,2,41.4900016784668,0,46.5799999999993
46.58,3,2,41.5,0,46.5899999999993
46.59,3,2,41.5099983215332,0,46.5999999999993
46.6,3,2,41.5200004577637,0,46.6099999999993
46.61,3,2,41.5299987792969,0,46.6199999999993
46.62,3,2,41.5400009155273,0,46.6299999999993
46.63,3,2,41.5499992370605,0,46.6399999999993
46.64,3,2,41.560001373291,0,46.6499999999993
46.65,3,2,41.5699996948242,0,46.6599999999993
46.66,3,2,41.5800018310547,0,46.6699999999993
46.67,3,2,41.5900001525879,0,46.6799999999993
46.68,3,2,41.5999984741211,0,46.6899999999993
46.69,3,2,41.6100006103516,0,46.6999999999993
46.7,3,2,41.6199989318848,0,46.7099999999993
46.71,3,2,41.6300010681152,0,46.7199999999993
46.72,3,2,41.6399993896484,0,46.7299999999993
46.73,3,2,41.6500015258789,0,46.7399999999993
46.74,3,2,41.6599998474121,0,46.7499999999993
46.75,3,2,41.6699981689453,0,46.7599999999993
46.76,3,2,41.6800003051758,0,46.7699999999993
46.77,3,2,41.689998626709,0,46.7799999999993
46.78,3,2,41.7000007629395,0,46.7899999999993
46.79,3,2,41.7099990844727,0,46.7999999999993
46.8,3,2,41.7200012207031,0,46.8099999999993
46.81,3,2,41.7299995422363,0,46.8199999999993
46.82,3,2,41.7400016784668,0,46.8299999999993
46.83,3,2,41.75,0,46.8399999999993
46.84,3,2,41.7599983215332,0,46.8499999999992
46.85,3,2,41.7700004577637,0,46.8599999999992
46.86,3,2,41.7799987792969,0,46.8699999999992
46.87,3,2,41.7900009155273,0,46.8799999999992
46.88,3,2,41.7999992370605,0,46.8899999999992
46.89,3,2,41.810001373291,0,46.8999999999992
46.9,3,2,41.8199996948242,0,46.9099999999992
46.91,3,2,41.8300018310547,0,46.9199999999992
46.92,3,2,41.8400001525879,0,46.9299999999992
46.93,3,2,41.8499984741211,0,46.9399999999992
46.94,3,2,41.8600006103516,0,46.9499999999992
46.95,3,2,41.8699989318848,0,46.9599999999992
46.96,3,2,41.8800010681152,0,46.9699999999992
46.97,3,2,41.8899993896484,0,46.9799999999992
46.98,3,2,41.9000015258789,0,46.9899999999992
46.99,3,2,41.9099998474121,0,46.9999999999992
47,3,2,41.9199981689453,0,47.0099999999992
47.01,3,2,41.9300003051758,0,47.0199999999992
47.02,3,2,41.939998626709,0,47.0299999999992
47.03,3,2,41.9500007629395,0,47.0399999999992
47.04,3,2,41.9599990844727,0,47.0499999999992
47.05,3,2,41.9700012207031,0,47.0599999999992
47.06,3,2,41.9799995422363,0,47.0699999999992
47.07,3,2,41.9900016784668,0,47.0799999999992
47.08,3,2,42,0,47.0899999999992
47.09,3,2,42.0099983215332,0,47.0999999999992
47.1,3,2,42.0200004577637,0,47.1099999999992
47.11,3,2,42.0299987792969,0,47.1199999999992
47.12,3,2,42.0400009155273,0,47.1299999999992
47.13,3,2,42.0499992370605,0,47.1399999999992
47.14,3,2,42.060001373291,0,47.1499999999992
47.15,3,2,42.0699996948242,0,47.1599999999992
47.16,3,2,42.0800018310547,0,47.1699999999992
47.17,3,2,42.0900001525879,0,47.1799999999992
47.18,3,2,42.0999984741211,0,47.1899999999992
47.19,3,2,42.1100006103516,0,47.1999999999992
47.2,3,2,42.1199989318848,0,47.2099999999992
47.21,3,2,42.1300010681152,0,47.2199999999992
47.22,3,2,42.1399993896484,0,47.2299999999992
47.23,3,2,42.1500015258789,0,47.2399999999992
47.24,3,2,42.1599998474121,0,47.2499999999992
47.25,3,2,42.1699981689453,0,47.2599999999992
47.26,3,2,42.1800003051758,0,47.2699999999992
47.27,3,2,42.189998626709,0,47.2799999999992
47.28,3,2,42.2000007629395,0,47.2899999999992
47.29,3,2,42.2099990844727,0,47.2999999999992
47.3,3,2,42.2200012207031,0,47.3099999999992
47.31,3,2,42.2299995422363,0,47.3199999999992
47.32,3,2,42.2400016784668,0,47.3299999999992
47.33,3,2,42.25,0,47.3399999999992
47.34,3,2,42.2599983215332,0,47.3499999999991
47.35,3,2,42.2700004577637,0,47.3599999999991
47.36,3,2,42.2799987792969,0,47.3699999999991
47.37,3,2,42.2900009155273,0,47.3799999999991
47.38,3,2,42.2999992370605,0,47.3899999999991
47.39,3,2,42.310001373291,0,47.3999999999991
47.4,3,2,42.3199996948242,0,47.4099999999991
47.41,3,2,42.3300018310547,0,47.4199999999991
47.42,3,2,42.3400001525879,0,47.4299999999991
47.43,3,2,42.3499984741211,0,47.4399999999991
47.44,3,2,42.3600006103516,0,47.4499999999991
47.45,3,2,42.3699989318848,0,47.4599999999991
47.46,3,2,42.3800010681152,0,47.4699999999991
47.47,3,2,42.3899993896484,0,47.4799999999991
47.48,3,2,42.4000015258789,0,47.4899999999991
47.49,3,2,42.4099998474121,0,47.4999999999991
47.5,3,2,42.4199981689453,0,47.5099999999991
47.51,3,2,42.4300003051758,0,47.5199999999991
47.52,3,2,42.439998626709,0,47.5299999999991
47.53,3,2,42.4500007629395,0,47.5399999999991
47.54,3,2,42.4599990844727,0,47.5499999999991
47.55,3,2,42.4700012207031,0,47.5599999999991
47.56,3,2,42.4799995422363,0,47.5699999999991
47.57,3,2,42.4900016784668,0,47.5799999999991
47.58,3,2,42.5,0,47.5899999999991
47.59,3,2,42.5099983215332,0,47.5999999999991
47.6,3,2,42.5200004577637,0,47.6099999999991
47.61,3,2,42.5299987792969,0,47.6199999999991
47.62,3,2,42.5400009155273,0,47.6299999999991
47.63,3,2,42.5499992370605,0,47.6399999999991
47.64,3,2,42.560001373291,0,47.6499999999991
47.65,3,2,42.5699996948242,0,47.6599999999991
47.66,3,2,42.5800018310547,0,47.6699999999991
47.67,3,2,42.5900001525879,0,47.6799999999991
47.68,3,2,42.5999984741211,0,47.6899999999991
47.69,3,2,42.6100006103516,0,47.6999999999991
47.7,3,2,42.6199989318848,0,47.7099999999991
47.71,3,2,42.6300010681152,0,47.7199999999991
47.72,3,2,42.6399993896484,0,47.7299999999991
47.73,3,2,42.6500015258789,0,47.7399999999991
47.74,3,2,42.6599998474121,0,47.7499999999991
47.75,3,2,42.6699981689453,0,47.7599999999991
47.76,3,2,42.6800003051758,0,47.7699999999991
47.77,3,2,42.689998626709,0,47.7799999999991
47.78,3,2,42.7000007629395,0,47.7899999999991
47.79,3,2,42.7099990844727,0,47.7999999999991
47.8,3,2,42.7200012207031,0,47.8099999999991
47.81,3,2,42.7299995422363,0,47.8199999999991
47.82,3,2,42.7400016784668,0,47.8299999999991
47.83,3,2,42.75,0,47.8399999999991
47.84,3,2,42.7599983215332,0,47.849999999999
47.85,3,2,42.7700004577637,0,47.859999999999
47.86,3,2,42.7799987792969,0,47.869999999999
47.87,3,2,42.7900009155273,0,47.879999999999
47.88,3,2,42.7999992370605,0,47.889999999999
47.89,3,2,42.810001373291,0,47.899999999999
47.9,3,2,42.8199996948242,0,47.909999999999
47.91,3,2,42.8300018310547,0,47.919999999999
47.92,3,2,42.8400001525879,0,47.929999999999
47.93,3,2,42.8499984741211,0,47.939999999999
47.94,3,2,42.8600006103516,0,47.949999999999
47.95,3,2,42.8699989318848,0,47.959999999999
47.96,3,2,42.8800010681152,0,47.969999999999
47.97,3,2,42.8899993896484,0,47.979999999999
47.98,3,2,42.9000015258789,0,47.989999999999
47.99,3,2,42.9099998474121,0,47.999999999999
48,3,2,42.9199981689453,0,48.009999999999
48.01,3,2,42.9300003051758,0,48.019999999999
48.02,3,2,42.939998626709,0,48.029999999999
48.03,3,2,42.9500007629395,0,48.039999999999
48.04,3,2,42.9599990844727,0,48.049999999999
48.05,3,2,42.9700012207031,0,48.059999999999
48.06,3,2,42.9799995422363,0,48.069999999999
48.07,3,2,42.9900016784668,0,48.079999999999
48.08,3,2,43,0,48.089999999999
48.09,3,2,43.0099983215332,0,48.099999999999
48.1,3,2,43.0200004577637,0,48.109999999999
48.11,3,2,43.0299987792969,0,48.119999999999
48.12,3,2,43.0400009155273,0,48.129999999999
48.13,3,2,43.0499992370605,0,48.139999999999
48.14,3,2,43.060001373291,0,48.149999999999
48.15,3,2,43.0699996948242,0,48.159999999999
48.16,3,2,43.0800018310547,0,48.169999999999
48.17,3,2,43.0900001525879,0,48.179999999999
48.18,3,2,43.0999984741211,0,48.189999999999
48.19,3,2,43.1100006103516,0,48.199999999999
48.2,3,2,43.1199989318848,0,48.209999999999
48.21,3,2,43.1300010681152,0,48.219999999999
48.22,3,2,43.1399993896484,0,48.229999999999
48.23,3,2,43.1500015258789,0,48.239999999999
48.24,3,2,43.1599998474121,0,48.249999999999
48.25,3,2,43.1699981689453,0,48.259999999999
48.26,3,2,43.1800003051758,0,48.269999999999
48.27,3,2,43.189998626709,0,48.279999999999
48.28,3,2,43.2000007629395,0,48.289999999999
48.29,3,2,43.2099990844727,0,48.299999999999
48.3,3,2,43.2200012207031,0,48.309999999999
48.31,3,2,43.2299995422363,0,48.319999999999
48.32,3,2,43.2400016784668,0,48.329999999999
48.33,3,2,43.25,0,48.339999999999
48.34,3,2,43.2599983215332,0,48.3499999999989
48.35,3,2,43.2700004577637,0,48.3599999999989
48.36,3,2,43.2799987792969,0,48.3699999999989
48.37,3,2,43.2900009155273,0,48.3799999999989
48.38,3,2,43.2999992370605,0,48.3899999999989
48.39,3,2,43.310001373291,0,48.3999999999989
48.4,3,2,43.3199996948242,0,48.4099999999989
48.41,3,2,43.3300018310547,0,48.4199999999989
48.42,3,2,43.3400001525879,0,48.4299999999989
48.43,3,2,43.3499984741211,0,48.4399999999989
48.44,3,2,43.3600006103516,0,48.4499999999989
48.45,3,2,43.3699989318848,0,48.4599999999989
48.46,3,2,43.3800010681152,0,48.4699999999989
48.47,3,2,43.3899993896484,0,48.4799999999989
48.48,3,2,43.4000015258789,0,48.4899999999989
48.49,3,2,43.4099998474121,0,48.4999999999989
48.5,3,2,43.4199981689453,0,48.5099999999989
48.51,3,2,43.4300003051758,0,48.5199999999989
48.52,3,2,43.439998626709,0,48.5299999999989
48.53,3,2,43.4500007629395,0,48.5399999999989
48.54,3,2,43.4599990844727,0,48.5499999999989
48.55,3,2,43.4700012207031,0,48.5599999999989
48.56,3,2,43.4799995422363,0,48.5699999999989
48.57,3,2,43.4900016784668,0,48.5799999999989
48.58,3,2,43.5,0,48.5899999999989
48.59,3,2,43.5099983215332,0,48.5999999999989
48.6,3,2,43.5200004577637,0,48.6099999999989
48.61,3,2,43.5299987792969,0,48.6199999999989
48.62,3,2,43.5400009155273,0,48.6299999999989
48.63,3,2,43.5499992370605,0,48.6399999999989
48.64,3,2,43.560001373291,0,48.6499999999989
48.65,3,2,43.5699996948242,0,48.6599999999989
48.66,3,2,43.5800018310547,0,48.6699999999989
48.67,3,2,43.5900001525879,0,48.6799999999989
48.68,3,2,43.5999984741211,0,48.6899999999989
48.69,3,2,43.6100006103516,0,48.6999999999989
48.7,3,2,43.6199989318848,0,48.7099999999989
48.71,3,2,43.6300010681152,0,48.7199999999989
48.72,3,2,43.6399993896484,0,48.7299999999989
48.73,3,2,43.6500015258789,0,48.7399999999989
48.74,3,2,43.6599998474121,0,48.7499999999989
48.75,3,2,43.6699981689453,0,48.7599999999989
48.76,3,2,43.6800003051758,0,48.7699999999989
48.77,3,2,43.689998626709,0,48.7799999999989
48.78,3,2,43.7000007629395,0,48.7899999999989
48.79,3,2,43.7099990844727,0,48.7999999999989
48.8,3,2,43.7200012207031,0,48.8099999999989
48.81,3,2,43.7299995422363,0,48.8199999999989
48.82,3,2,43.7400016784668,0,48.8299999999989
48.83,3,2,43.75,0,48.8399999999989
48.84,3,2,43.7599983215332,0,48.8499999999989
48.85,3,2,43.7700004577637,0,48.8599999999988
48.86,3,2,43.7799987792969,0,48.8699999999988
48.87,3,2,43.7900009155273,0,48.8799999999988
48.88,3,2,43.7999992370605,0,48.8899999999988
48.89,3,2,43.810001373291,0,48.8999999999988
48.9,3,2,43.8199996948242,0,48.9099999999988
48.91,3,2,43.8300018310547,0,48.9199999999988
48.92,3,2,43.8400001525879,0,48.9299999999988
48.93,3,2,43.8499984741211,0,48.9399999999988
48.94,3,2,43.8600006103516,0,48.9499999999988
48.95,3,2,43.8699989318848,0,48.9599999999988
48.96,3,2,43.8800010681152,0,48.9699999999988
48.97,3,2,43.8899993896484,0,48.9799999999988
48.98,3,2,43.9000015258789,0,48.9899999999988
48.99,3,2,43.9099998474121,0,48.9999999999988
49,3,2,43.9199981689453,0,49.0099999999988
49.01,3,2,43.9300003051758,0,49.0199999999988
49.02,3,2,43.939998626709,0,49.0299999999988
49.03,3,2,43.9500007629395,0,49.0399999999988
49.04,3,2,43.9599990844727,0,49.0499999999988
49.05,3,2,43.9700012207031,0,49.0599999999988
49.06,3,2,43.9799995422363,0,49.0699999999988
49.07,3,2,43.9900016784668,0,49.0799999999988
49.08,3,2,44,0,49.0899999999988
49.09,3,2,44.0099983215332,0,49.0999999999988
49.1,3,2,44.0200004577637,0,49.1099999999988
49.11,3,2,44.0299987792969,0,49.1199999999988
49.12,3,2,44.0400009155273,0,49.1299999999988
49.13,3,2,44.0499992370605,0,49.1399999999988
49.14,3,2,44.060001373291,0,49.1499999999988
49.15,3,2,44.0699996948242,0,49.1599999999988
49.16,3,2,44.0800018310547,0,49.1699999999988
49.17,3,2,44.0900001525879,0,49.1799999999988
49.18,3,2,44.0999984741211,0,49.1899999999988
49.19,3,2,44.1100006103516,0,49.1999999999988
49.2,3,2,44.1199989318848,0,49.2099999999988
49.21,3,2,44.1300010681152,0,49.2199999999988
49.22,3,2,44.1399993896484,0,49.2299999999988
49.23,3,2,44.1500015258789,0,49.2399999999988
49.24,3,2,44.1599998474121,0,49.2499999999988
49.25,3,2,44.1699981689453,0,49.2599999999988
49.26,3,2,44.1800003051758,0,49.2699999999988
49.27,3,2,44.189998626709,0,49.2799999999988
49.28,3,2,44.2000007629395,0,49.2899999999988
49.29,3,2,44.2099990844727,0,49.2999999999988
49.3,3,2,44.2200012207031,0,49.3099999999988
49.31,3,2,44.2299995422363,0,49.3199999999988
49.32,3,2,44.2400016784668,0,49.3299999999988
49.33,3,2,44.25,0,49.3399999999988
49.34,3,2,44.2599983215332,0,49.3499999999988
49.35,3,2,44.2700004577637,0,49.3599999999987
49.36,3,2,44.2799987792969,0,49.3699999999987
49.37,3,2,44.2900009155273,0,49.3799999999987
49.38,3,2,44.2999992370605,0,49.3899999999987
49.39,3,2,44.310001373291,0,49.3999999999987
49.4,3,2,44.3199996948242,0,49.4099999999987
49.41,3,2,44.3300018310547,0,49.4199999999987
49.42,3,2,44.3400001525879,0,49.4299999999987
49.43,3,2,44.3499984741211,0,49.4399999999987
49.44,3,2,44.3600006103516,0,49.4499999999987
49.45,3,2,44.3699989318848,0,49.4599999999987
49.46,3,2,44.3800010681152,0,49.4699999999987
49.47,3,2,44.3899993896484,0,49.4799999999987
49.48,3,2,44.4000015258789,0,49.4899999999987
49.49,3,2,44.4099998474121,0,49.4999999999987
49.5,3,2,44.4199981689453,0,49.5099999999987
49.51,3,2,44.4300003051758,0,49.5199999999987
49.52,3,2,44.439998626709,0,49.5299999999987
49.53,3,2,44.4500007629395,0,49.5399999999987
49.54,3,2,44.4599990844727,0,49.5499999999987
49.55,3,2,44.4700012207031,0,49.5599999999987
49.56,3,2,44.4799995422363,0,49.5699999999987
49.57,3,2,44.4900016784668,0,49.5799999999987
49.58,3,2,44.5,0,49.5899999999987
49.59,3,2,44.5099983215332,0,49.5999999999987
49.6,3,2,44.5200004577637,0,49.6099999999987
49.61,3,2,44.5299987792969,0,49.6199999999987
49.62,3,2,44.5400009155273,0,49.6299999999987
49.63,3,2,44.5499992370605,0,49.6399999999987
49.64,3,2,44.560001373291,0,49.6499999999987
49.65,3,2,44.5699996948242,0,49.6599999999987
49.66,3,2,44.5800018310547,0,49.6699999999987
49.67,3,2,44.5900001525879,0,49.6799999999987
49.68,3,2,44.5999984741211,0,49.6899999999987
49.69,3,2,44.6100006103516,0,49.6999999999987
49.7,3,2,44.6199989318848,0,49.7099999999987
49.71,3,2,44.6300010681152,0,49.7199999999987
49.72,3,2,44.6399993896484,0,49.7299999999987
49.73,3,2,44.6500015258789,0,49.7399999999987
49.74,3,2,44.6599998474121,0,49.7499999999987
49.75,3,2,44.6699981689453,0,49.7599999999987
49.76,3,2,44.6800003051758,0,49.7699999999987
49.77,3,2,44.689998626709,0,49.7799999999987
49.78,3,2,44.7000007629395,0,49.7899999999987
49.79,3,2,44.7099990844727,0,49.7999999999987
49.8,3,2,44.7200012207031,0,49.8099999999987
49.81,3,2,44.7299995422363,0,49.8199999999987
49.82,3,2,44.7400016784668,0,49.8299999999987
49.83,3,2,44.75,0,49.8399999999987
49.84,3,2,44.7599983215332,0,49.8499999999987
49.85,3,2,44.7700004577637,0,49.8599999999986
49.86,3,2,44.7799987792969,0,49.8699999999986
49.87,3,2,44.7900009155273,0,49.8799999999986
49.88,3,2,44.7999992370605,0,49.8899999999986
49.89,3,2,44.810001373291,0,49.8999999999986
49.9,3,2,44.8199996948242,0,49.9099999999986
49.91,3,2,44.8300018310547,0,49.9199999999986
49.92,3,2,44.8400001525879,0,49.9299999999986
49.93,3,2,44.8499984741211,0,49.9399999999986
49.94,3,2,44.8600006103516,0,49.9499999999986
49.95,3,2,44.8699989318848,0,49.9599999999986
49.96,3,2,44.8800010681152,0,49.9699999999986
49.97,3,2,44.8899993896484,0,49.9799999999986
49.98,3,2,44.9000015258789,0,49.9899999999986
49.99,3,2,44.9099998474121,0,49.9999999999986
50,3,2,44.9199981689453,0,50.0099999999986
50.01,3,2,44.9300003051758,0,50.0199999999986
50.02,3,2,44.939998626709,0,50.0299999999986
50.03,3,2,44.9500007629395,0,50.0399999999986
50.04,3,2,44.9599990844727,0,50.0499999999986
50.05,3,2,44.9700012207031,0,50.0599999999986
50.06,3,2,44.9799995422363,0,50.0699999999986
50.07,3,2,44.9900016784668,0,50.0799999999986
50.08,3,2,45,0,50.0899999999986
50.09,3,2,45.0099983215332,0,50.0999999999986
50.1,3,2,45.0200004577637,0,50.1099999999986
50.11,3,2,45.0299987792969,0,50.1199999999986
50.12,3,2,45.0400009155273,0,50.1299999999986
50.13,3,2,45.0499992370605,0,50.1399999999986
50.14,3,2,45.060001373291,0,50.1499999999986
50.15,3,2,45.0699996948242,0,50.1599999999986
50.16,3,2,45.0800018310547,0,50.1699999999986
50.17,3,2,45.0900001525879,0,50.1799999999986
50.18,3,2,45.0999984741211,0,50.1899999999986
50.19,3,2,45.1100006103516,0,50.1999999999986
50.2,3,2,45.1199989318848,0,50.2099999999986
50.21,3,2,45.1300010681152,0,50.2199999999986
50.22,3,2,45.1399993896484,0,50.2299999999986
50.23,3,2,45.1500015258789,0,50.2399999999986
50.24,3,2,45.1599998474121,0,50.2499999999986
50.25,3,2,45.1699981689453,0,50.2599999999986
50.26,3,2,45.1800003051758,0,50.2699999999986
50.27,3,2,45.189998626709,0,50.2799999999986
50.28,3,2,45.2000007629395,0,50.2899999999986
50.29,3,2,45.2099990844727,0,50.2999999999986
50.3,3,2,45.2200012207031,0,50.3099999999986
50.31,3,2,45.2299995422363,0,50.3199999999986
50.32,3,2,45.2400016784668,0,50.3299999999986
50.33,3,2,45.25,0,50.3399999999986
50.34,3,2,45.2599983215332,0,50.3499999999986
50.35,3,2,45.2700004577637,0,50.3599999999985
50.36,3,2,45.2799987792969,0,50.3699999999985
50.37,3,2,45.2900009155273,0,50.3799999999985
50.38,3,2,45.2999992370605,0,50.3899999999985
50.39,3,2,45.310001373291,0,50.3999999999985
50.4,3,2,45.3199996948242,0,50.4099999999985
50.41,3,2,45.3300018310547,0,50.4199999999985
50.42,3,2,45.3400001525879,0,50.4299999999985
50.43,3,2,45.3499984741211,0,50.4399999999985
50.44,3,2,45.3600006103516,0,50.4499999999985
50.45,3,2,45.3699989318848,0,50.4599999999985
50.46,3,2,45.3800010681152,0,50.4699999999985
50.47,3,2,45.3899993896484,0,50.4799999999985
50.48,3,2,45.4000015258789,0,50.4899999999985
50.49,3,2,45.4099998474121,0,50.4999999999985
50.5,3,2,45.4199981689453,0,50.5099999999985
50.51,3,2,45.4300003051758,0,50.5199999999985
50.52,3,2,45.439998626709,0,50.5299999999985
50.53,3,2,45.4500007629395,0,50.5399999999985
50.54,3,2,45.4599990844727,0,50.5499999999985
50.55,3,2,45.4700012207031,0,50.5599999999985
50.56,3,2,45.4799995422363,0,50.5699999999985
50.57,3,2,45.4900016784668,0,50.5799999999985
50.58,3,2,45.5,0,50.5899999999985
50.59,3,2,45.5099983215332,0,50.5999999999985
50.6,3,2,45.5200004577637,0,50.6099999999985
50.61,3,2,45.5299987792969,0,50.6199999999985
50.62,3,2,45.5400009155273,0,50.6299999999985
50.63,3,2,45.5499992370605,0,50.6399999999985
50.64,3,2,45.560001373291,0,50.6499999999985
50.65,3,2,45.5699996948242,0,50.6599999999985
50.66,3,2,45.5800018310547,0,50.6699999999985
50.67,3,2,45.5900001525879,0,50.6799999999985
50.68,3,2,45.5999984741211,0,50.6899999999985
50.69,3,2,45.6100006103516,0,50.6999999999985
50.7,3,2,45.6199989318848,0,50.7099999999985
50.71,3,2,45.6300010681152,0,50.7199999999985
50.72,3,2,45.6399993896484,0,50.7299999999985
50.73,3,2,45.6500015258789,0,50.7399999999985
50.74,3,2,45.6599998474121,0,50.7499999999985
50.75,3,2,45.6699981689453,0,50.7599999999985
50.76,3,2,45.6800003051758,0,50.7699999999985
50.77,3,2,45.689998626709,0,50.7799999999985
50.78,3,2,45.7000007629395,0,50.7899999999985
50.79,3,2,45.7099990844727,0,50.7999999999985
50.8,3,2,45.7200012207031,0,50.8099999999985
50.81,3,2,45.7299995422363,0,50.8199999999985
50.82,3,2,45.7400016784668,0,50.8299999999985
50.83,3,2,45.75,0,50.8399999999985
50.84,3,2,45.7599983215332,0,50.8499999999985
50.85,3,2,45.7700004577637,0,50.8599999999985
50.86,3,2,45.7799987792969,0,50.8699999999984
50.87,3,2,45.7900009155273,0,50.8799999999984
50.88,3,2,45.7999992370605,0,50.8899999999984
50.89,3,2,45.810001373291,0,50.8999999999984
50.9,3,2,45.8199996948242,0,50.9099999999984
50.91,3,2,45.8300018310547,0,50.9199999999984
50.92,3,2,45.8400001525879,0,50.9299999999984
50.93,3,2,45.8499984741211,0,50.9399999999984
50.94,3,2,45.8600006103516,0,50.9499999999984
50.95,3,2,45.8699989318848,0,50.9599999999984
50.96,3,2,45.8800010681152,0,50.9699999999984
50.97,3,2,45.8899993896484,0,50.9799999999984
50.98,3,2,45.9000015258789,0,50.9899999999984
50.99,3,2,45.9099998474121,0,50.9999999999984
51,3,2,45.9199981689453,0,51.0099999999984
51.01,3,2,45.9300003051758,0,51.0199999999984
51.02,3,2,45.939998626709,0,51.0299999999984
51.03,3,2,45.9500007629395,0,51.0399999999984
51.04,3,2,45.9599990844727,0,51.0499999999984
51.05,3,2,45.9700012207031,0,51.0599999999984
51.06,3,2,45.9799995422363,0,51.0699999999984
51.07,3,2,45.9900016784668,0,51.0799999999984
51.08,3,2,46,0,51.0899999999984
51.09,3,2,46.0099983215332,0,51.0999999999984
51.1,3,2,46.0200004577637,0,51.1099999999984
51.11,3,2,46.0299987792969,0,51.1199999999984
51.12,3,2,46.0400009155273,0,51.1299999999984
51.13,3,2,46.0499992370605,0,51.1399999999984
51.14,3,2,46.060001373291,0,51.1499999999984
51.15,3,2,46.0699996948242,0,51.1599999999984
51.16,3,2,46.0800018310547,0,51.1699999999984
51.17,3,2,46.0900001525879,0,51.1799999999984
51.18,3,2,46.0999984741211,0,51.1899999999984
51.19,3,2,46.1100006103516,0,51.1999999999984
51.2,3,2,46.1199989318848,0,51.2099999999984
51.21,3,2,46.1300010681152,0,51.2199999999984
51.22,3,2,46.1399993896484,0,51.2299999999984
51.23,3,2,46.1500015258789,0,51.2399999999984
51.24,3,2,46.1599998474121,0,51.2499999999984
51.25,3,2,46.1699981689453,0,51.2599999999984
51.26,3,2,46.1800003051758,0,51.2699999999984
51.27,3,2,46.189998626709,0,51.2799999999984
51.28,3,2,46.2000007629395,0,51.2899999999984
51.29,3,2,46.2099990844727,0,51.2999999999984
51.3,3,2,46.2200012207031,0,51.3099999999984
51.31,3,2,46.2299995422363,0,51.3199999999984
51.32,3,2,46.2400016784668,0,51.3299999999984
51.33,3,2,46.25,0,51.3399999999984
51.34,3,2,46.2599983215332,0,51.3499999999984
51.35,3,2,46.2700004577637,0,51.3599999999984
51.36,3,2,46.2799987792969,0,51.3699999999983
51.37,3,2,46.2900009155273,0,51.3799999999983
51.38,3,2,46.2999992370605,0,51.3899999999983
51.39,3,2,46.310001373291,0,51.3999999999983
51.4,3,2,46.3199996948242,0,51.4099999999983
51.41,3,2,46.3300018310547,0,51.4199999999983
51.42,3,2,46.3400001525879,0,51.4299999999983
51.43,3,2,46.3499984741211,0,51.4399999999983
51.44,3,2,46.3600006103516,0,51.4499999999983
51.45,3,2,46.3699989318848,0,51.4599999999983
51.46,3,2,46.3800010681152,0,51.4699999999983
51.47,3,2,46.3899993896484,0,51.4799999999983
51.48,3,2,46.4000015258789,0,51.4899999999983
51.49,3,2,46.4099998474121,0,51.4999999999983
51.5,3,2,46.4199981689453,0,51.5099999999983
51.51,3,2,46.4300003051758,0,51.5199999999983
51.52,3,2,46.439998626709,0,51.5299999999983
51.53,3,2,46.4500007629395,0,51.5399999999983
51.54,3,2,46.4599990844727,0,51.5499999999983
51.55,3,2,46.4700012207031,0,51.5599999999983
51.56,3,2,46.4799995422363,0,51.5699999999983
51.57,3,2,46.4900016784668,0,51.5799999999983
51.58,3,2,46.5,0,51.5899999999983
51.59,3,2,46.5099983215332,0,51.5999999999983
51.6,3,2,46.5200004577637,0,51.6099999999983
51.61,3,2,46.5299987792969,0,51.6199999999983
51.62,3,2,46.5400009155273,0,51.6299999999983
51.63,3,2,46.5499992370605,0,51.6399999999983
51.64,3,2,46.560001373291,0,51.6499999999983
51.65,3,2,46.5699996948242,0,51.6599999999983
51.66,3,2,46.5800018310547,0,51.6699999999983
51.67,3,2,46.5900001525879,0,51.6799999999983
51.68,3,2,46.5999984741211,0,51.6899999999983
51.69,3,2,46.6100006103516,0,51.6999999999983
51.7,3,2,46.6199989318848,0,51.7099999999983
51.71,3,2,46.6300010681152,0,51.7199999999983
51.72,3,2,46.6399993896484,0,51.7299999999983
51.73,3,2,46.6500015258789,0,51.7399999999983
51.74,3,2,46.6599998474121,0,51.7499999999983
51.75,3,2,46.6699981689453,0,51.7599999999983
51.76,3,2,46.6800003051758,0,51.7699999999983
51.77,3,2,46.689998626709,0,51.7799999999983
51.78,3,2,46.7000007629395,0,51.7899999999983
51.79,3,2,46.7099990844727,0,51.7999999999983
51.8,3,2,46.7200012207031,0,51.8099999999983
51.81,3,2,46.7299995422363,0,51.8199999999983
51.82,3,2,46.7400016784668,0,51.8299999999983
51.83,3,2,46.75,0,51.8399999999983
51.84,3,2,46.7599983215332,0,51.8499999999983
51.85,3,2,46.7700004577637,0,51.8599999999983
51.86,3,2,46.7799987792969,0,51.8699999999982
51.87,3,2,46.7900009155273,0,51.8799999999982
51.88,3,2,46.7999992370605,0,51.8899999999982
51.89,3,2,46.810001373291,0,51.8999999999982
51.9,3,2,46.8199996948242,0,51.9099999999982
51.91,3,2,46.8300018310547,0,51.9199999999982
51.92,3,2,46.8400001525879,0,51.9299999999982
51.93,3,2,46.8499984741211,0,51.9399999999982
51.94,3,2,46.8600006103516,0,51.9499999999982
51.95,3,2,46.8699989318848,0,51.9599999999982
51.96,3,2,46.8800010681152,0,51.9699999999982
51.97,3,2,46.8899993896484,0,51.9799999999982
51.98,3,2,46.9000015258789,0,51.9899999999982
51.99,3,2,46.9099998474121,0,51.9999999999982
52,3,2,46.9199981689453,0,52.0099999999982
52.01,3,2,46.9300003051758,0,52.0199999999982
52.02,3,2,46.939998626709,0,52.0299999999982
52.03,3,2,46.9500007629395,0,52.0399999999982
52.04,3,2,46.9599990844727,0,52.0499999999982
52.05,3,2,46.9700012207031,0,52.0599999999982
52.06,3,2,46.9799995422363,0,52.0699999999982
52.07,3,2,46.9900016784668,0,52.0799999999982
52.08,3,2,47,0,52.0899999999982
52.09,3,2,47.0099983215332,0,52.0999999999982
52.1,3,2,47.0200004577637,0,52.1099999999982
52.11,3,2,47.0299987792969,0,52.1199999999982
52.12,3,2,47.0400009155273,0,52.1299999999982
52.13,3,2,47.0499992370605,0,52.1399999999982
52.14,3,2,47.060001373291,0,52.1499999999982
52.15,3,2,47.0699996948242,0,52.1599999999982
52.16,3,2,47.0800018310547,0,52.1699999999982
52.17,3,2,47.0900001525879,0,52.1799999999982
52.18,3,2,47.0999984741211,0,52.1899999999982
52.19,3,2,47.1100006103516,0,52.1999999999982
52.2,3,2,47.1199989318848,0,52.2099999999982
52.21,3,2,47.1300010681152,0,52.2199999999982
52.22,3,2,47.1399993896484,0,52.2299999999982
52.23,3,2,47.1500015258789,0,52.2399999999982
52.24,3,2,47.1599998474121,0,52.2499999999982
52.25,3,2,47.1699981689453,0,52.2599999999982
52.26,3,2,47.1800003051758,0,52.2699999999982
52.27,3,2,47.189998626709,0,52.2799999999982
52.28,3,2,47.2000007629395,0,52.2899999999982
52.29,3,2,47.2099990844727,0,52.2999999999982
52.3,3,2,47.2200012207031,0,52.3099999999982
52.31,3,2,47.2299995422363,0,52.3199999999982
52.32,3,2,47.2400016784668,0,52.3299999999982
52.33,3,2,47.25,0,52.3399999999982
52.34,3,2,47.2599983215332,0,52.3499999999982
52.35,3,2,47.2700004577637,0,52.3599999999982
52.36,3,2,47.2799987792969,0,52.3699999999982
52.37,3,2,47.2900009155273,0,52.3799999999981
52.38,3,2,47.2999992370605,0,52.3899999999981
52.39,3,2,47.310001373291,0,52.3999999999981
52.4,3,2,47.3199996948242,0,52.4099999999981
52.41,3,2,47.3300018310547,0,52.4199999999981
52.42,3,2,47.3400001525879,0,52.4299999999981
52.43,3,2,47.3499984741211,0,52.4399999999981
52.44,3,2,47.3600006103516,0,52.4499999999981
52.45,3,2,47.3699989318848,0,52.4599999999981
52.46,3,2,47.3800010681152,0,52.4699999999981
52.47,3,2,47.3899993896484,0,52.4799999999981
52.48,3,2,47.4000015258789,0,52.4899999999981
52.49,3,2,47.4099998474121,0,52.4999999999981
52.5,3,2,47.4199981689453,0,52.5099999999981
52.51,3,2,47.4300003051758,0,52.5199999999981
52.52,3,2,47.439998626709,0,52.5299999999981
52.53,3,2,47.4500007629395,0,52.5399999999981
52.54,3,2,47.4599990844727,0,52.5499999999981
52.55,3,2,47.4700012207031,0,52.5599999999981
52.56,3,2,47.4799995422363,0,52.5699999999981
52.57,3,2,47.4900016784668,0,52.5799999999981
52.58,3,2,47.5,0,52.5899999999981
52.59,3,2,47.5099983215332,0,52.5999999999981
52.6,3,2,47.5200004577637,0,52.6099999999981
52.61,3,2,47.5299987792969,0,52.6199999999981
52.62,3,2,47.5400009155273,0,52.6299999999981
52.63,3,2,47.5499992370605,0,52.6399999999981
52.64,3,2,47.560001373291,0,52.6499999999981
52.65,3,2,47.5699996948242,0,52.6599999999981
52.66,3,2,47.5800018310547,0,52.6699999999981
52.67,3,2,47.5900001525879,0,52.6799999999981
52.68,3,2,47.5999984741211,0,52.6899999999981
52.69,3,2,47.6100006103516,0,52.6999999999981
52.7,3,2,47.6199989318848,0,52.7099999999981
52.71,3,2,47.6300010681152,0,52.7199999999981
52.72,3,2,47.6399993896484,0,52.7299999999981
52.73,3,2,47.6500015258789,0,52.7399999999981
52.74,3,2,47.6599998474121,0,52.7499999999981
52.75,3,2,47.6699981689453,0,52.7599999999981
52.76,3,2,47.6800003051758,0,52.7699999999981
52.77,3,2,47.689998626709,0,52.7799999999981
52.78,3,2,47.7000007629395,0,52.7899999999981
52.79,3,2,47.7099990844727,0,52.7999999999981
52.8,3,2,47.7200012207031,0,52.8099999999981
52.81,3,2,47.7299995422363,0,52.8199999999981
52.82,3,2,47.7400016784668,0,52.8299999999981
52.83,3,2,47.75,0,52.8399999999981
52.84,3,2,47.7599983215332,0,52.8499999999981
52.85,3,2,47.7700004577637,0,52.8599999999981
52.86,3,2,47.7799987792969,0,52.8699999999981
52.87,3,2,47.7900009155273,0,52.879999999998
52.88,3,2,47.7999992370605,0,52.889999999998
52.89,3,2,47.810001373291,0,52.899999999998
52.9,3,2,47.8199996948242,0,52.909999999998
52.91,3,2,47.8300018310547,0,52.919999999998
52.92,3,2,47.8400001525879,0,52.929999999998
52.93,3,2,47.8499984741211,0,52.939999999998
52.94,3,2,47.8600006103516,0,52.949999999998
52.95,3,2,47.8699989318848,0,52.959999999998
52.96,3,2,47.8800010681152,0,52.969999999998
52.97,3,2,47.8899993896484,0,52.979999999998
52.98,3,2,47.9000015258789,0,52.989999999998
52.99,3,2,47.9099998474121,0,52.999999999998
53,3,2,47.9199981689453,0,53.009999999998
53.01,3,2,47.9300003051758,0,53.019999999998
53.02,3,2,47.939998626709,0,53.029999999998
53.03,3,2,47.9500007629395,0,53.039999999998
53.04,3,2,47.9599990844727,0,53.049999999998
53.05,3,2,47.9700012207031,0,53.059999999998
53.06,3,2,47.9799995422363,0,53.069999999998
53.07,3,2,47.9900016784668,0,53.079999999998
53.08,3,2,48,0,53.089999999998
53.09,3,2,48.0099983215332,0,53.099999999998
53.1,3,2,48.0200004577637,0,53.109999999998
53.11,3,2,48.0299987792969,0,53.119999999998
53.12,3,2,48.0400009155273,0,53.129999999998
53.13,3,2,48.0499992370605,0,53.139999999998
53.14,3,2,48.060001373291,0,53.149999999998
53.15,3,2,48.0699996948242,0,53.159999999998
53.16,3,2,48.0800018310547,0,53.169999999998
53.17,3,2,48.0900001525879,0,53.179999999998
53.18,3,2,48.0999984741211,0,53.189999999998
53.19,3,2,48.1100006103516,0,53.199999999998
53.2,3,2,48.1199989318848,0,53.209999999998
53.21,3,2,48.1300010681152,0,53.219999999998
53.22,3,2,48.1399993896484,0,53.229999999998
53.23,3,2,48.1500015258789,0,53.239999999998
53.24,3,2,48.1599998474121,0,53.249999999998
53.25,3,2,48.1699981689453,0,53.259999999998
53.26,3,2,48.1800003051758,0,53.269999999998
53.27,3,2,48.189998626709,0,53.279999999998
53.28,3,2,48.2000007629395,0,53.289999999998
53.29,3,2,48.2099990844727,0,53.299999999998
53.3,3,2,48.2200012207031,0,53.309999999998
53.31,3,2,48.2299995422363,0,53.319999999998
53.32,3,2,48.2400016784668,0,53.329999999998
53.33,3,2,48.25,0,53.339999999998
53.34,3,2,48.2599983215332,0,53.349999999998
53.35,3,2,48.2700004577637,0,53.359999999998
53.36,3,2,48.2799987792969,0,53.369999999998
53.37,3,2,48.2900009155273,0,53.3799999999979
53.38,3,2,48.2999992370605,0,53.3899999999979
53.39,3,2,48.310001373291,0,53.3999999999979
53.4,3,2,48.3199996948242,0,53.4099999999979
53.41,3,2,48.3300018310547,0,53.4199999999979
53.42,3,2,48.3400001525879,0,53.4299999999979
53.43,3,2,48.3499984741211,0,53.4399999999979
53.44,3,2,48.3600006103516,0,53.4499999999979
53.45,3,2,48.3699989318848,0,53.4599999999979
53.46,3,2,48.3800010681152,0,53.4699999999979
53.47,3,2,48.3899993896484,0,53.4799999999979
53.48,3,2,48.4000015258789,0,53.4899999999979
53.49,3,2,48.4099998474121,0,53.4999999999979
53.5,3,2,48.4199981689453,0,53.5099999999979
53.51,3,2,48.4300003051758,0,53.5199999999979
53.52,3,2,48.439998626709,0,53.5299999999979
53.53,3,2,48.4500007629395,0,53.5399999999979
53.54,3,2,48.4599990844727,0,53.5499999999979
53.55,3,2,48.4700012207031,0,53.5599999999979
53.56,3,2,48.4799995422363,0,53.5699999999979
53.57,3,2,48.4900016784668,0,53.5799999999979
53.58,3,2,48.5,0,53.5899999999979
53.59,3,2,48.5099983215332,0,53.5999999999979
53.6,3,2,48.5200004577637,0,53.6099999999979
53.61,3,2,48.5299987792969,0,53.6199999999979
53.62,3,2,48.5400009155273,0,53.6299999999979
53.63,3,2,48.5499992370605,0,53.6399999999979
53.64,3,2,48.560001373291,0,53.6499999999979
53.65,3,2,48.5699996948242,0,53.6599999999979
53.66,3,2,48.5800018310547,0,53.6699999999979
53.67,3,2,48.5900001525879,0,53.6799999999979
53.68,3,2,48.5999984741211,0,53.6899999999979
53.69,3,2,48.6100006103516,0,53.6999999999979
53.7,3,2,48.6199989318848,0,53.7099999999979
53.71,3,2,48.6300010681152,0,53.7199999999979
53.72,3,2,48.6399993896484,0,53.7299999999979
53.73,3,2,48.6500015258789,0,53.7399999999979
53.74,3,2,48.6599998474121,0,53.7499999999979
53.75,3,2,48.6699981689453,0,53.7599999999979
53.76,3,2,48.6800003051758,0,53.7699999999979
53.77,3,2,48.689998626709,0,53.7799999999979
53.78,3,2,48.7000007629395,0,53.7899999999979
53.79,3,2,48.7099990844727,0,53.7999999999979
53.8,3,2,48.7200012207031,0,53.8099999999979
53.81,3,2,48.7299995422363,0,53.8199999999979
53.82,3,2,48.7400016784668,0,53.8299999999979
53.83,3,2,48.75,0,53.8399999999979
53.84,3,2,48.7599983215332,0,53.8499999999979
53.85,3,2,48.7700004577637,0,53.8599999999979
53.86,3,2,48.7799987792969,0,53.8699999999979
53.87,3,2,48.7900009155273,0,53.8799999999978
53.88,3,2,48.7999992370605,0,53.8899999999978
53.89,3,2,48.810001373291,0,53.8999999999978
53.9,3,2,48.8199996948242,0,53.9099999999978
53.91,3,2,48.8300018310547,0,53.9199999999978
53.92,3,2,48.8400001525879,0,53.9299999999978
53.93,3,2,48.8499984741211,0,53.9399999999978
53.94,3,2,48.8600006103516,0,53.9499999999978
53.95,3,2,48.8699989318848,0,53.9599999999978
53.96,3,2,48.8800010681152,0,53.9699999999978
53.97,3,2,48.8899993896484,0,53.9799999999978
53.98,3,2,48.9000015258789,0,53.9899999999978
53.99,3,2,48.9099998474121,0,53.9999999999978
54,3,2,48.9199981689453,0,54.0099999999978
54.01,3,2,48.9300003051758,0,54.0199999999978
54.02,3,2,48.939998626709,0,54.0299999999978
54.03,3,2,48.9500007629395,0,54.0399999999978
54.04,3,2,48.9599990844727,0,54.0499999999978
54.05,3,2,48.9700012207031,0,54.0599999999978
54.06,3,2,48.9799995422363,0,54.0699999999978
54.07,3,2,48.9900016784668,0,54.0799999999978
54.08,3,2,49,0,54.0899999999978
54.09,3,2,49.0099983215332,0,54.0999999999978
54.1,3,2,49.0200004577637,0,54.1099999999978
54.11,3,2,49.0299987792969,0,54.1199999999978
54.12,3,2,49.0400009155273,0,54.1299999999978
54.13,3,2,49.0499992370605,0,54.1399999999978
54.14,3,2,49.060001373291,0,54.1499999999978
54.15,3,2,49.0699996948242,0,54.1599999999978
54.16,3,2,49.0800018310547,0,54.1699999999978
54.17,3,2,49.0900001525879,0,54.1799999999978
54.18,3,2,49.0999984741211,0,54.1899999999978
54.19,3,2,49.1100006103516,0,54.1999999999978
54.2,3,2,49.1199989318848,0,54.2099999999978
54.21,3,2,49.1300010681152,0,54.2199999999978
54.22,3,2,49.1399993896484,0,54.2299999999978
54.23,3,2,49.1500015258789,0,54.2399999999978
54.24,3,2,49.1599998474121,0,54.2499999999978
54.25,3,2,49.1699981689453,0,54.2599999999978
54.26,3,2,49.1800003051758,0,54.2699999999978
54.27,3,2,49.189998626709,0,54.2799999999978
54.28,3,2,49.2000007629395,0,54.2899999999978
54.29,3,2,49.2099990844727,0,54.2999999999978
54.3,3,2,49.2200012207031,0,54.3099999999978
54.31,3,2,49.2299995422363,0,54.3199999999978
54.32,3,2,49.2400016784668,0,54.3299999999978
54.33,3,2,49.25,0,54.3399999999978
54.34,3,2,49.2599983215332,0,54.3499999999978
54.35,3,2,49.2700004577637,0,54.3599999999978
54.36,3,2,49.2799987792969,0,54.3699999999978
54.37,3,2,49.2900009155273,0,54.3799999999978
54.38,3,2,49.2999992370605,0,54.3899999999977
54.39,3,2,49.310001373291,0,54.3999999999977
54.4,3,2,49.3199996948242,0,54.4099999999977
54.41,3,2,49.3300018310547,0,54.4199999999977
54.42,3,2,49.3400001525879,0,54.4299999999977
54.43,3,2,49.3499984741211,0,54.4399999999977
54.44,3,2,49.3600006103516,0,54.4499999999977
54.45,3,2,49.3699989318848,0,54.4599999999977
54.46,3,2,49.3800010681152,0,54.4699999999977
54.47,3,2,49.3899993896484,0,54.4799999999977
54.48,3,2,49.4000015258789,0,54.4899999999977
54.49,3,2,49.4099998474121,0,54.4999999999977
54.5,3,2,49.4199981689453,0,54.5099999999977
54.51,3,2,49.4300003051758,0,54.5199999999977
54.52,3,2,49.439998626709,0,54.5299999999977
54.53,3,2,49.4500007629395,0,54.5399999999977
54.54,3,2,49.4599990844727,0,54.5499999999977
54.55,3,2,49.4700012207031,0,54.5599999999977
54.56,3,2,49.4799995422363,0,54.5699999999977
54.57,3,2,49.4900016784668,0,54.5799999999977
54.58,3,2,49.5,0,54.5899999999977
54.59,3,2,49.5099983215332,0,54.5999999999977
54.6,3,2,49.5200004577637,0,54.6099999999977
54.61,3,2,49.5299987792969,0,54.6199999999977
54.62,3,2,49.5400009155273,0,54.6299999999977
54.63,3,2,49.5499992370605,0,54.6399999999977
54.64,3,2,49.560001373291,0,54.6499999999977
54.65,3,2,49.5699996948242,0,54.6599999999977
54.66,3,2,49.5800018310547,0,54.6699999999977
54.67,3,2,49.5900001525879,0,54.6799999999977
54.68,3,2,49.5999984741211,0,54.6899999999977
54.69,3,2,49.6100006103516,0,54.6999999999977
54.7,3,2,49.6199989318848,0,54.7099999999977
54.71,3,2,49.6300010681152,0,54.7199999999977
54.72,3,2,49.6399993896484,0,54.7299999999977
54.73,3,2,49.6500015258789,0,54.7399999999977
54.74,3,2,49.6599998474121,0,54.7499999999977
54.75,3,2,49.6699981689453,0,54.7599999999977
54.76,3,2,49.6800003051758,0,54.7699999999977
54.77,3,2,49.689998626709,0,54.7799999999977
54.78,3,2,49.7000007629395,0,54.7899999999977
54.79,3,2,49.7099990844727,0,54.7999999999977
54.8,3,2,49.7200012207031,0,54.8099999999977
54.81,3,2,49.7299995422363,0,54.8199999999977
54.82,3,2,49.7400016784668,0,54.8299999999977
54.83,3,2,49.75,0,54.8399999999977
54.84,3,2,49.7599983215332,0,54.8499999999977
54.85,3,2,49.7700004577637,0,54.8599999999977
54.86,3,2,49.7799987792969,0,54.8699999999977
54.87,3,2,49.7900009155273,0,54.8799999999977
54.88,3,2,49.7999992370605,0,54.8899999999976
54.89,3,2,49.810001373291,0,54.8999999999976
54.9,3,2,49.8199996948242,0,54.9099999999976
54.91,3,2,49.8300018310547,0,54.9199999999976
54.92,3,2,49.8400001525879,0,54.9299999999976
54.93,3,2,49.8499984741211,0,54.9399999999976
54.94,3,2,49.8600006103516,0,54.9499999999976
54.95,3,2,49.8699989318848,0,54.9599999999976
54.96,3,2,49.8800010681152,0,54.9699999999976
54.97,3,2,49.8899993896484,0,54.9799999999976
54.98,3,2,49.9000015258789,0,54.9899999999976
54.99,3,2,49.9099998474121,0,54.9999999999976
55,3,2,49.9199981689453,0,55.0099999999976
55.01,3,2,49.9300003051758,0,55.0199999999976
55.02,3,2,49.939998626709,0,55.0299999999976
55.03,3,2,49.9500007629395,0,55.0399999999976
55.04,3,2,49.9599990844727,0,55.0499999999976
55.05,3,2,49.9700012207031,0,55.0599999999976
55.06,3,2,49.9799995422363,0,55.0699999999976
55.07,3,2,49.9900016784668,0,55.0799999999976
55.08,3,2,50,0,55.0899999999976
55.09,3,2,50.0099983215332,0,55.0999999999976
55.1,3,2,50.0200004577637,0,55.1099999999976
55.11,3,2,50.0299987792969,0,55.1199999999976
55.12,3,2,50.0400009155273,0,55.1299999999976
55.13,3,2,50.0499992370605,0,55.1399999999976
55.14,3,2,50.060001373291,0,55.1499999999976
55.15,3,2,50.0699996948242,0,55.1599999999976
55.16,3,2,50.0800018310547,0,55.1699999999976
55.17,3,2,50.0900001525879,0,55.1799999999976
55.18,3,2,50.0999984741211,0,55.1899999999976
55.19,3,2,50.1100006103516,0,55.1999999999976
55.2,3,2,50.1199989318848,0,55.2099999999976
55.21,3,2,50.1300010681152,0,55.2199999999976
55.22,3,2,50.1399993896484,0,55.2299999999976
55.23,3,2,50.1500015258789,0,55.2399999999976
55.24,3,2,50.1599998474121,0,55.2499999999976
55.25,3,2,50.1699981689453,0,55.2599999999976
55.26,3,2,50.1800003051758,0,55.2699999999976
55.27,3,2,50.189998626709,0,55.2799999999976
55.28,3,2,50.2000007629395,0,55.2899999999976
55.29,3,2,50.2099990844727,0,55.2999999999976
55.3,3,2,50.2200012207031,0,55.3099999999976
55.31,3,2,50.2299995422363,0,55.3199999999976
55.32,3,2,50.2400016784668,0,55.3299999999976
55.33,3,2,50.25,0,55.3399999999976
55.34,3,2,50.2599983215332,0,55.3499999999976
55.35,3,2,50.2700004577637,0,55.3599999999976
55.36,3,2,50.2799987792969,0,55.3699999999976
55.37,3,2,50.2900009155273,0,55.3799999999976
55.38,3,2,50.2999992370605,0,55.3899999999975
55.39,3,2,50.310001373291,0,55.3999999999975
55.4,3,2,50.3199996948242,0,55.4099999999975
55.41,3,2,50.3300018310547,0,55.4199999999975
55.42,3,2,50.3400001525879,0,55.4299999999975
55.43,3,2,50.3499984741211,0,55.4399999999975
55.44,3,2,50.3600006103516,0,55.4499999999975
55.45,3,2,50.3699989318848,0,55.4599999999975
55.46,3,2,50.3800010681152,0,55.4699999999975
55.47,3,2,50.3899993896484,0,55.4799999999975
55.48,3,2,50.4000015258789,0,55.4899999999975
55.49,3,2,50.4099998474121,0,55.4999999999975
55.5,3,2,50.4199981689453,0,55.5099999999975
55.51,3,2,50.4300003051758,0,55.5199999999975
55.52,3,2,50.439998626709,0,55.5299999999975
55.53,3,2,50.4500007629395,0,55.5399999999975
55.54,3,2,50.4599990844727,0,55.5499999999975
55.55,3,2,50.4700012207031,0,55.5599999999975
55.56,3,2,50.4799995422363,0,55.5699999999975
55.57,3,2,50.4900016784668,0,55.5799999999975
55.58,3,2,50.5,0,55.5899999999975
55.59,3,2,50.5099983215332,0,55.5999999999975
55.6,3,2,50.5200004577637,0,55.6099999999975
55.61,3,2,50.5299987792969,0,55.6199999999975
55.62,3,2,50.5400009155273,0,55.6299999999975
55.63,3,2,50.5499992370605,0,55.6399999999975
55.64,3,2,50.560001373291,0,55.6499999999975
55.65,3,2,50.5699996948242,0,55.6599999999975
55.66,3,2,50.5800018310547,0,55.6699999999975
55.67,3,2,50.5900001525879,0,55.6799999999975
55.68,3,2,50.5999984741211,0,55.6899999999975
55.69,3,2,50.6100006103516,0,55.6999999999975
55.7,3,2,50.6199989318848,0,55.7099999999975
55.71,3,2,50.6300010681152,0,55.7199999999975
55.72,3,2,50.6399993896484,0,55.7299999999975
55.73,3,2,50.6500015258789,0,55.7399999999975
55.74,3,2,50.6599998474121,0,55.7499999999975
55.75,3,2,50.6699981689453,0,55.7599999999975
55.76,3,2,50.6800003051758,0,55.7699999999975
55.77,3,2,50.689998626709,0,55.7799999999975
55.78,3,2,50.7000007629395,0,55.7899999999975
55.79,3,2,50.7099990844727,0,55.7999999999975
55.8,3,2,50.7200012207031,0,55.8099999999975
55.81,3,2,50.7299995422363,0,55.8199999999975
55.82,3,2,50.7400016784668,0,55.8299999999975
55.83,3,2,50.75,0,55.8399999999975
55.84,3,2,50.7599983215332,0,55.8499999999975
55.85,3,2,50.7700004577637,0,55.8599999999975
55.86,3,2,50.7799987792969,0,55.8699999999975
55.87,3,2,50.7900009155273,0,55.8799999999975
55.88,3,2,50.7999992370605,0,55.8899999999974
55.89,3,2,50.810001373291,0,55.8999999999974
55.9,3,2,50.8199996948242,0,55.9099999999974
55.91,3,2,50.8300018310547,0,55.9199999999974
55.92,3,2,50.8400001525879,0,55.9299999999974
55.93,3,2,50.8499984741211,0,55.9399999999974
55.94,3,2,50.8600006103516,0,55.9499999999974
55.95,3,2,50.8699989318848,0,55.9599999999974
55.96,3,2,50.8800010681152,0,55.9699999999974
55.97,3,2,50.8899993896484,0,55.9799999999974
55.98,3,2,50.9000015258789,0,55.9899999999974
55.99,3,2,50.9099998474121,0,55.9999999999974
56,3,2,50.9199981689453,0,56.0099999999974
56.01,3,2,50.9300003051758,0,56.0199999999974
56.02,3,2,50.939998626709,0,56.0299999999974
56.03,3,2,50.9500007629395,0,56.0399999999974
56.04,3,2,50.9599990844727,0,56.0499999999974
56.05,3,2,50.9700012207031,0,56.0599999999974
56.06,3,2,50.9799995422363,0,56.0699999999974
56.07,3,2,50.9900016784668,0,56.0799999999974
56.08,3,2,51,0,56.0899999999974
56.09,3,2,51.0099983215332,0,56.0999999999974
56.1,3,2,51.0200004577637,0,56.1099999999974
56.11,3,2,51.0299987792969,0,56.1199999999974
56.12,3,2,51.0400009155273,0,56.1299999999974
56.13,3,2,51.0499992370605,0,56.1399999999974
56.14,3,2,51.060001373291,0,56.1499999999974
56.15,3,2,51.0699996948242,0,56.1599999999974
56.16,3,2,51.0800018310547,0,56.1699999999974
56.17,3,2,51.0900001525879,0,56.1799999999974
56.18,3,2,51.0999984741211,0,56.1899999999974
56.19,3,2,51.1100006103516,0,56.1999999999974
56.2,3,2,51.1199989318848,0,56.2099999999974
56.21,3,2,51.1300010681152,0,56.2199999999974
56.22,3,2,51.1399993896484,0,56.2299999999974
56.23,3,2,51.1500015258789,0,56.2399999999974
56.24,3,2,51.1599998474121,0,56.2499999999974
56.25,3,2,51.1699981689453,0,56.2599999999974
56.26,3,2,51.1800003051758,0,56.2699999999974
56.27,3,2,51.189998626709,0,56.2799999999974
56.28,3,2,51.2000007629395,0,56.2899999999974
56.29,3,2,51.2099990844727,0,56.2999999999974
56.3,3,2,51.2200012207031,0,56.3099999999974
56.31,3,2,51.2299995422363,0,56.3199999999974
56.32,3,2,51.2400016784668,0,56.3299999999974
56.33,3,2,51.25,0,56.3399999999974
56.34,3,2,51.2599983215332,0,56.3499999999974
56.35,3,2,51.2700004577637,0,56.3599999999974
56.36,3,2,51.2799987792969,0,56.3699999999974
56.37,3,2,51.2900009155273,0,56.3799999999974
56.38,3,2,51.2999992370605,0,56.3899999999974
56.39,3,2,51.310001373291,0,56.3999999999973
56.4,3,2,51.3199996948242,0,56.4099999999973
56.41,3,2,51.3300018310547,0,56.4199999999973
56.42,3,2,51.3400001525879,0,56.4299999999973
56.43,3,2,51.3499984741211,0,56.4399999999973
56.44,3,2,51.3600006103516,0,56.4499999999973
56.45,3,2,51.3699989318848,0,56.4599999999973
56.46,3,2,51.3800010681152,0,56.4699999999973
56.47,3,2,51.3899993896484,0,56.4799999999973
56.48,3,2,51.4000015258789,0,56.4899999999973
56.49,3,2,51.4099998474121,0,56.4999999999973
56.5,3,2,51.4199981689453,0,56.5099999999973
56.51,3,2,51.4300003051758,0,56.5199999999973
56.52,3,2,51.439998626709,0,56.5299999999973
56.53,3,2,51.4500007629395,0,56.5399999999973
56.54,3,2,51.4599990844727,0,56.5499999999973
56.55,3,2,51.4700012207031,0,56.5599999999973
56.56,3,2,51.4799995422363,0,56.5699999999973
56.57,3,2,51.4900016784668,0,56.5799999999973
56.58,3,2,51.5,0,56.5899999999973
56.59,3,2,51.5099983215332,0,56.5999999999973
56.6,3,2,51.5200004577637,0,56.6099999999973
56.61,3,2,51.5299987792969,0,56.6199999999973
56.62,3,2,51.5400009155273,0,56.6299999999973
56.63,3,2,51.5499992370605,0,56.6399999999973
56.64,3,2,51.560001373291,0,56.6499999999973
56.65,3,2,51.5699996948242,0,56.6599999999973
56.66,3,2,51.5800018310547,0,56.6699999999973
56.67,3,2,51.5900001525879,0,56.6799999999973
56.68,3,2,51.5999984741211,0,56.6899999999973
56.69,3,2,51.6100006103516,0,56.6999999999973
56.7,3,2,51.6199989318848,0,56.7099999999973
56.71,3,2,51.6300010681152,0,56.7199999999973
56.72,3,2,51.6399993896484,0,56.7299999999973
56.73,3,2,51.6500015258789,0,56.7399999999973
56.74,3,2,51.6599998474121,0,56.7499999999973
56.75,3,2,51.6699981689453,0,56.7599999999973
56.76,3,2,51.6800003051758,0,56.7699999999973
56.77,3,2,51.689998626709,0,56.7799999999973
56.78,3,2,51.7000007629395,0,56.7899999999973
56.79,3,2,51.7099990844727,0,56.7999999999973
56.8,3,2,51.7200012207031,0,56.8099999999973
56.81,3,2,51.7299995422363,0,56.8199999999973
56.82,3,2,51.7400016784668,0,56.8299999999973
56.83,3,2,51.75,0,56.8399999999973
56.84,3,2,51.7599983215332,0,56.8499999999973
56.85,3,2,51.7700004577637,0,56.8599999999973
56.86,3,2,51.7799987792969,0,56.8699999999973
56.87,3,2,51.7900009155273,0,56.8799999999973
56.88,3,2,51.7999992370605,0,56.8899999999973
56.89,3,2,51.810001373291,0,56.8999999999972
56.9,3,2,51.8199996948242,0,56.9099999999972
56.91,3,2,51.8300018310547,0,56.9199999999972
56.92,3,2,51.8400001525879,0,56.9299999999972
56.93,3,2,51.8499984741211,0,56.9399999999972
56.94,3,2,51.8600006103516,0,56.9499999999972
56.95,3,2,51.8699989318848,0,56.9599999999972
56.96,3,2,51.8800010681152,0,56.9699999999972
56.97,3,2,51.8899993896484,0,56.9799999999972
56.98,3,2,51.9000015258789,0,56.9899999999972
56.99,3,2,51.9099998474121,0,56.9999999999972
57,3,2,51.9199981689453,0,57.0099999999972
57.01,3,2,51.9300003051758,0,57.0199999999972
57.02,3,2,51.939998626709,0,57.0299999999972
57.03,3,2,51.9500007629395,0,57.0399999999972
57.04,3,2,51.9599990844727,0,57.0499999999972
57.05,3,2,51.9700012207031,0,57.0599999999972
57.06,3,2,51.9799995422363,0,57.0699999999972
57.07,3,2,51.9900016784668,0,57.0799999999972
57.08,3,2,52,0,57.0899999999972
57.09,3,2,52.0099983215332,0,57.0999999999972
57.1,3,2,52.0200004577637,0,57.1099999999972
57.11,3,2,52.0299987792969,0,57.1199999999972
57.12,3,2,52.0400009155273,0,57.1299999999972
57.13,3,2,52.0499992370605,0,57.1399999999972
57.14,3,2,52.060001373291,0,57.1499999999972
57.15,3,2,52.0699996948242,0,57.1599999999972
57.16,3,2,52.0800018310547,0,57.1699999999972
57.17,3,2,52.0900001525879,0,57.1799999999972
57.18,3,2,52.0999984741211,0,57.1899999999972
57.19,3,2,52.1100006103516,0,57.1999999999972
57.2,3,2,52.1199989318848,0,57.2099999999972
57.21,3,2,52.1300010681152,0,57.2199999999972
57.22,3,2,52.1399993896484,0,57.2299999999972
57.23,3,2,52.1500015258789,0,57.2399999999972
57.24,3,2,52.1599998474121,0,57.2499999999972
57.25,3,2,52.1699981689453,0,57.2599999999972
57.26,3,2,52.1800003051758,0,57.2699999999972
57.27,3,2,52.189998626709,0,57.2799999999972
57.28,3,2,52.2000007629395,0,57.2899999999972
57.29,3,2,52.2099990844727,0,57.2999999999972
57.3,3,2,52.2200012207031,0,57.3099999999972
57.31,3,2,52.2299995422363,0,57.3199999999972
57.32,3,2,52.2400016784668,0,57.3299999999972
57.33,3,2,52.25,0,57.3399999999972
57.34,3,2,52.2599983215332,0,57.3499999999972
57.35,3,2,52.2700004577637,0,57.3599999999972
57.36,3,2,52.2799987792969,0,57.3699999999972
57.37,3,2,52.2900009155273,0,57.3799999999972
57.38,3,2,52.2999992370605,0,57.3899999999972
57.39,3,2,52.310001373291,0,57.3999999999971
57.4,3,2,52.3199996948242,0,57.4099999999971
57.41,3,2,52.3300018310547,0,57.4199999999971
57.42,3,2,52.3400001525879,0,57.4299999999971
57.43,3,2,52.3499984741211,0,57.4399999999971
57.44,3,2,52.3600006103516,0,57.4499999999971
57.45,3,2,52.3699989318848,0,57.4599999999971
57.46,3,2,52.3800010681152,0,57.4699999999971
57.47,3,2,52.3899993896484,0,57.4799999999971
57.48,3,2,52.4000015258789,0,57.4899999999971
57.49,3,2,52.4099998474121,0,57.4999999999971
57.5,3,2,52.4199981689453,0,57.5099999999971
57.51,3,2,52.4300003051758,0,57.5199999999971
57.52,3,2,52.439998626709,0,57.5299999999971
57.53,3,2,52.4500007629395,0,57.5399999999971
57.54,3,2,52.4599990844727,0,57.5499999999971
57.55,3,2,52.4700012207031,0,57.5599999999971
57.56,3,2,52.4799995422363,0,57.5699999999971
57.57,3,2,52.4900016784668,0,57.5799999999971
57.58,3,2,52.5,0,57.5899999999971
57.59,3,2,52.5099983215332,0,57.5999999999971
57.6,3,2,52.5200004577637,0,57.6099999999971
57.61,3,2,52.5299987792969,0,57.6199999999971
57.62,3,2,52.5400009155273,0,57.6299999999971
57.63,3,2,52.5499992370605,0,57.6399999999971
57.64,3,2,52.560001373291,0,57.6499999999971
57.65,3,2,52.5699996948242,0,57.6599999999971
57.66,3,2,52.5800018310547,0,57.6699999999971
57.67,3,2,52.5900001525879,0,57.6799999999971
57.68,3,2,52.5999984741211,0,57.6899999999971
57.69,3,2,52.6100006103516,0,57.6999999999971
57.7,3,2,52.6199989318848,0,57.7099999999971
57.71,3,2,52.6300010681152,0,57.7199999999971
57.72,3,2,52.6399993896484,0,57.7299999999971
57.73,3,2,52.6500015258789,0,57.7399999999971
57.74,3,2,52.6599998474121,0,57.7499999999971
57.75,3,2,52.6699981689453,0,57.7599999999971
57.76,3,2,52.6800003051758,0,57.7699999999971
57.77,3,2,52.689998626709,0,57.7799999999971
57.78,3,2,52.7000007629395,0,57.7899999999971
57.79,3,2,52.7099990844727,0,57.7999999999971
57.8,3,2,52.7200012207031,0,57.8099999999971
57.81,3,2,52.7299995422363,0,57.8199999999971
57.82,3,2,52.7400016784668,0,57.8299999999971
57.83,3,2,52.75,0,57.8399999999971
57.84,3,2,52.7599983215332,0,57.8499999999971
57.85,3,2,52.7700004577637,0,57.8599999999971
57.86,3,2,52.7799987792969,0,57.8699999999971
57.87,3,2,52.7900009155273,0,57.8799999999971
57.88,3,2,52.7999992370605,0,57.8899999999971
57.89,3,2,52.810001373291,0,57.899999999997
57.9,3,2,52.8199996948242,0,57.909999999997
57.91,3,2,52.8300018310547,0,57.919999999997
57.92,3,2,52.8400001525879,0,57.929999999997
57.93,3,2,52.8499984741211,0,57.939999999997
57.94,3,2,52.8600006103516,0,57.949999999997
57.95,3,2,52.8699989318848,0,57.959999999997
57.96,3,2,52.8800010681152,0,57.969999999997
57.97,3,2,52.8899993896484,0,57.979999999997
57.98,3,2,52.9000015258789,0,57.989999999997
57.99,3,2,52.9099998474121,0,57.999999999997
58,3,2,52.9199981689453,0,58.009999999997
58.01,3,2,52.9300003051758,0,58.019999999997
58.02,3,2,52.939998626709,0,58.029999999997
58.03,3,2,52.9500007629395,0,58.039999999997
58.04,3,2,52.9599990844727,0,58.049999999997
58.05,3,2,52.9700012207031,0,58.059999999997
58.06,3,2,52.9799995422363,0,58.069999999997
58.07,3,2,52.9900016784668,0,58.079999999997
58.08,3,2,53,0,58.089999999997
58.09,3,2,53.0099983215332,0,58.099999999997
58.1,3,2,53.0200004577637,0,58.109999999997
58.11,3,2,53.0299987792969,0,58.119999999997
58.12,3,2,53.0400009155273,0,58.129999999997
58.13,3,2,53.0499992370605,0,58.139999999997
58.14,3,2,53.060001373291,0,58.149999999997
58.15,3,2,53.0699996948242,0,58.159999999997
58.16,3,2,53.0800018310547,0,58.169999999997
58.17,3,2,53.0900001525879,0,58.179999999997
58.18,3,2,53.0999984741211,0,58.189999999997
58.19,3,2,53.1100006103516,0,58.199999999997
58.2,3,2,53.1199989318848,0,58.209999999997
58.21,3,2,53.1300010681152,0,58.219999999997
58.22,3,2,53.1399993896484,0,58.229999999997
58.23,3,2,53.1500015258789,0,58.239999999997
58.24,3,2,53.1599998474121,0,58.249999999997
58.25,3,2,53.1699981689453,0,58.259999999997
58.26,3,2,53.1800003051758,0,58.269999999997
58.27,3,2,53.189998626709,0,58.279999999997
58.28,3,2,53.2000007629395,0,58.289999999997
58.29,3,2,53.2099990844727,0,58.299999999997
58.3,3,2,53.2200012207031,0,58.309999999997
58.31,3,2,53.2299995422363,0,58.319999999997
58.32,3,2,53.2400016784668,0,58.329999999997
58.33,3,2,53.25,0,58.339999999997
58.34,3,2,53.2599983215332,0,58.349999999997
58.35,3,2,53.2700004577637,0,58.359999999997
58.36,3,2,53.2799987792969,0,58.369999999997
58.37,3,2,53.2900009155273,0,58.379999999997
58.38,3,2,53.2999992370605,0,58.389999999997
58.39,3,2,53.310001373291,0,58.399999999997
58.4,3,2,53.3199996948242,0,58.4099999999969
58.41,3,2,53.3300018310547,0,58.4199999999969
58.42,3,2,53.3400001525879,0,58.4299999999969
58.43,3,2,53.3499984741211,0,58.4399999999969
58.44,3,2,53.3600006103516,0,58.4499999999969
58.45,3,2,53.3699989318848,0,58.4599999999969
58.46,3,2,53.3800010681152,0,58.4699999999969
58.47,3,2,53.3899993896484,0,58.4799999999969
58.48,3,2,53.4000015258789,0,58.4899999999969
58.49,3,2,53.4099998474121,0,58.4999999999969
58.5,3,2,53.4199981689453,0,58.5099999999969
58.51,3,2,53.4300003051758,0,58.5199999999969
58.52,3,2,53.439998626709,0,58.5299999999969
58.53,3,2,53.4500007629395,0,58.5399999999969
58.54,3,2,53.4599990844727,0,58.5499999999969
58.55,3,2,53.4700012207031,0,58.5599999999969
58.56,3,2,53.4799995422363,0,58.5699999999969
58.57,3,2,53.4900016784668,0,58.5799999999969
58.58,3,2,53.5,0,58.5899999999969
58.59,3,2,53.5099983215332,0,58.5999999999969
58.6,3,2,53.5200004577637,0,58.6099999999969
58.61,3,2,53.5299987792969,0,58.6199999999969
58.62,3,2,53.5400009155273,0,58.6299999999969
58.63,3,2,53.5499992370605,0,58.6399999999969
58.64,3,2,53.560001373291,0,58.6499999999969
58.65,3,2,53.5699996948242,0,58.6599999999969
58.66,3,2,53.5800018310547,0,58.6699999999969
58.67,3,2,53.5900001525879,0,58.6799999999969
58.68,3,2,53.5999984741211,0,58.6899999999969
58.69,3,2,53.6100006103516,0,58.6999999999969
58.7,3,2,53.6199989318848,0,58.7099999999969
58.71,3,2,53.6300010681152,0,58.7199999999969
58.72,3,2,53.6399993896484,0,58.7299999999969
58.73,3,2,53.6500015258789,0,58.7399999999969
58.74,3,2,53.6599998474121,0,58.7499999999969
58.75,3,2,53.6699981689453,0,58.7599999999969
58.76,3,2,53.6800003051758,0,58.7699999999969
58.77,3,2,53.689998626709,0,58.7799999999969
58.78,3,2,53.7000007629395,0,58.7899999999969
58.79,3,2,53.7099990844727,0,58.7999999999969
58.8,3,2,53.7200012207031,0,58.8099999999969
58.81,3,2,53.7299995422363,0,58.8199999999969
58.82,3,2,53.7400016784668,0,58.8299999999969
58.83,3,2,53.75,0,58.8399999999969
58.84,3,2,53.7599983215332,0,58.8499999999969
58.85,3,2,53.7700004577637,0,58.8599999999969
58.86,3,2,53.7799987792969,0,58.8699999999969
58.87,3,2,53.7900009155273,0,58.8799999999969
58.88,3,2,53.7999992370605,0,58.8899999999969
58.89,3,2,53.810001373291,0,58.8999999999969
58.9,3,2,53.8199996948242,0,58.9099999999968
58.91,3,2,53.8300018310547,0,58.9199999999968
58.92,3,2,53.8400001525879,0,58.9299999999968
58.93,3,2,53.8499984741211,0,58.9399999999968
58.94,3,2,53.8600006103516,0,58.9499999999968
58.95,3,2,53.8699989318848,0,58.9599999999968
58.96,3,2,53.8800010681152,0,58.9699999999968
58.97,3,2,53.8899993896484,0,58.9799999999968
58.98,3,2,53.9000015258789,0,58.9899999999968
58.99,3,2,53.9099998474121,0,58.9999999999968
59,3,2,53.9199981689453,0,59.0099999999968
59.01,3,2,53.9300003051758,0,59.0199999999968
59.02,3,2,53.939998626709,0,59.0299999999968
59.03,3,2,53.9500007629395,0,59.0399999999968
59.04,3,2,53.9599990844727,0,59.0499999999968
59.05,3,2,53.9700012207031,0,59.0599999999968
59.06,3,2,53.9799995422363,0,59.0699999999968
59.07,3,2,53.9900016784668,0,59.0799999999968
59.08,3,2,54,0,59.0899999999968
59.09,3,2,54.0099983215332,0,59.0999999999968
59.1,3,2,54.0200004577637,0,59.1099999999968
59.11,3,2,54.0299987792969,0,59.1199999999968
59.12,3,2,54.0400009155273,0,59.1299999999968
59.13,3,2,54.0499992370605,0,59.1399999999968
59.14,3,2,54.060001373291,0,59.1499999999968
59.15,3,2,54.0699996948242,0,59.1599999999968
59.16,3,2,54.0800018310547,0,59.1699999999968
59.17,3,2,54.0900001525879,0,59.1799999999968
59.18,3,2,54.0999984741211,0,59.1899999999968
59.19,3,2,54.1100006103516,0,59.1999999999968
59.2,3,2,54.1199989318848,0,59.2099999999968
59.21,3,2,54.1300010681152,0,59.2199999999968
59.22,3,2,54.1399993896484,0,59.2299999999968
59.23,3,2,54.1500015258789,0,59.2399999999968
59.24,3,2,54.1599998474121,0,59.2499999999968
59.25,3,2,54.1699981689453,0,59.2599999999968
59.26,3,2,54.1800003051758,0,59.2699999999968
59.27,3,2,54.189998626709,0,59.2799999999968
59.28,3,2,54.2000007629395,0,59.2899999999968
59.29,3,2,54.2099990844727,0,59.2999999999968
59.3,3,2,54.2200012207031,0,59.3099999999968
59.31,3,2,54.2299995422363,0,59.3199999999968
59.32,3,2,54.2400016784668,0,59.3299999999968
59.33,3,2,54.25,0,59.3399999999968
59.34,3,2,54.2599983215332,0,59.3499999999968
59.35,3,2,54.2700004577637,0,59.3599999999968
59.36,3,2,54.2799987792969,0,59.3699999999968
59.37,3,2,54.2900009155273,0,59.3799999999968
59.38,3,2,54.2999992370605,0,59.3899999999968
59.39,3,2,54.310001373291,0,59.3999999999968
59.4,3,2,54.3199996948242,0,59.4099999999967
59.41,3,2,54.3300018310547,0,59.4199999999967
59.42,3,2,54.3400001525879,0,59.4299999999967
59.43,3,2,54.3499984741211,0,59.4399999999967
59.44,3,2,54.3600006103516,0,59.4499999999967
59.45,3,2,54.3699989318848,0,59.4599999999967
59.46,3,2,54.3800010681152,0,59.4699999999967
59.47,3,2,54.3899993896484,0,59.4799999999967
59.48,3,2,54.4000015258789,0,59.4899999999967
59.49,3,2,54.4099998474121,0,59.4999999999967
59.5,3,2,54.4199981689453,0,59.5099999999967
59.51,3,2,54.4300003051758,0,59.5199999999967
59.52,3,2,54.439998626709,0,59.5299999999967
59.53,3,2,54.4500007629395,0,59.5399999999967
59.54,3,2,54.4599990844727,0,59.5499999999967
59.55,3,2,54.4700012207031,0,59.5599999999967
59.56,3,2,54.4799995422363,0,59.5699999999967
59.57,3,2,54.4900016784668,0,59.5799999999967
59.58,3,2,54.5,0,59.5899999999967
59.59,3,2,54.5099983215332,0,59.5999999999967
59.6,3,2,54.5200004577637,0,59.6099999999967
59.61,3,2,54.5299987792969,0,59.6199999999967
59.62,3,2,54.5400009155273,0,59.6299999999967
59.63,3,2,54.5499992370605,0,59.6399999999967
59.64,3,2,54.560001373291,0,59.6499999999967
59.65,3,2,54.5699996948242,0,59.6599999999967
59.66,3,2,54.5800018310547,0,59.6699999999967
59.67,3,2,54.5900001525879,0,59.6799999999967
59.68,3,2,54.5999984741211,0,59.6899999999967
59.69,3,2,54.6100006103516,0,59.6999999999967
59.7,3,2,54.6199989318848,0,59.7099999999967
59.71,3,2,54.6300010681152,0,59.7199999999967
59.72,3,2,54.6399993896484,0,59.7299999999967
59.73,3,2,54.6500015258789,0,59.7399999999967
59.74,3,2,54.6599998474121,0,59.7499999999967
59.75,3,2,54.6699981689453,0,59.7599999999967
59.76,3,2,54.6800003051758,0,59.7699999999967
59.77,3,2,54.689998626709,0,59.7799999999967
59.78,3,2,54.7000007629395,0,59.7899999999967
59.79,3,2,54.7099990844727,0,59.7999999999967
59.8,3,2,54.7200012207031,0,59.8099999999967
59.81,3,2,54.7299995422363,0,59.8199999999967
59.82,3,2,54.7400016784668,0,59.8299999999967
59.83,3,2,54.75,0,59.8399999999967
59.84,3,2,54.7599983215332,0,59.8499999999967
59.85,3,2,54.7700004577637,0,59.8599999999967
59.86,3,2,54.7799987792969,0,59.8699999999967
59.87,3,2,54.7900009155273,0,59.8799999999967
59.88,3,2,54.7999992370605,0,59.8899999999967
59.89,3,2,54.810001373291,0,59.8999999999967
59.9,3,2,54.8199996948242,0,59.9099999999966
59.91,3,2,54.8300018310547,0,59.9199999999966
59.92,3,2,54.8400001525879,0,59.9299999999966
59.93,3,2,54.8499984741211,0,59.9399999999966
59.94,3,2,54.8600006103516,0,59.9499999999966
59.95,3,2,54.8699989318848,0,59.9599999999966
59.96,3,2,54.8800010681152,0,59.9699999999966
59.97,3,2,54.8899993896484,0,59.9799999999966
59.98,3,2,54.9000015258789,0,59.9899999999966
59.99,3,2,54.9099998474121,0,59.9999999999966
60,3,2,54.9199981689453,0,60.0099999999966
60.01,3,2,54.9300003051758,0,60.0199999999966
60.02,3,2,54.939998626709,0,60.0299999999966
60.03,3,2,54.9500007629395,0,60.0399999999966
60.04,3,2,54.9599990844727,0,60.0499999999966
60.05,3,2,54.9700012207031,0,60.0599999999966
60.06,3,2,54.9799995422363,0,60.0699999999966
60.07,3,2,54.9900016784668,0,60.0799999999966
60.08,3,2,55,0,60.0899999999966
60.09,3,2,55.0099983215332,0,60.0999999999966
60.1,3,2,55.0200004577637,0,60.1099999999966
60.11,3,2,55.0299987792969,0,60.1199999999966
60.12,3,2,55.0400009155273,0,60.1299999999966
60.13,3,2,55.0499992370605,0,60.1399999999966
60.14,3,2,55.060001373291,0,60.1499999999966
60.15,3,2,55.0699996948242,0,60.1599999999966
60.16,3,2,55.0800018310547,0,60.1699999999966
60.17,3,2,55.0900001525879,0,60.1799999999966
60.18,3,2,55.0999984741211,0,60.1899999999966
60.19,3,2,55.1100006103516,0,60.1999999999966
60.2,3,2,55.1199989318848,0,60.2099999999966
60.21,3,2,55.1300010681152,0,60.2199999999966
60.22,3,2,55.1399993896484,0,60.2299999999966
60.23,3,2,55.1500015258789,0,60.2399999999966
60.24,3,2,55.1599998474121,0,60.2499999999966
60.25,3,2,55.1699981689453,0,60.2599999999966
60.26,3,2,55.1800003051758,0,60.2699999999966
60.27,3,2,55.189998626709,0,60.2799999999966
60.28,3,2,55.2000007629395,0,60.2899999999966
60.29,3,2,55.2099990844727,0,60.2999999999966
60.3,3,2,55.2200012207031,0,60.3099999999966
60.31,3,2,55.2299995422363,0,60.3199999999966
60.32,3,2,55.2400016784668,0,60.3299999999966
60.33,3,2,55.25,0,60.3399999999966
60.34,3,2,55.2599983215332,0,60.3499999999966
60.35,3,2,55.2700004577637,0,60.3599999999966
60.36,3,2,55.2799987792969,0,60.3699999999966
60.37,3,2,55.2900009155273,0,60.3799999999966
60.38,3,2,55.2999992370605,0,60.3899999999966
60.39,3,2,55.310001373291,0,60.3999999999966
60.4,3,2,55.3199996948242,0,60.4099999999966
60.41,3,2,55.3300018310547,0,60.4199999999965
60.42,3,2,55.3400001525879,0,60.4299999999965
60.43,3,2,55.3499984741211,0,60.4399999999965
60.44,3,2,55.3600006103516,0,60.4499999999965
60.45,3,2,55.3699989318848,0,60.4599999999965
60.46,3,2,55.3800010681152,0,60.4699999999965
60.47,3,2,55.3899993896484,0,60.4799999999965
60.48,3,2,55.4000015258789,0,60.4899999999965
60.49,3,2,55.4099998474121,0,60.4999999999965
60.5,3,2,55.4199981689453,0,60.5099999999965
60.51,3,2,55.4300003051758,0,60.5199999999965
60.52,3,2,55.439998626709,0,60.5299999999965
60.53,3,2,55.4500007629395,0,60.5399999999965
60.54,3,2,55.4599990844727,0,60.5499999999965
60.55,3,2,55.4700012207031,0,60.5599999999965
60.56,3,2,55.4799995422363,0,60.5699999999965
60.57,3,2,55.4900016784668,0,60.5799999999965
60.58,3,2,55.5,0,60.5899999999965
60.59,3,2,55.5099983215332,0,60.5999999999965
60.6,3,2,55.5200004577637,0,60.6099999999965
60.61,3,2,55.5299987792969,0,60.6199999999965
60.62,3,2,55.5400009155273,0,60.6299999999965
60.63,3,2,55.5499992370605,0,60.6399999999965
60.64,3,2,55.560001373291,0,60.6499999999965
60.65,3,2,55.5699996948242,0,60.6599999999965
60.66,3,2,55.5800018310547,0,60.6699999999965
60.67,3,2,55.5900001525879,0,60.6799999999965
60.68,3,2,55.5999984741211,0,60.6899999999965
60.69,3,2,55.6100006103516,0,60.6999999999965
60.7,3,2,55.6199989318848,0,60.7099999999965
60.71,3,2,55.6300010681152,0,60.7199999999965
60.72,3,2,55.6399993896484,0,60.7299999999965
60.73,3,2,55.6500015258789,0,60.7399999999965
60.74,3,2,55.6599998474121,0,60.7499999999965
60.75,3,2,55.6699981689453,0,60.7599999999965
60.76,3,2,55.6800003051758,0,60.7699999999965
60.77,3,2,55.689998626709,0,60.7799999999965
60.78,3,2,55.7000007629395,0,60.7899999999965
60.79,3,2,55.7099990844727,0,60.7999999999965
60.8,3,2,55.7200012207031,0,60.8099999999965
60.81,3,2,55.7299995422363,0,60.8199999999965
60.82,3,2,55.7400016784668,0,60.8299999999965
60.83,3,2,55.75,0,60.8399999999965
60.84,3,2,55.7599983215332,0,60.8499999999965
60.85,3,2,55.7700004577637,0,60.8599999999965
60.86,3,2,55.7799987792969,0,60.8699999999965
60.87,3,2,55.7900009155273,0,60.8799999999965
60.88,3,2,55.7999992370605,0,60.8899999999965
60.89,3,2,55.810001373291,0,60.8999999999965
60.9,3,2,55.8199996948242,0,60.9099999999965
60.91,3,2,55.8300018310547,0,60.9199999999964
60.92,3,2,55.8400001525879,0,60.9299999999964
60.93,3,2,55.8499984741211,0,60.9399999999964
60.94,3,2,55.8600006103516,0,60.9499999999964
60.95,3,2,55.8699989318848,0,60.9599999999964
60.96,3,2,55.8800010681152,0,60.9699999999964
60.97,3,2,55.8899993896484,0,60.9799999999964
60.98,3,2,55.9000015258789,0,60.9899999999964
60.99,3,2,55.9099998474121,0,60.9999999999964
61,3,2,55.9199981689453,0,61.0099999999964
61.01,3,2,55.9300003051758,0,61.0199999999964
61.02,3,2,55.939998626709,0,61.0299999999964
61.03,3,2,55.9500007629395,0,61.0399999999964
61.04,3,2,55.9599990844727,0,61.0499999999964
61.05,3,2,55.9700012207031,0,61.0599999999964
61.06,3,2,55.9799995422363,0,61.0699999999964
61.07,3,2,55.9900016784668,0,61.0799999999964
61.08,3,2,56,0,61.0899999999964
61.09,3,2,56.0099983215332,0,61.0999999999964
61.1,3,2,56.0200004577637,0,61.1099999999964
61.11,3,2,56.0299987792969,0,61.1199999999964
61.12,3,2,56.0400009155273,0,61.1299999999964
61.13,3,2,56.0499992370605,0,61.1399999999964
61.14,3,2,56.060001373291,0,61.1499999999964
61.15,3,2,56.0699996948242,0,61.1599999999964
61.16,3,2,56.0800018310547,0,61.1699999999964
61.17,3,2,56.0900001525879,0,61.1799999999964
61.18,3,2,56.0999984741211,0,61.1899999999964
61.19,3,2,56.1100006103516,0,61.1999999999964
61.2,3,2,56.1199989318848,0,61.2099999999964
61.21,3,2,56.1300010681152,0,61.2199999999964
61.22,3,2,56.1399993896484,0,61.2299999999964
61.23,3,2,56.1500015258789,0,61.2399999999964
61.24,3,2,56.1599998474121,0,61.2499999999964
61.25,3,2,56.1699981689453,0,61.2599999999964
61.26,3,2,56.1800003051758,0,61.2699999999964
61.27,3,2,56.189998626709,0,61.2799999999964
61.28,3,2,56.2000007629395,0,61.2899999999964
61.29,3,2,56.2099990844727,0,61.2999999999964
61.3,3,2,56.2200012207031,0,61.3099999999964
61.31,3,2,56.2299995422363,0,61.3199999999964
61.32,3,2,56.2400016784668,0,61.3299999999964
61.33,3,2,56.25,0,61.3399999999964
61.34,3,2,56.2599983215332,0,61.3499999999964
61.35,3,2,56.2700004577637,0,61.3599999999964
61.36,3,2,56.2799987792969,0,61.3699999999964
61.37,3,2,56.2900009155273,0,61.3799999999964
61.38,3,2,56.2999992370605,0,61.3899999999964
61.39,3,2,56.310001373291,0,61.3999999999964
61.4,3,2,56.3199996948242,0,61.4099999999964
61.41,3,2,56.3300018310547,0,61.4199999999963
61.42,3,2,56.3400001525879,0,61.4299999999963
61.43,3,2,56.3499984741211,0,61.4399999999963
61.44,3,2,56.3600006103516,0,61.4499999999963
61.45,3,2,56.3699989318848,0,61.4599999999963
61.46,3,2,56.3800010681152,0,61.4699999999963
61.47,3,2,56.3899993896484,0,61.4799999999963
61.48,3,2,56.4000015258789,0,61.4899999999963
61.49,3,2,56.4099998474121,0,61.4999999999963
61.5,3,2,56.4199981689453,0,61.5099999999963
61.51,3,2,56.4300003051758,0,61.5199999999963
61.52,3,2,56.439998626709,0,61.5299999999963
61.53,3,2,56.4500007629395,0,61.5399999999963
61.54,3,2,56.4599990844727,0,61.5499999999963
61.55,3,2,56.4700012207031,0,61.5599999999963
61.56,3,2,56.4799995422363,0,61.5699999999963
61.57,3,2,56.4900016784668,0,61.5799999999963
61.58,3,2,56.5,0,61.5899999999963
61.59,3,2,56.5099983215332,0,61.5999999999963
61.6,3,2,56.5200004577637,0,61.6099999999963
61.61,3,2,56.5299987792969,0,61.6199999999963
61.62,3,2,56.5400009155273,0,61.6299999999963
61.63,3,2,56.5499992370605,0,61.6399999999963
61.64,3,2,56.560001373291,0,61.6499999999963
61.65,3,2,56.5699996948242,0,61.6599999999963
61.66,3,2,56.5800018310547,0,61.6699999999963
61.67,3,2,56.5900001525879,0,61.6799999999963
61.68,3,2,56.5999984741211,0,61.6899999999963
61.69,3,2,56.6100006103516,0,61.6999999999963
61.7,3,2,56.6199989318848,0,61.7099999999963
61.71,3,2,56.6300010681152,0,61.7199999999963
61.72,3,2,56.6399993896484,0,61.7299999999963
61.73,3,2,56.6500015258789,0,61.7399999999963
61.74,3,2,56.6599998474121,0,61.7499999999963
61.75,3,2,56.6699981689453,0,61.7599999999963
61.76,3,2,56.6800003051758,0,61.7699999999963
61.77,3,2,56.689998626709,0,61.7799999999963
61.78,3,2,56.7000007629395,0,61.7899999999963
61.79,3,2,56.7099990844727,0,61.7999999999963
61.8,3,2,56.7200012207031,0,61.8099999999963
61.81,3,2,56.7299995422363,0,61.8199999999963
61.82,3,2,56.7400016784668,0,61.8299999999963
61.83,3,2,56.75,0,61.8399999999963
61.84,3,2,56.7599983215332,0,61.8499999999963
61.85,3,2,56.7700004577637,0,61.8599999999963
61.86,3,2,56.7799987792969,0,61.8699999999963
61.87,3,2,56.7900009155273,0,61.8799999999963
61.88,3,2,56.7999992370605,0,61.8899999999963
61.89,3,2,56.810001373291,0,61.8999999999963
61.9,3,2,56.8199996948242,0,61.9099999999963
61.91,3,2,56.8300018310547,0,61.9199999999963
61.92,3,2,56.8400001525879,0,61.9299999999962
61.93,3,2,56.8499984741211,0,61.9399999999962
61.94,3,2,56.8600006103516,0,61.9499999999962
61.95,3,2,56.8699989318848,0,61.9599999999962
61.96,3,2,56.8800010681152,0,61.9699999999962
61.97,3,2,56.8899993896484,0,61.9799999999962
61.98,3,2,56.9000015258789,0,61.9899999999962
61.99,3,2,56.9099998474121,0,61.9999999999962
62,3,2,56.9199981689453,0,62.0099999999962
62.01,3,2,56.9300003051758,0,62.0199999999962
62.02,3,2,56.939998626709,0,62.0299999999962
62.03,3,2,56.9500007629395,0,62.0399999999962
62.04,3,2,56.9599990844727,0,62.0499999999962
62.05,3,2,56.9700012207031,0,62.0599999999962
62.06,3,2,56.9799995422363,0,62.0699999999962
62.07,3,2,56.9900016784668,0,62.0799999999962
62.08,3,2,57,0,62.0899999999962
62.09,3,2,57.0099983215332,0,62.0999999999962
62.1,3,2,57.0200004577637,0,62.1099999999962
62.11,3,2,57.0299987792969,0,62.1199999999962
62.12,3,2,57.0400009155273,0,62.1299999999962
62.13,3,2,57.0499992370605,0,62.1399999999962
62.14,3,2,57.060001373291,0,62.1499999999962
62.15,3,2,57.0699996948242,0,62.1599999999962
62.16,3,2,57.0800018310547,0,62.1699999999962
62.17,3,2,57.0900001525879,0,62.1799999999962
62.18,3,2,57.0999984741211,0,62.1899999999962
62.19,3,2,57.1100006103516,0,62.1999999999962
62.2,3,2,57.1199989318848,0,62.2099999999962
62.21,3,2,57.1300010681152,0,62.2199999999962
62.22,3,2,57.1399993896484,0,62.2299999999962
62.23,3,2,57.1500015258789,0,62.2399999999962
62.24,3,2,57.1599998474121,0,62.2499999999962
62.25,3,2,57.1699981689453,0,62.2599999999962
62.26,3,2,57.1800003051758,0,62.2699999999962
62.27,3,2,57.189998626709,0,62.2799999999962
62.28,3,2,57.2000007629395,0,62.2899999999962
62.29,3,2,57.2099990844727,0,62.2999999999962
62.3,3,2,57.2200012207031,0,62.3099999999962
62.31,3,2,57.2299995422363,0,62.3199999999962
62.32,3,2,57.2400016784668,0,62.3299999999962
62.33,3,2,57.25,0,62.3399999999962
62.34,3,2,57.2599983215332,0,62.3499999999962
62.35,3,2,57.2700004577637,0,62.3599999999962
62.36,3,2,57.2799987792969,0,62.3699999999962
62.37,3,2,57.2900009155273,0,62.3799999999962
62.38,3,2,57.2999992370605,0,62.3899999999962
62.39,3,2,57.310001373291,0,62.3999999999962
62.4,3,2,57.3199996948242,0,62.4099999999962
62.41,3,2,57.3300018310547,0,62.4199999999962
62.42,3,2,57.3400001525879,0,62.4299999999961
62.43,3,2,57.3499984741211,0,62.4399999999961
62.44,3,2,57.3600006103516,0,62.4499999999961
62.45,3,2,57.3699989318848,0,62.4599999999961
62.46,3,2,57.3800010681152,0,62.4699999999961
62.47,3,2,57.3899993896484,0,62.4799999999961
62.48,3,2,57.4000015258789,0,62.4899999999961
62.49,3,2,57.4099998474121,0,62.4999999999961
62.5,3,2,57.4199981689453,0,62.5099999999961
62.51,3,2,57.4300003051758,0,62.5199999999961
62.52,3,2,57.439998626709,0,62.5299999999961
62.53,3,2,57.4500007629395,0,62.5399999999961
62.54,3,2,57.4599990844727,0,62.5499999999961
62.55,3,2,57.4700012207031,0,62.5599999999961
62.56,3,2,57.4799995422363,0,62.5699999999961
62.57,3,2,57.4900016784668,0,62.5799999999961
62.58,3,2,57.5,0,62.5899999999961
62.59,3,2,57.5099983215332,0,62.5999999999961
62.6,3,2,57.5200004577637,0,62.6099999999961
62.61,3,2,57.5299987792969,0,62.6199999999961
62.62,3,2,57.5400009155273,0,62.6299999999961
62.63,3,2,57.5499992370605,0,62.6399999999961
62.64,3,2,57.560001373291,0,62.6499999999961
62.65,3,2,57.5699996948242,0,62.6599999999961
62.66,3,2,57.5800018310547,0,62.6699999999961
62.67,3,2,57.5900001525879,0,62.6799999999961
62.68,3,2,57.5999984741211,0,62.6899999999961
62.69,3,2,57.6100006103516,0,62.6999999999961
62.7,3,2,57.6199989318848,0,62.7099999999961
62.71,3,2,57.6300010681152,0,62.7199999999961
62.72,3,2,57.6399993896484,0,62.7299999999961
62.73,3,2,57.6500015258789,0,62.7399999999961
62.74,3,2,57.6599998474121,0,62.7499999999961
62.75,3,2,57.6699981689453,0,62.7599999999961
62.76,3,2,57.6800003051758,0,62.7699999999961
62.77,3,2,57.689998626709,0,62.7799999999961
62.78,3,2,57.7000007629395,0,62.7899999999961
62.79,3,2,57.7099990844727,0,62.7999999999961
62.8,3,2,57.7200012207031,0,62.8099999999961
62.81,3,2,57.7299995422363,0,62.8199999999961
62.82,3,2,57.7400016784668,0,62.8299999999961
62.83,3,2,57.75,0,62.8399999999961
62.84,3,2,57.7599983215332,0,62.8499999999961
62.85,3,2,57.7700004577637,0,62.8599999999961
62.86,3,2,57.7799987792969,0,62.8699999999961
62.87,3,2,57.7900009155273,0,62.8799999999961
62.88,3,2,57.7999992370605,0,62.8899999999961
62.89,3,2,57.810001373291,0,62.8999999999961
62.9,3,2,57.8199996948242,0,62.9099999999961
62.91,3,2,57.8300018310547,0,62.9199999999961
62.92,3,2,57.8400001525879,0,62.929999999996
62.93,3,2,57.8499984741211,0,62.939999999996
62.94,3,2,57.8600006103516,0,62.949999999996
62.95,3,2,57.8699989318848,0,62.959999999996
62.96,3,2,57.8800010681152,0,62.969999999996
62.97,3,2,57.8899993896484,0,62.979999999996
62.98,3,2,57.9000015258789,0,62.989999999996
62.99,3,2,57.9099998474121,0,62.999999999996
63,3,2,57.9199981689453,0,63.009999999996
63.01,3,2,57.9300003051758,0,63.019999999996
63.02,3,2,57.939998626709,0,63.029999999996
63.03,3,2,57.9500007629395,0,63.039999999996
63.04,3,2,57.9599990844727,0,63.049999999996
63.05,3,2,57.9700012207031,0,63.059999999996
63.06,3,2,57.9799995422363,0,63.069999999996
63.07,3,2,57.9900016784668,0,63.079999999996
63.08,3,2,58,0,63.089999999996
63.09,3,2,58.0099983215332,0,63.099999999996
63.1,3,2,58.0200004577637,0,63.109999999996
63.11,3,2,58.0299987792969,0,63.119999999996
63.12,3,2,58.0400009155273,0,63.129999999996
63.13,3,2,58.0499992370605,0,63.139999999996
63.14,3,2,58.060001373291,0,63.149999999996
63.15,3,2,58.0699996948242,0,63.159999999996
63.16,3,2,58.0800018310547,0,63.169999999996
63.17,3,2,58.0900001525879,0,63.179999999996
63.18,3,2,58.0999984741211,0,63.189999999996
63.19,3,2,58.1100006103516,0,63.199999999996
63.2,3,2,58.1199989318848,0,63.209999999996
63.21,3,2,58.1300010681152,0,63.219999999996
63.22,3,2,58.1399993896484,0,63.229999999996
63.23,3,2,58.1500015258789,0,63.239999999996
63.24,3,2,58.1599998474121,0,63.249999999996
63.25,3,2,58.1699981689453,0,63.259999999996
63.26,3,2,58.1800003051758,0,63.269999999996
63.27,3,2,58.189998626709,0,63.279999999996
63.28,3,2,58.2000007629395,0,63.289999999996
63.29,3,2,58.2099990844727,0,63.299999999996
63.3,3,2,58.2200012207031,0,63.309999999996
63.31,3,2,58.2299995422363,0,63.319999999996
63.32,3,2,58.2400016784668,0,63.329999999996
63.33,3,2,58.25,0,63.339999999996
63.34,3,2,58.2599983215332,0,63.349999999996
63.35,3,2,58.2700004577637,0,63.359999999996
63.36,3,2,58.2799987792969,0,63.369999999996
63.37,3,2,58.2900009155273,0,63.379999999996
63.38,3,2,58.2999992370605,0,63.389999999996
63.39,3,2,58.310001373291,0,63.399999999996
63.4,3,2,58.3199996948242,0,63.409999999996
63.41,3,2,58.3300018310547,0,63.419999999996
63.42,3,2,58.3400001525879,0,63.4299999999959
63.43,3,2,58.3499984741211,0,63.4399999999959
63.44,3,2,58.3600006103516,0,63.4499999999959
63.45,3,2,58.3699989318848,0,63.4599999999959
63.46,3,2,58.3800010681152,0,63.4699999999959
63.47,3,2,58.3899993896484,0,63.4799999999959
63.48,3,2,58.4000015258789,0,63.4899999999959
63.49,3,2,58.4099998474121,0,63.4999999999959
63.5,3,2,58.4199981689453,0,63.5099999999959
63.51,3,2,58.4300003051758,0,63.5199999999959
63.52,3,2,58.439998626709,0,63.5299999999959
63.53,3,2,58.4500007629395,0,63.5399999999959
63.54,3,2,58.4599990844727,0,63.5499999999959
63.55,3,2,58.4700012207031,0,63.5599999999959
63.56,3,2,58.4799995422363,0,63.5699999999959
63.57,3,2,58.4900016784668,0,63.5799999999959
63.58,3,2,58.5,0,63.5899999999959
63.59,3,2,58.5099983215332,0,63.5999999999959
63.6,3,2,58.5200004577637,0,63.6099999999959
63.61,3,2,58.5299987792969,0,63.6199999999959
63.62,3,2,58.5400009155273,0,63.6299999999959
63.63,3,2,58.5499992370605,0,63.6399999999959
63.64,3,2,58.560001373291,0,63.6499999999959
63.65,3,2,58.5699996948242,0,63.6599999999959
63.66,3,2,58.5800018310547,0,63.6699999999959
63.67,3,2,58.5900001525879,0,63.6799999999959
63.68,3,2,58.5999984741211,0,63.6899999999959
63.69,3,2,58.6100006103516,0,63.6999999999959
63.7,3,2,58.6199989318848,0,63.7099999999959
63.71,3,2,58.6300010681152,0,63.7199999999959
63.72,3,2,58.6399993896484,0,63.7299999999959
63.73,3,2,58.6500015258789,0,63.7399999999959
63.74,3,2,58.6599998474121,0,63.7499999999959
63.75,3,2,58.6699981689453,0,63.7599999999959
63.76,3,2,58.6800003051758,0,63.7699999999959
63.77,3,2,58.689998626709,0,63.7799999999959
63.78,3,2,58.7000007629395,0,63.7899999999959
63.79,3,2,58.7099990844727,0,63.7999999999959
63.8,3,2,58.7200012207031,0,63.8099999999959
63.81,3,2,58.7299995422363,0,63.8199999999959
63.82,3,2,58.7400016784668,0,63.8299999999959
63.83,3,2,58.75,0,63.8399999999959
63.84,3,2,58.7599983215332,0,63.8499999999959
63.85,3,2,58.7700004577637,0,63.8599999999959
63.86,3,2,58.7799987792969,0,63.8699999999959
63.87,3,2,58.7900009155273,0,63.8799999999959
63.88,3,2,58.7999992370605,0,63.8899999999959
63.89,3,2,58.810001373291,0,63.8999999999959
63.9,3,2,58.8199996948242,0,63.9099999999959
63.91,3,2,58.8300018310547,0,63.9199999999959
63.92,3,2,58.8400001525879,0,63.9299999999959
63.93,3,2,58.8499984741211,0,63.9399999999958
63.94,3,2,58.8600006103516,0,63.9499999999958
63.95,3,2,58.8699989318848,0,63.9599999999958
63.96,3,2,58.8800010681152,0,63.9699999999958
63.97,3,2,58.8899993896484,0,63.9799999999958
63.98,3,2,58.9000015258789,0,63.9899999999958
63.99,3,2,58.9099998474121,0,63.9999999999958
64,3,2,58.9199981689453,0,64.0099999999958
64.01,3,2,58.9300003051758,0,64.0199999999958
64.02,3,2,58.939998626709,0,64.0299999999959
64.03,3,2,58.9500007629395,0,64.0399999999959
64.04,3,2,58.9599990844727,0,64.0499999999959
64.05,3,2,58.9700012207031,0,64.0599999999959
64.06,3,2,58.9799995422363,0,64.0699999999959
64.07,3,2,58.9900016784668,0,64.0799999999959
64.08,3,2,59,0,64.0899999999959
64.09,3,2,59.0099983215332,0,64.0999999999959
64.1,3,2,59.0200004577637,0,64.1099999999959
64.11,3,2,59.0299987792969,0,64.1199999999959
64.12,3,2,59.0400009155273,0,64.1299999999959
64.13,3,2,59.0499992370605,0,64.1399999999959
64.14,3,2,59.060001373291,0,64.1499999999959
64.15,3,2,59.0699996948242,0,64.1599999999959
64.16,3,2,59.0800018310547,0,64.1699999999959
64.17,3,2,59.0900001525879,0,64.1799999999959
64.18,3,2,59.0999984741211,0,64.1899999999959
64.19,3,2,59.1100006103516,0,64.1999999999959
64.2,3,2,59.1199989318848,0,64.2099999999959
64.21,3,2,59.1300010681152,0,64.2199999999959
64.22,3,2,59.1399993896484,0,64.229999999996
64.23,3,2,59.1500015258789,0,64.239999999996
64.24,3,2,59.1599998474121,0,64.249999999996
64.25,3,2,59.1699981689453,0,64.259999999996
64.26,3,2,59.1800003051758,0,64.269999999996
64.27,3,2,59.189998626709,0,64.279999999996
64.28,3,2,59.2000007629395,0,64.289999999996
64.29,3,2,59.2099990844727,0,64.299999999996
64.3,3,2,59.2200012207031,0,64.309999999996
64.31,3,2,59.2299995422363,0,64.319999999996
64.32,3,2,59.2400016784668,0,64.329999999996
64.33,3,2,59.25,0,64.339999999996
64.34,3,2,59.2599983215332,0,64.349999999996
64.35,3,2,59.2700004577637,0,64.359999999996
64.36,3,2,59.2799987792969,0,64.369999999996
64.37,3,2,59.2900009155273,0,64.379999999996
64.38,3,2,59.2999992370605,0,64.389999999996
64.39,3,2,59.310001373291,0,64.399999999996
64.4,3,2,59.3199996948242,0,64.409999999996
64.41,3,2,59.3300018310547,0,64.4199999999961
64.42,3,2,59.3400001525879,0,64.4299999999961
64.43,3,2,59.3499984741211,0,64.4399999999961
64.44,3,2,59.3600006103516,0,64.4499999999961
64.45,3,2,59.3699989318848,0,64.4599999999961
64.46,3,2,59.3800010681152,0,64.4699999999961
64.47,3,2,59.3899993896484,0,64.4799999999961
64.48,3,2,59.4000015258789,0,64.4899999999961
64.49,3,2,59.4099998474121,0,64.4999999999961
64.5,3,2,59.4199981689453,0,64.5099999999961
64.51,3,2,59.4300003051758,0,64.5199999999961
64.52,3,2,59.439998626709,0,64.5299999999961
64.53,3,2,59.4500007629395,0,64.5399999999961
64.54,3,2,59.4599990844727,0,64.5499999999961
64.55,3,2,59.4700012207031,0,64.5599999999961
64.56,3,2,59.4799995422363,0,64.5699999999961
64.57,3,2,59.4900016784668,0,64.5799999999961
64.58,3,2,59.5,0,64.5899999999961
64.59,3,2,59.5099983215332,0,64.5999999999961
64.6,3,2,59.5200004577637,0,64.6099999999961
64.61,3,2,59.5299987792969,0,64.6199999999962
64.62,3,2,59.5400009155273,0,64.6299999999962
64.63,3,2,59.5499992370605,0,64.6399999999962
64.64,3,2,59.560001373291,0,64.6499999999962
64.65,3,2,59.5699996948242,0,64.6599999999962
64.66,3,2,59.5800018310547,0,64.6699999999962
64.67,3,2,59.5900001525879,0,64.6799999999962
64.68,3,2,59.5999984741211,0,64.6899999999962
64.69,3,2,59.6100006103516,0,64.6999999999962
64.7,3,2,59.6199989318848,0,64.7099999999962
64.71,3,2,59.6300010681152,0,64.7199999999962
64.72,3,2,59.6399993896484,0,64.7299999999962
64.73,3,2,59.6500015258789,0,64.7399999999962
64.74,3,2,59.6599998474121,0,64.7499999999962
64.75,3,2,59.6699981689453,0,64.7599999999962
64.76,3,2,59.6800003051758,0,64.7699999999962
64.77,3,2,59.689998626709,0,64.7799999999962
64.78,3,2,59.7000007629395,0,64.7899999999962
64.79,3,2,59.7099990844727,0,64.7999999999962
64.8,3,2,59.7200012207031,0,64.8099999999963
64.81,3,2,59.7299995422363,0,64.8199999999963
64.82,3,2,59.7400016784668,0,64.8299999999963
64.83,3,2,59.75,0,64.8399999999963
64.84,3,2,59.7599983215332,0,64.8499999999963
64.85,3,2,59.7700004577637,0,64.8599999999963
64.86,3,2,59.7799987792969,0,64.8699999999963
64.87,3,2,59.7900009155273,0,64.8799999999963
64.88,3,2,59.7999992370605,0,64.8899999999963
64.89,3,2,59.810001373291,0,64.8999999999963
64.9,3,2,59.8199996948242,0,64.9099999999963
64.91,3,2,59.8300018310547,0,64.9199999999963
64.92,3,2,59.8400001525879,0,64.9299999999963
64.93,3,2,59.8499984741211,0,64.9399999999963
64.94,3,2,59.8600006103516,0,64.9499999999963
64.95,3,2,59.8699989318848,0,64.9599999999963
64.96,3,2,59.8800010681152,0,64.9699999999963
64.97,3,2,59.8899993896484,0,64.9799999999963
64.98,3,2,59.9000015258789,0,64.9899999999963
64.99,3,2,59.9099998474121,0,64.9999999999963
65,3,2,59.9199981689453,0,65.0099999999964
65.01,3,2,59.9300003051758,0,65.0199999999964
65.02,3,2,59.939998626709,0,65.0299999999964
65.03,3,2,59.9500007629395,0,65.0399999999964
65.04,3,2,59.9599990844727,0,65.0499999999964
65.05,3,2,59.9700012207031,0,65.0599999999964
65.06,3,2,59.9799995422363,0,65.0699999999964
65.07,3,2,59.9900016784668,0,65.0799999999964
65.08,3,2,60,0,65.0899999999964
65.09,3,2,60.0099983215332,0,65.0999999999964
65.1,3,2,60.0200004577637,0,65.1099999999964
65.11,3,2,60.0299987792969,0,65.1199999999964
65.12,3,2,60.0400009155273,0,65.1299999999964
65.13,3,2,60.0499992370605,0,65.1399999999964
65.14,3,2,60.060001373291,0,65.1499999999964
65.15,3,2,60.0699996948242,0,65.1599999999964
65.16,3,2,60.0800018310547,0,65.1699999999964
65.17,3,2,60.0900001525879,0,65.1799999999964
65.18,3,2,60.0999984741211,0,65.1899999999964
65.19,3,2,60.1100006103516,0,65.1999999999965
65.2,3,2,60.1199989318848,0,65.2099999999965
65.21,3,2,60.1300010681152,0,65.2199999999965
65.22,3,2,60.1399993896484,0,65.2299999999965
65.23,3,2,60.1500015258789,0,65.2399999999965
65.24,3,2,60.1599998474121,0,65.2499999999965
65.25,3,2,60.1699981689453,0,65.2599999999965
65.26,3,2,60.1800003051758,0,65.2699999999965
65.27,3,2,60.189998626709,0,65.2799999999965
65.28,3,2,60.2000007629395,0,65.2899999999965
65.29,3,2,60.2099990844727,0,65.2999999999965
65.3,3,2,60.2200012207031,0,65.3099999999965
65.31,3,2,60.2299995422363,0,65.3199999999965
65.32,3,2,60.2400016784668,0,65.3299999999965
65.33,3,2,60.25,0,65.3399999999965
65.34,3,2,60.2599983215332,0,65.3499999999965
65.35,3,2,60.2700004577637,0,65.3599999999965
65.36,3,2,60.2799987792969,0,65.3699999999965
65.37,3,2,60.2900009155273,0,65.3799999999965
65.38,3,2,60.2999992370605,0,65.3899999999965
65.39,3,2,60.310001373291,0,65.3999999999966
65.4,3,2,60.3199996948242,0,65.4099999999966
65.41,3,2,60.3300018310547,0,65.4199999999966
65.42,3,2,60.3400001525879,0,65.4299999999966
65.43,3,2,60.3499984741211,0,65.4399999999966
65.44,3,2,60.3600006103516,0,65.4499999999966
65.45,3,2,60.3699989318848,0,65.4599999999966
65.46,3,2,60.3800010681152,0,65.4699999999966
65.47,3,2,60.3899993896484,0,65.4799999999966
65.48,3,2,60.4000015258789,0,65.4899999999966
65.49,3,2,60.4099998474121,0,65.4999999999966
65.5,3,2,60.4199981689453,0,65.5099999999966
65.51,3,2,60.4300003051758,0,65.5199999999966
65.52,3,2,60.439998626709,0,65.5299999999966
65.53,3,2,60.4500007629395,0,65.5399999999966
65.54,3,2,60.4599990844727,0,65.5499999999966
65.55,3,2,60.4700012207031,0,65.5599999999966
65.56,3,2,60.4799995422363,0,65.5699999999966
65.57,3,2,60.4900016784668,0,65.5799999999966
65.58,3,2,60.5,0,65.5899999999966
65.59,3,2,60.5099983215332,0,65.5999999999967
65.6,3,2,60.5200004577637,0,65.6099999999967
65.61,3,2,60.5299987792969,0,65.6199999999967
65.62,3,2,60.5400009155273,0,65.6299999999967
65.63,3,2,60.5499992370605,0,65.6399999999967
65.64,3,2,60.560001373291,0,65.6499999999967
65.65,3,2,60.5699996948242,0,65.6599999999967
65.66,3,2,60.5800018310547,0,65.6699999999967
65.67,3,2,60.5900001525879,0,65.6799999999967
65.68,3,2,60.5999984741211,0,65.6899999999967
65.69,3,2,60.6100006103516,0,65.6999999999967
65.7,3,2,60.6199989318848,0,65.7099999999967
65.71,3,2,60.6300010681152,0,65.7199999999967
65.72,3,2,60.6399993896484,0,65.7299999999967
65.73,3,2,60.6500015258789,0,65.7399999999967
65.74,3,2,60.6599998474121,0,65.7499999999967
65.75,3,2,60.6699981689453,0,65.7599999999967
65.76,3,2,60.6800003051758,0,65.7699999999967
65.77,3,2,60.689998626709,0,65.7799999999967
65.78,3,2,60.7000007629395,0,65.7899999999968
65.79,3,2,60.7099990844727,0,65.7999999999968
65.8,3,2,60.7200012207031,0,65.8099999999968
65.81,3,2,60.7299995422363,0,65.8199999999968
65.82,3,2,60.7400016784668,0,65.8299999999968
65.83,3,2,60.75,0,65.8399999999968
65.84,3,2,60.7599983215332,0,65.8499999999968
65.85,3,2,60.7700004577637,0,65.8599999999968
65.86,3,2,60.7799987792969,0,65.8699999999968
65.87,3,2,60.7900009155273,0,65.8799999999968
65.88,3,2,60.7999992370605,0,65.8899999999968
65.89,3,2,60.810001373291,0,65.8999999999968
65.9,3,2,60.8199996948242,0,65.9099999999968
65.91,3,2,60.8300018310547,0,65.9199999999968
65.92,3,2,60.8400001525879,0,65.9299999999968
65.93,3,2,60.8499984741211,0,65.9399999999968
65.94,3,2,60.8600006103516,0,65.9499999999968
65.95,3,2,60.8699989318848,0,65.9599999999968
65.96,3,2,60.8800010681152,0,65.9699999999968
65.97,3,2,60.8899993896484,0,65.9799999999968
65.98,3,2,60.9000015258789,0,65.9899999999969
65.99,3,2,60.9099998474121,0,65.9999999999969
66,3,2,60.9199981689453,0,66.0099999999969
66.01,3,2,60.9300003051758,0,66.0199999999969
66.02,3,2,60.939998626709,0,66.0299999999969
66.03,3,2,60.9500007629395,0,66.0399999999969
66.04,3,2,60.9599990844727,0,66.0499999999969
66.05,3,2,60.9700012207031,0,66.0599999999969
66.06,3,2,60.9799995422363,0,66.0699999999969
66.07,3,2,60.9900016784668,0,66.0799999999969
66.08,3,2,61,0,66.0899999999969
66.09,3,2,61.0099983215332,0,66.0999999999969
66.1,3,2,61.0200004577637,0,66.1099999999969
66.11,3,2,61.0299987792969,0,66.1199999999969
66.12,3,2,61.0400009155273,0,66.1299999999969
66.13,3,2,61.0499992370605,0,66.1399999999969
66.14,3,2,61.060001373291,0,66.1499999999969
66.15,3,2,61.0699996948242,0,66.1599999999969
66.16,3,2,61.0800018310547,0,66.1699999999969
66.17,3,2,61.0900001525879,0,66.179999999997
66.18,3,2,61.0999984741211,0,66.189999999997
66.19,3,2,61.1100006103516,0,66.199999999997
66.2,3,2,61.1199989318848,0,66.209999999997
66.21,3,2,61.1300010681152,0,66.219999999997
66.22,3,2,61.1399993896484,0,66.229999999997
66.23,3,2,61.1500015258789,0,66.239999999997
66.24,3,2,61.1599998474121,0,66.249999999997
66.25,3,2,61.1699981689453,0,66.259999999997
66.26,3,2,61.1800003051758,0,66.269999999997
66.27,3,2,61.189998626709,0,66.279999999997
66.28,3,2,61.2000007629395,0,66.289999999997
66.29,3,2,61.2099990844727,0,66.299999999997
66.3,3,2,61.2200012207031,0,66.309999999997
66.31,3,2,61.2299995422363,0,66.319999999997
66.32,3,2,61.2400016784668,0,66.329999999997
66.33,3,2,61.25,0,66.339999999997
66.34,3,2,61.2599983215332,0,66.349999999997
66.35,3,2,61.2700004577637,0,66.359999999997
66.36,3,2,61.2799987792969,0,66.369999999997
66.37,3,2,61.2900009155273,0,66.3799999999971
66.38,3,2,61.2999992370605,0,66.3899999999971
66.39,3,2,61.310001373291,0,66.3999999999971
66.4,3,2,61.3199996948242,0,66.4099999999971
66.41,3,2,61.3300018310547,0,66.4199999999971
66.42,3,2,61.3400001525879,0,66.4299999999971
66.43,3,2,61.3499984741211,0,66.4399999999971
66.44,3,2,61.3600006103516,0,66.4499999999971
66.45,3,2,61.3699989318848,0,66.4599999999971
66.46,3,2,61.3800010681152,0,66.4699999999971
66.47,3,2,61.3899993896484,0,66.4799999999971
66.48,3,2,61.4000015258789,0,66.4899999999971
66.49,3,2,61.4099998474121,0,66.4999999999971
66.5,3,2,61.4199981689453,0,66.5099999999971
66.51,3,2,61.4300003051758,0,66.5199999999971
66.52,3,2,61.439998626709,0,66.5299999999971
66.53,3,2,61.4500007629395,0,66.5399999999971
66.54,3,2,61.4599990844727,0,66.5499999999971
66.55,3,2,61.4700012207031,0,66.5599999999971
66.56,3,2,61.4799995422363,0,66.5699999999972
66.57,3,2,61.4900016784668,0,66.5799999999972
66.58,3,2,61.5,0,66.5899999999972
66.59,3,2,61.5099983215332,0,66.5999999999972
66.6,3,2,61.5200004577637,0,66.6099999999972
66.61,3,2,61.5299987792969,0,66.6199999999972
66.62,3,2,61.5400009155273,0,66.6299999999972
66.63,3,2,61.5499992370605,0,66.6399999999972
66.64,3,2,61.560001373291,0,66.6499999999972
66.65,3,2,61.5699996948242,0,66.6599999999972
66.66,3,2,61.5800018310547,0,66.6699999999972
66.67,3,2,61.5900001525879,0,66.6799999999972
66.68,3,2,61.5999984741211,0,66.6899999999972
66.69,3,2,61.6100006103516,0,66.6999999999972
66.7,3,2,61.6199989318848,0,66.7099999999972
66.71,3,2,61.6300010681152,0,66.7199999999972
66.72,3,2,61.6399993896484,0,66.7299999999972
66.73,3,2,61.6500015258789,0,66.7399999999972
66.74,3,2,61.6599998474121,0,66.7499999999972
66.75,3,2,61.6699981689453,0,66.7599999999972
66.76,3,2,61.6800003051758,0,66.7699999999973
66.77,3,2,61.689998626709,0,66.7799999999973
66.78,3,2,61.7000007629395,0,66.7899999999973
66.79,3,2,61.7099990844727,0,66.7999999999973
66.8,3,2,61.7200012207031,0,66.8099999999973
66.81,3,2,61.7299995422363,0,66.8199999999973
66.82,3,2,61.7400016784668,0,66.8299999999973
66.83,3,2,61.75,0,66.8399999999973
66.84,3,2,61.7599983215332,0,66.8499999999973
66.85,3,2,61.7700004577637,0,66.8599999999973
66.86,3,2,61.7799987792969,0,66.8699999999973
66.87,3,2,61.7900009155273,0,66.8799999999973
66.88,3,2,61.7999992370605,0,66.8899999999973
66.89,3,2,61.810001373291,0,66.8999999999973
66.9,3,2,61.8199996948242,0,66.9099999999973
66.91,3,2,61.8300018310547,0,66.9199999999973
66.92,3,2,61.8400001525879,0,66.9299999999973
66.93,3,2,61.8499984741211,0,66.9399999999973
66.94,3,2,61.8600006103516,0,66.9499999999973
66.95,3,2,61.8699989318848,0,66.9599999999974
66.96,3,2,61.8800010681152,0,66.9699999999974
66.97,3,2,61.8899993896484,0,66.9799999999974
66.98,3,2,61.9000015258789,0,66.9899999999974
66.99,3,2,61.9099998474121,0,66.9999999999974
67,3,2,61.9199981689453,0,67.0099999999974
67.01,3,2,61.9300003051758,0,67.0199999999974
67.02,3,2,61.939998626709,0,67.0299999999974
67.03,3,2,61.9500007629395,0,67.0399999999974
67.04,3,2,61.9599990844727,0,67.0499999999974
67.05,3,2,61.9700012207031,0,67.0599999999974
67.06,3,2,61.9799995422363,0,67.0699999999974
67.07,3,2,61.9900016784668,0,67.0799999999974
67.08,3,2,62,0,67.0899999999974
67.09,3,2,62.0099983215332,0,67.0999999999974
67.1,3,2,62.0200004577637,0,67.1099999999974
67.11,3,2,62.0299987792969,0,67.1199999999974
67.12,3,2,62.0400009155273,0,67.1299999999974
67.13,3,2,62.0499992370605,0,67.1399999999974
67.14,3,2,62.060001373291,0,67.1499999999974
67.15,3,2,62.0699996948242,0,67.1599999999975
67.16,3,2,62.0800018310547,0,67.1699999999975
67.17,3,2,62.0900001525879,0,67.1799999999975
67.18,3,2,62.0999984741211,0,67.1899999999975
67.19,3,2,62.1100006103516,0,67.1999999999975
67.2,3,2,62.1199989318848,0,67.2099999999975
67.21,3,2,62.1300010681152,0,67.2199999999975
67.22,3,2,62.1399993896484,0,67.2299999999975
67.23,3,2,62.1500015258789,0,67.2399999999975
67.24,3,2,62.1599998474121,0,67.2499999999975
67.25,3,2,62.1699981689453,0,67.2599999999975
67.26,3,2,62.1800003051758,0,67.2699999999975
67.27,3,2,62.189998626709,0,67.2799999999975
67.28,3,2,62.2000007629395,0,67.2899999999975
67.29,3,2,62.2099990844727,0,67.2999999999975
67.3,3,2,62.2200012207031,0,67.3099999999975
67.31,3,2,62.2299995422363,0,67.3199999999975
67.32,3,2,62.2400016784668,0,67.3299999999975
67.33,3,2,62.25,0,67.3399999999975
67.34,3,2,62.2599983215332,0,67.3499999999976
67.35,3,2,62.2700004577637,0,67.3599999999976
67.36,3,2,62.2799987792969,0,67.3699999999976
67.37,3,2,62.2900009155273,0,67.3799999999976
67.38,3,2,62.2999992370605,0,67.3899999999976
67.39,3,2,62.310001373291,0,67.3999999999976
67.4,3,2,62.3199996948242,0,67.4099999999976
67.41,3,2,62.3300018310547,0,67.4199999999976
67.42,3,2,62.3400001525879,0,67.4299999999976
67.43,3,2,62.3499984741211,0,67.4399999999976
67.44,3,2,62.3600006103516,0,67.4499999999976
67.45,3,2,62.3699989318848,0,67.4599999999976
67.46,3,2,62.3800010681152,0,67.4699999999976
67.47,3,2,62.3899993896484,0,67.4799999999976
67.48,3,2,62.4000015258789,0,67.4899999999976
67.49,3,2,62.4099998474121,0,67.4999999999976
67.5,3,2,62.4199981689453,0,67.5099999999976
67.51,3,2,62.4300003051758,0,67.5199999999976
67.52,3,2,62.439998626709,0,67.5299999999976
67.53,3,2,62.4500007629395,0,67.5399999999976
67.54,3,2,62.4599990844727,0,67.5499999999977
67.55,3,2,62.4700012207031,0,67.5599999999977
67.56,3,2,62.4799995422363,0,67.5699999999977
67.57,3,2,62.4900016784668,0,67.5799999999977
67.58,3,2,62.5,0,67.5899999999977
67.59,3,2,62.5099983215332,0,67.5999999999977
67.6,3,2,62.5200004577637,0,67.6099999999977
67.61,3,2,62.5299987792969,0,67.6199999999977
67.62,3,2,62.5400009155273,0,67.6299999999977
67.63,3,2,62.5499992370605,0,67.6399999999977
67.64,3,2,62.560001373291,0,67.6499999999977
67.65,3,2,62.5699996948242,0,67.6599999999977
67.66,3,2,62.5800018310547,0,67.6699999999977
67.67,3,2,62.5900001525879,0,67.6799999999977
67.68,3,2,62.5999984741211,0,67.6899999999977
67.69,3,2,62.6100006103516,0,67.6999999999977
67.7,3,2,62.6199989318848,0,67.7099999999977
67.71,3,2,62.6300010681152,0,67.7199999999977
67.72,3,2,62.6399993896484,0,67.7299999999977
67.73,3,2,62.6500015258789,0,67.7399999999977
67.74,3,2,62.6599998474121,0,67.7499999999978
67.75,3,2,62.6699981689453,0,67.7599999999978
67.76,3,2,62.6800003051758,0,67.7699999999978
67.77,3,2,62.689998626709,0,67.7799999999978
67.78,3,2,62.7000007629395,0,67.7899999999978
67.79,3,2,62.7099990844727,0,67.7999999999978
67.8,3,2,62.7200012207031,0,67.8099999999978
67.81,3,2,62.7299995422363,0,67.8199999999978
67.82,3,2,62.7400016784668,0,67.8299999999978
67.83,3,2,62.75,0,67.8399999999978
67.84,3,2,62.7599983215332,0,67.8499999999978
67.85,3,2,62.7700004577637,0,67.8599999999978
67.86,3,2,62.7799987792969,0,67.8699999999978
67.87,3,2,62.7900009155273,0,67.8799999999978
67.88,3,2,62.7999992370605,0,67.8899999999978
67.89,3,2,62.810001373291,0,67.8999999999978
67.9,3,2,62.8199996948242,0,67.9099999999978
67.91,3,2,62.8300018310547,0,67.9199999999978
67.92,3,2,62.8400001525879,0,67.9299999999978
67.93,3,2,62.8499984741211,0,67.9399999999979
67.94,3,2,62.8600006103516,0,67.9499999999979
67.95,3,2,62.8699989318848,0,67.9599999999979
67.96,3,2,62.8800010681152,0,67.9699999999979
67.97,3,2,62.8899993896484,0,67.9799999999979
67.98,3,2,62.9000015258789,0,67.9899999999979
67.99,3,2,62.9099998474121,0,67.9999999999979
68,3,2,62.9199981689453,0,68.0099999999979
68.01,3,2,62.9300003051758,0,68.0199999999979
68.02,3,2,62.939998626709,0,68.0299999999979
68.03,3,2,62.9500007629395,0,68.0399999999979
68.04,3,2,62.9599990844727,0,68.0499999999979
68.05,3,2,62.9700012207031,0,68.0599999999979
68.06,3,2,62.9799995422363,0,68.0699999999979
68.07,3,2,62.9900016784668,0,68.0799999999979
68.08,3,2,63,0,68.0899999999979
68.09,3,2,63.0099983215332,0,68.0999999999979
68.1,3,2,63.0200004577637,0,68.1099999999979
68.11,3,2,63.0299987792969,0,68.1199999999979
68.12,3,2,63.0400009155273,0,68.1299999999979
68.13,3,2,63.0499992370605,0,68.139999999998
68.14,3,2,63.060001373291,0,68.149999999998
68.15,3,2,63.0699996948242,0,68.159999999998
68.16,3,2,63.0800018310547,0,68.169999999998
68.17,3,2,63.0900001525879,0,68.179999999998
68.18,3,2,63.0999984741211,0,68.189999999998
68.19,3,2,63.1100006103516,0,68.199999999998
68.2,3,2,63.1199989318848,0,68.209999999998
68.21,3,2,63.1300010681152,0,68.219999999998
68.22,3,2,63.1399993896484,0,68.229999999998
68.23,3,2,63.1500015258789,0,68.239999999998
68.24,3,2,63.1599998474121,0,68.249999999998
68.25,3,2,63.1699981689453,0,68.259999999998
68.26,3,2,63.1800003051758,0,68.269999999998
68.27,3,2,63.189998626709,0,68.279999999998
68.28,3,2,63.2000007629395,0,68.289999999998
68.29,3,2,63.2099990844727,0,68.299999999998
68.3,3,2,63.2200012207031,0,68.309999999998
68.31,3,2,63.2299995422363,0,68.319999999998
68.32,3,2,63.2400016784668,0,68.3299999999981
68.33,3,2,63.25,0,68.3399999999981
68.34,3,2,63.2599983215332,0,68.3499999999981
68.35,3,2,63.2700004577637,0,68.3599999999981
68.36,3,2,63.2799987792969,0,68.3699999999981
68.37,3,2,63.2900009155273,0,68.3799999999981
68.38,3,2,63.2999992370605,0,68.3899999999981
68.39,3,2,63.310001373291,0,68.3999999999981
68.4,3,2,63.3199996948242,0,68.4099999999981
68.41,3,2,63.3300018310547,0,68.4199999999981
68.42,3,2,63.3400001525879,0,68.4299999999981
68.43,3,2,63.3499984741211,0,68.4399999999981
68.44,3,2,63.3600006103516,0,68.4499999999981
68.45,3,2,63.3699989318848,0,68.4599999999981
68.46,3,2,63.3800010681152,0,68.4699999999981
68.47,3,2,63.3899993896484,0,68.4799999999981
68.48,3,2,63.4000015258789,0,68.4899999999981
68.49,3,2,63.4099998474121,0,68.4999999999981
68.5,3,2,63.4199981689453,0,68.5099999999981
68.51,3,2,63.4300003051758,0,68.5199999999981
68.52,3,2,63.439998626709,0,68.5299999999982
68.53,3,2,63.4500007629395,0,68.5399999999982
68.54,3,2,63.4599990844727,0,68.5499999999982
68.55,3,2,63.4700012207031,0,68.5599999999982
68.56,3,2,63.4799995422363,0,68.5699999999982
68.57,3,2,63.4900016784668,0,68.5799999999982
68.58,3,2,63.5,0,68.5899999999982
68.59,3,2,63.5099983215332,0,68.5999999999982
68.6,3,2,63.5200004577637,0,68.6099999999982
68.61,3,2,63.5299987792969,0,68.6199999999982
68.62,3,2,63.5400009155273,0,68.6299999999982
68.63,3,2,63.5499992370605,0,68.6399999999982
68.64,3,2,63.560001373291,0,68.6499999999982
68.65,3,2,63.5699996948242,0,68.6599999999982
68.66,3,2,63.5800018310547,0,68.6699999999982
68.67,3,2,63.5900001525879,0,68.6799999999982
68.68,3,2,63.5999984741211,0,68.6899999999982
68.69,3,2,63.6100006103516,0,68.6999999999982
68.7,3,2,63.6199989318848,0,68.7099999999982
68.71,3,2,63.6300010681152,0,68.7199999999983
68.72,3,2,63.6399993896484,0,68.7299999999983
68.73,3,2,63.6500015258789,0,68.7399999999983
68.74,3,2,63.6599998474121,0,68.7499999999983
68.75,3,2,63.6699981689453,0,68.7599999999983
68.76,3,2,63.6800003051758,0,68.7699999999983
68.77,3,2,63.689998626709,0,68.7799999999983
68.78,3,2,63.7000007629395,0,68.7899999999983
68.79,3,2,63.7099990844727,0,68.7999999999983
68.8,3,2,63.7200012207031,0,68.8099999999983
68.81,3,2,63.7299995422363,0,68.8199999999983
68.82,3,2,63.7400016784668,0,68.8299999999983
68.83,3,2,63.75,0,68.8399999999983
68.84,3,2,63.7599983215332,0,68.8499999999983
68.85,3,2,63.7700004577637,0,68.8599999999983
68.86,3,2,63.7799987792969,0,68.8699999999983
68.87,3,2,63.7900009155273,0,68.8799999999983
68.88,3,2,63.7999992370605,0,68.8899999999983
68.89,3,2,63.810001373291,0,68.8999999999983
68.9,3,2,63.8199996948242,0,68.9099999999983
68.91,3,2,63.8300018310547,0,68.9199999999984
68.92,3,2,63.8400001525879,0,68.9299999999984
68.93,3,2,63.8499984741211,0,68.9399999999984
68.94,3,2,63.8600006103516,0,68.9499999999984
68.95,3,2,63.8699989318848,0,68.9599999999984
68.96,3,2,63.8800010681152,0,68.9699999999984
68.97,3,2,63.8899993896484,0,68.9799999999984
68.98,3,2,63.9000015258789,0,68.9899999999984
68.99,3,2,63.9099998474121,0,68.9999999999984
69,3,2,63.9199981689453,0,69.0099999999984
69.01,3,2,63.9300003051758,0,69.0199999999984
69.02,3,2,63.939998626709,0,69.0299999999984
69.03,3,2,63.9500007629395,0,69.0399999999984
69.04,3,2,63.9599990844727,0,69.0499999999984
69.05,3,2,63.9700012207031,0,69.0599999999984
69.06,3,2,63.9799995422363,0,69.0699999999984
69.07,3,2,63.9900016784668,0,69.0799999999984
69.08,3,2,64,0,69.0899999999984
69.09,3,2,64.0100021362305,0,69.0999999999984
69.1,3,2,64.0199966430664,0,69.1099999999985
69.11,3,2,64.0299987792969,0,69.1199999999985
69.12,3,2,64.0400009155273,0,69.1299999999985
69.13,3,2,64.0500030517578,0,69.1399999999985
69.14,3,2,64.0599975585938,0,69.1499999999985
69.15,3,2,64.0699996948242,0,69.1599999999985
69.16,3,2,64.0800018310547,0,69.1699999999985
69.17,3,2,64.0899963378906,0,69.1799999999985
69.18,3,2,64.0999984741211,0,69.1899999999985
69.19,3,2,64.1100006103516,0,69.1999999999985
69.2,3,2,64.120002746582,0,69.2099999999985
69.21,3,2,64.129997253418,0,69.2199999999985
69.22,3,2,64.1399993896484,0,69.2299999999985
69.23,3,2,64.1500015258789,0,69.2399999999985
69.24,3,2,64.1600036621094,0,69.2499999999985
69.25,3,2,64.1699981689453,0,69.2599999999985
69.26,3,2,64.1800003051758,0,69.2699999999985
69.27,3,2,64.1900024414062,0,69.2799999999985
69.28,3,2,64.1999969482422,0,69.2899999999985
69.29,3,2,64.2099990844727,0,69.2999999999985
69.3,3,2,64.2200012207031,0,69.3099999999986
69.31,3,2,64.2300033569336,0,69.3199999999986
69.32,3,2,64.2399978637695,0,69.3299999999986
69.33,3,2,64.25,0,69.3399999999986
69.34,3,2,64.2600021362305,0,69.3499999999986
69.35,3,2,64.2699966430664,0,69.3599999999986
69.36,3,2,64.2799987792969,0,69.3699999999986
69.37,3,2,64.2900009155273,0,69.3799999999986
69.38,3,2,64.3000030517578,0,69.3899999999986
69.39,3,2,64.3099975585938,0,69.3999999999986
69.4,3,2,64.3199996948242,0,69.4099999999986
69.41,3,2,64.3300018310547,0,69.4199999999986
69.42,3,2,64.3399963378906,0,69.4299999999986
69.43,3,2,64.3499984741211,0,69.4399999999986
69.44,3,2,64.3600006103516,0,69.4499999999986
69.45,3,2,64.370002746582,0,69.4599999999986
69.46,3,2,64.379997253418,0,69.4699999999986
69.47,3,2,64.3899993896484,0,69.4799999999986
69.48,3,2,64.4000015258789,0,69.4899999999986
69.49,3,2,64.4100036621094,0,69.4999999999986
69.5,3,2,64.4199981689453,0,69.5099999999987
69.51,3,2,64.4300003051758,0,69.5199999999987
69.52,3,2,64.4400024414062,0,69.5299999999987
69.53,3,2,64.4499969482422,0,69.5399999999987
69.54,3,2,64.4599990844727,0,69.5499999999987
69.55,3,2,64.4700012207031,0,69.5599999999987
69.56,3,2,64.4800033569336,0,69.5699999999987
69.57,3,2,64.4899978637695,0,69.5799999999987
69.58,3,2,64.5,0,69.5899999999987
69.59,3,2,64.5100021362305,0,69.5999999999987
69.6,3,2,64.5199966430664,0,69.6099999999987
69.61,3,2,64.5299987792969,0,69.6199999999987
69.62,3,2,64.5400009155273,0,69.6299999999987
69.63,3,2,64.5500030517578,0,69.6399999999987
69.64,3,2,64.5599975585938,0,69.6499999999987
69.65,3,2,64.5699996948242,0,69.6599999999987
69.66,3,2,64.5800018310547,0,69.6699999999987
69.67,3,2,64.5899963378906,0,69.6799999999987
69.68,3,2,64.5999984741211,0,69.6899999999987
69.69,3,2,64.6100006103516,0,69.6999999999988
69.7,3,2,64.620002746582,0,69.7099999999988
69.71,3,2,64.629997253418,0,69.7199999999988
69.72,3,2,64.6399993896484,0,69.7299999999988
69.73,3,2,64.6500015258789,0,69.7399999999988
69.74,3,2,64.6600036621094,0,69.7499999999988
69.75,3,2,64.6699981689453,0,69.7599999999988
69.76,3,2,64.6800003051758,0,69.7699999999988
69.77,3,2,64.6900024414062,0,69.7799999999988
69.78,3,2,64.6999969482422,0,69.7899999999988
69.79,3,2,64.7099990844727,0,69.7999999999988
69.8,3,2,64.7200012207031,0,69.8099999999988
69.81,3,2,64.7300033569336,0,69.8199999999988
69.82,3,2,64.7399978637695,0,69.8299999999988
69.83,3,2,64.75,0,69.8399999999988
69.84,3,2,64.7600021362305,0,69.8499999999988
69.85,3,2,64.7699966430664,0,69.8599999999988
69.86,3,2,64.7799987792969,0,69.8699999999988
69.87,3,2,64.7900009155273,0,69.8799999999988
69.88,3,2,64.8000030517578,0,69.8899999999988
69.89,3,2,64.8099975585938,0,69.8999999999989
69.9,3,2,64.8199996948242,0,69.9099999999989
69.91,3,2,64.8300018310547,0,69.9199999999989
69.92,3,2,64.8399963378906,0,69.9299999999989
69.93,3,2,64.8499984741211,0,69.9399999999989
69.94,3,2,64.8600006103516,0,69.9499999999989
69.95,3,2,64.870002746582,0,69.9599999999989
69.96,3,2,64.879997253418,0,69.9699999999989
69.97,3,2,64.8899993896484,0,69.9799999999989
69.98,3,2,64.9000015258789,0,69.9899999999989
69.99,3,2,64.9100036621094,0,69.9999999999989
70,3,2,64.9199981689453,0,70.0099999999989
70.01,3,2,64.9300003051758,0,70.0199999999989
70.02,3,2,64.9400024414062,0,70.0299999999989
70.03,3,2,64.9499969482422,0,70.0399999999989
70.04,3,2,64.9599990844727,0,70.0499999999989
70.05,3,2,64.9700012207031,0,70.0599999999989
70.06,3,2,64.9800033569336,0,70.0699999999989
70.07,3,2,64.9899978637695,0,70.0799999999989
70.08,3,2,65,0,70.089999999999
70.09,3,2,65.0100021362305,0,70.099999999999
70.1,3,2,65.0199966430664,0,70.109999999999
70.11,3,2,65.0299987792969,0,70.119999999999
70.12,3,2,65.0400009155273,0,70.129999999999
70.13,3,2,65.0500030517578,0,70.139999999999
70.14,3,2,65.0599975585938,0,70.149999999999
70.15,3,2,65.0699996948242,0,70.159999999999
70.16,3,2,65.0800018310547,0,70.169999999999
70.17,3,2,65.0899963378906,0,70.179999999999
70.18,3,2,65.0999984741211,0,70.189999999999
70.19,3,2,65.1100006103516,0,70.199999999999
70.2,3,2,65.120002746582,0,70.209999999999
70.21,3,2,65.129997253418,0,70.219999999999
70.22,3,2,65.1399993896484,0,70.229999999999
70.23,3,2,65.1500015258789,0,70.239999999999
70.24,3,2,65.1600036621094,0,70.249999999999
70.25,3,2,65.1699981689453,0,70.259999999999
70.26,3,2,65.1800003051758,0,70.269999999999
70.27,3,2,65.1900024414062,0,70.279999999999
70.28,3,2,65.1999969482422,0,70.2899999999991
70.29,3,2,65.2099990844727,0,70.2999999999991
70.3,3,2,65.2200012207031,0,70.3099999999991
70.31,3,2,65.2300033569336,0,70.3199999999991
70.32,3,2,65.2399978637695,0,70.3299999999991
70.33,3,2,65.25,0,70.3399999999991
70.34,3,2,65.2600021362305,0,70.3499999999991
70.35,3,2,65.2699966430664,0,70.3599999999991
70.36,3,2,65.2799987792969,0,70.3699999999991
70.37,3,2,65.2900009155273,0,70.3799999999991
70.38,3,2,65.3000030517578,0,70.3899999999991
70.39,3,2,65.3099975585938,0,70.3999999999991
70.4,3,2,65.3199996948242,0,70.4099999999991
70.41,3,2,65.3300018310547,0,70.4199999999991
70.42,3,2,65.3399963378906,0,70.4299999999991
70.43,3,2,65.3499984741211,0,70.4399999999991
70.44,3,2,65.3600006103516,0,70.4499999999991
70.45,3,2,65.370002746582,0,70.4599999999991
70.46,3,2,65.379997253418,0,70.4699999999991
70.47,3,2,65.3899993896484,0,70.4799999999992
70.48,3,2,65.4000015258789,0,70.4899999999992
70.49,3,2,65.4100036621094,0,70.4999999999992
70.5,3,2,65.4199981689453,0,70.5099999999992
70.51,3,2,65.4300003051758,0,70.5199999999992
70.52,3,2,65.4400024414062,0,70.5299999999992
70.53,3,2,65.4499969482422,0,70.5399999999992
70.54,3,2,65.4599990844727,0,70.5499999999992
70.55,3,2,65.4700012207031,0,70.5599999999992
70.56,3,2,65.4800033569336,0,70.5699999999992
70.57,3,2,65.4899978637695,0,70.5799999999992
70.58,3,2,65.5,0,70.5899999999992
70.59,3,2,65.5100021362305,0,70.5999999999992
70.6,3,2,65.5199966430664,0,70.6099999999992
70.61,3,2,65.5299987792969,0,70.6199999999992
70.62,3,2,65.5400009155273,0,70.6299999999992
70.63,3,2,65.5500030517578,0,70.6399999999992
70.64,3,2,65.5599975585938,0,70.6499999999992
70.65,3,2,65.5699996948242,0,70.6599999999992
70.66,3,2,65.5800018310547,0,70.6699999999992
70.67,3,2,65.5899963378906,0,70.6799999999993
70.68,3,2,65.5999984741211,0,70.6899999999993
70.69,3,2,65.6100006103516,0,70.6999999999993
70.7,3,2,65.620002746582,0,70.7099999999993
70.71,3,2,65.629997253418,0,70.7199999999993
70.72,3,2,65.6399993896484,0,70.7299999999993
70.73,3,2,65.6500015258789,0,70.7399999999993
70.74,3,2,65.6600036621094,0,70.7499999999993
70.75,3,2,65.6699981689453,0,70.7599999999993
70.76,3,2,65.6800003051758,0,70.7699999999993
70.77,3,2,65.6900024414062,0,70.7799999999993
70.78,3,2,65.6999969482422,0,70.7899999999993
70.79,3,2,65.7099990844727,0,70.7999999999993
70.8,3,2,65.7200012207031,0,70.8099999999993
70.81,3,2,65.7300033569336,0,70.8199999999993
70.82,3,2,65.7399978637695,0,70.8299999999993
70.83,3,2,65.75,0,70.8399999999993
70.84,3,2,65.7600021362305,0,70.8499999999993
70.85,3,2,65.7699966430664,0,70.8599999999993
70.86,3,2,65.7799987792969,0,70.8699999999994
70.87,3,2,65.7900009155273,0,70.8799999999994
70.88,3,2,65.8000030517578,0,70.8899999999994
70.89,3,2,65.8099975585938,0,70.8999999999994
70.9,3,2,65.8199996948242,0,70.9099999999994
70.91,3,2,65.8300018310547,0,70.9199999999994
70.92,3,2,65.8399963378906,0,70.9299999999994
70.93,3,2,65.8499984741211,0,70.9399999999994
70.94,3,2,65.8600006103516,0,70.9499999999994
70.95,3,2,65.870002746582,0,70.9599999999994
70.96,3,2,65.879997253418,0,70.9699999999994
70.97,3,2,65.8899993896484,0,70.9799999999994
70.98,3,2,65.9000015258789,0,70.9899999999994
70.99,3,2,65.9100036621094,0,70.9999999999994
71,3,2,65.9199981689453,0,71.0099999999994
71.01,3,2,65.9300003051758,0,71.0199999999994
71.02,3,2,65.9400024414062,0,71.0299999999994
71.03,3,2,65.9499969482422,0,71.0399999999994
71.04,3,2,65.9599990844727,0,71.0499999999994
71.05,3,2,65.9700012207031,0,71.0599999999994
71.06,3,2,65.9800033569336,0,71.0699999999995
71.07,3,2,65.9899978637695,0,71.0799999999995
71.08,3,2,66,0,71.0899999999995
71.09,3,2,66.0100021362305,0,71.0999999999995
71.1,3,2,66.0199966430664,0,71.1099999999995
71.11,3,2,66.0299987792969,0,71.1199999999995
71.12,3,2,66.0400009155273,0,71.1299999999995
71.13,3,2,66.0500030517578,0,71.1399999999995
71.14,3,2,66.0599975585938,0,71.1499999999995
71.15,3,2,66.0699996948242,0,71.1599999999995
71.16,3,2,66.0800018310547,0,71.1699999999995
71.17,3,2,66.0899963378906,0,71.1799999999995
71.18,3,2,66.0999984741211,0,71.1899999999995
71.19,3,2,66.1100006103516,0,71.1999999999995
71.2,3,2,66.120002746582,0,71.2099999999995
71.21,3,2,66.129997253418,0,71.2199999999995
71.22,3,2,66.1399993896484,0,71.2299999999995
71.23,3,2,66.1500015258789,0,71.2399999999995
71.24,3,2,66.1600036621094,0,71.2499999999995
71.25,3,2,66.1699981689453,0,71.2599999999996
71.26,3,2,66.1800003051758,0,71.2699999999996
71.27,3,2,66.1900024414062,0,71.2799999999996
71.28,3,2,66.1999969482422,0,71.2899999999996
71.29,3,2,66.2099990844727,0,71.2999999999996
71.3,3,2,66.2200012207031,0,71.3099999999996
71.31,3,2,66.2300033569336,0,71.3199999999996
71.32,3,2,66.2399978637695,0,71.3299999999996
71.33,3,2,66.25,0,71.3399999999996
71.34,3,2,66.2600021362305,0,71.3499999999996
71.35,3,2,66.2699966430664,0,71.3599999999996
71.36,3,2,66.2799987792969,0,71.3699999999996
71.37,3,2,66.2900009155273,0,71.3799999999996
71.38,3,2,66.3000030517578,0,71.3899999999996
71.39,3,2,66.3099975585938,0,71.3999999999996
71.4,3,2,66.3199996948242,0,71.4099999999996
71.41,3,2,66.3300018310547,0,71.4199999999996
71.42,3,2,66.3399963378906,0,71.4299999999996
71.43,3,2,66.3499984741211,0,71.4399999999996
71.44,3,2,66.3600006103516,0,71.4499999999996
71.45,3,2,66.370002746582,0,71.4599999999997
71.46,3,2,66.379997253418,0,71.4699999999997
71.47,3,2,66.3899993896484,0,71.4799999999997
71.48,3,2,66.4000015258789,0,71.4899999999997
71.49,3,2,66.4100036621094,0,71.4999999999997
71.5,3,2,66.4199981689453,0,71.5099999999997
71.51,3,2,66.4300003051758,0,71.5199999999997
71.52,3,2,66.4400024414062,0,71.5299999999997
71.53,3,2,66.4499969482422,0,71.5399999999997
71.54,3,2,66.4599990844727,0,71.5499999999997
71.55,3,2,66.4700012207031,0,71.5599999999997
71.56,3,2,66.4800033569336,0,71.5699999999997
71.57,3,2,66.4899978637695,0,71.5799999999997
71.58,3,2,66.5,0,71.5899999999997
71.59,3,2,66.5100021362305,0,71.5999999999997
71.6,3,2,66.5199966430664,0,71.6099999999997
71.61,3,2,66.5299987792969,0,71.6199999999997
71.62,3,2,66.5400009155273,0,71.6299999999997
71.63,3,2,66.5500030517578,0,71.6399999999997
71.64,3,2,66.5599975585938,0,71.6499999999997
71.65,3,2,66.5699996948242,0,71.6599999999998
71.66,3,2,66.5800018310547,0,71.6699999999998
71.67,3,2,66.5899963378906,0,71.6799999999998
71.68,3,2,66.5999984741211,0,71.6899999999998
71.69,3,2,66.6100006103516,0,71.6999999999998
71.7,3,2,66.620002746582,0,71.7099999999998
71.71,3,2,66.629997253418,0,71.7199999999998
71.72,3,2,66.6399993896484,0,71.7299999999998
71.73,3,2,66.6500015258789,0,71.7399999999998
71.74,3,2,66.6600036621094,0,71.7499999999998
71.75,3,2,66.6699981689453,0,71.7599999999998
71.76,3,2,66.6800003051758,0,71.7699999999998
71.77,3,2,66.6900024414062,0,71.7799999999998
71.78,3,2,66.6999969482422,0,71.7899999999998
71.79,3,2,66.7099990844727,0,71.7999999999998
71.8,3,2,66.7200012207031,0,71.8099999999998
71.81,3,2,66.7300033569336,0,71.8199999999998
71.82,3,2,66.7399978637695,0,71.8299999999998
71.83,3,2,66.75,0,71.8399999999998
71.84,3,2,66.7600021362305,0,71.8499999999999
71.85,3,2,66.7699966430664,0,71.8599999999999
71.86,3,2,66.7799987792969,0,71.8699999999999
71.87,3,2,66.7900009155273,0,71.8799999999999
71.88,3,2,66.8000030517578,0,71.8899999999999
71.89,3,2,66.8099975585938,0,71.8999999999999
71.9,3,2,66.8199996948242,0,71.9099999999999
71.91,3,2,66.8300018310547,0,71.9199999999999
71.92,3,2,66.8399963378906,0,71.9299999999999
71.93,3,2,66.8499984741211,0,71.9399999999999
71.94,3,2,66.8600006103516,0,71.9499999999999
71.95,3,2,66.870002746582,0,71.9599999999999
71.96,3,2,66.879997253418,0,71.9699999999999
71.97,3,2,66.8899993896484,0,71.9799999999999
71.98,3,2,66.9000015258789,0,71.9899999999999
71.99,3,2,66.9100036621094,0,71.9999999999999
72,3,2,66.9199981689453,0,72.0099999999999
72.01,3,2,66.9300003051758,0,72.0199999999999
72.02,3,2,66.9400024414062,0,72.0299999999999
72.03,3,2,66.9499969482422,0,72.0399999999999
72.04,3,2,66.9599990844727,0,72.05
72.05,3,2,66.9700012207031,0,72.06
72.06,3,2,66.9800033569336,0,72.07
72.07,3,2,66.9899978637695,0,72.08
72.08,3,2,67,0,72.09
72.09,3,2,67.0100021362305,0,72.1
72.1,3,2,67.0199966430664,0,72.11
72.11,3,2,67.0299987792969,0,72.12
72.12,3,2,67.0400009155273,0,72.13
72.13,3,2,67.0500030517578,0,72.14
72.14,3,2,67.0599975585938,0,72.15
72.15,3,2,67.0699996948242,0,72.16
72.16,3,2,67.0800018310547,0,72.17
72.17,3,2,67.0899963378906,0,72.18
72.18,3,2,67.0999984741211,0,72.19
72.19,3,2,67.1100006103516,0,72.2
72.2,3,2,67.120002746582,0,72.21
72.21,3,2,67.129997253418,0,72.22
72.22,3,2,67.1399993896484,0,72.23
72.23,3,2,67.1500015258789,0,72.2400000000001
72.24,3,2,67.1600036621094,0,72.2500000000001
72.25,3,2,67.1699981689453,0,72.2600000000001
72.26,3,2,67.1800003051758,0,72.2700000000001
72.27,3,2,67.1900024414062,0,72.2800000000001
72.28,3,2,67.1999969482422,0,72.2900000000001
72.29,3,2,67.2099990844727,0,72.3000000000001
72.3,3,2,67.2200012207031,0,72.3100000000001
72.31,3,2,67.2300033569336,0,72.3200000000001
72.32,3,2,67.2399978637695,0,72.3300000000001
72.33,3,2,67.25,0,72.3400000000001
72.34,3,2,67.2600021362305,0,72.3500000000001
72.35,3,2,67.2699966430664,0,72.3600000000001
72.36,3,2,67.2799987792969,0,72.3700000000001
72.37,3,2,67.2900009155273,0,72.3800000000001
72.38,3,2,67.3000030517578,0,72.3900000000001
72.39,3,2,67.3099975585938,0,72.4000000000001
72.4,3,2,67.3199996948242,0,72.4100000000001
72.41,3,2,67.3300018310547,0,72.4200000000001
72.42,3,2,67.3399963378906,0,72.4300000000001
72.43,3,2,67.3499984741211,0,72.4400000000002
72.44,3,2,67.3600006103516,0,72.4500000000002
72.45,3,2,67.370002746582,0,72.4600000000002
72.46,3,2,67.379997253418,0,72.4700000000002
72.47,3,2,67.3899993896484,0,72.4800000000002
72.48,3,2,67.4000015258789,0,72.4900000000002
72.49,3,2,67.4100036621094,0,72.5000000000002
72.5,3,2,67.4199981689453,0,72.5100000000002
72.51,3,2,67.4300003051758,0,72.5200000000002
72.52,3,2,67.4400024414062,0,72.5300000000002
72.53,3,2,67.4499969482422,0,72.5400000000002
72.54,3,2,67.4599990844727,0,72.5500000000002
72.55,3,2,67.4700012207031,0,72.5600000000002
72.56,3,2,67.4800033569336,0,72.5700000000002
72.57,3,2,67.4899978637695,0,72.5800000000002
72.58,3,2,67.5,0,72.5900000000002
72.59,3,2,67.5100021362305,0,72.6000000000002
72.6,3,2,67.5199966430664,0,72.6100000000002
72.61,3,2,67.5299987792969,0,72.6200000000002
72.62,3,2,67.5400009155273,0,72.6300000000003
72.63,3,2,67.5500030517578,0,72.6400000000003
72.64,3,2,67.5599975585938,0,72.6500000000003
72.65,3,2,67.5699996948242,0,72.6600000000003
72.66,3,2,67.5800018310547,0,72.6700000000003
72.67,3,2,67.5899963378906,0,72.6800000000003
72.68,3,2,67.5999984741211,0,72.6900000000003
72.69,3,2,67.6100006103516,0,72.7000000000003
72.7,3,2,67.620002746582,0,72.7100000000003
72.71,3,2,67.629997253418,0,72.7200000000003
72.72,3,2,67.6399993896484,0,72.7300000000003
72.73,3,2,67.6500015258789,0,72.7400000000003
72.74,3,2,67.6600036621094,0,72.7500000000003
72.75,3,2,67.6699981689453,0,72.7600000000003
72.76,3,2,67.6800003051758,0,72.7700000000003
72.77,3,2,67.6900024414062,0,72.7800000000003
72.78,3,2,67.6999969482422,0,72.7900000000003
72.79,3,2,67.7099990844727,0,72.8000000000003
72.8,3,2,67.7200012207031,0,72.8100000000003
72.81,3,2,67.7300033569336,0,72.8200000000003
72.82,3,2,67.7399978637695,0,72.8300000000004
72.83,3,2,67.75,0,72.8400000000004
72.84,3,2,67.7600021362305,0,72.8500000000004
72.85,3,2,67.7699966430664,0,72.8600000000004
72.86,3,2,67.7799987792969,0,72.8700000000004
72.87,3,2,67.7900009155273,0,72.8800000000004
72.88,3,2,67.8000030517578,0,72.8900000000004
72.89,3,2,67.8099975585938,0,72.9000000000004
72.9,3,2,67.8199996948242,0,72.9100000000004
72.91,3,2,67.8300018310547,0,72.9200000000004
72.92,3,2,67.8399963378906,0,72.9300000000004
72.93,3,2,67.8499984741211,0,72.9400000000004
72.94,3,2,67.8600006103516,0,72.9500000000004
72.95,3,2,67.870002746582,0,72.9600000000004
72.96,3,2,67.879997253418,0,72.9700000000004
72.97,3,2,67.8899993896484,0,72.9800000000004
72.98,3,2,67.9000015258789,0,72.9900000000004
72.99,3,2,67.9100036621094,0,73.0000000000004
73,3,2,67.9199981689453,0,73.0100000000004
73.01,3,2,67.9300003051758,0,73.0200000000005
73.02,3,2,67.9400024414062,0,73.0300000000005
73.03,3,2,67.9499969482422,0,73.0400000000005
73.04,3,2,67.9599990844727,0,73.0500000000005
73.05,3,2,67.9700012207031,0,73.0600000000005
73.06,3,2,67.9800033569336,0,73.0700000000005
73.07,3,2,67.9899978637695,0,73.0800000000005
73.08,3,2,68,0,73.0900000000005
73.09,3,2,68.0100021362305,0,73.1000000000005
73.1,3,2,68.0199966430664,0,73.1100000000005
73.11,3,2,68.0299987792969,0,73.1200000000005
73.12,3,2,68.0400009155273,0,73.1300000000005
73.13,3,2,68.0500030517578,0,73.1400000000005
73.14,3,2,68.0599975585938,0,73.1500000000005
73.15,3,2,68.0699996948242,0,73.1600000000005
73.16,3,2,68.0800018310547,0,73.1700000000005
73.17,3,2,68.0899963378906,0,73.1800000000005
73.18,3,2,68.0999984741211,0,73.1900000000005
73.19,3,2,68.1100006103516,0,73.2000000000005
73.2,3,2,68.120002746582,0,73.2100000000005
73.21,3,2,68.129997253418,0,73.2200000000006
73.22,3,2,68.1399993896484,0,73.2300000000006
73.23,3,2,68.1500015258789,0,73.2400000000006
73.24,3,2,68.1600036621094,0,73.2500000000006
73.25,3,2,68.1699981689453,0,73.2600000000006
73.26,3,2,68.1800003051758,0,73.2700000000006
73.27,3,2,68.1900024414062,0,73.2800000000006
73.28,3,2,68.1999969482422,0,73.2900000000006
73.29,3,2,68.2099990844727,0,73.3000000000006
73.3,3,2,68.2200012207031,0,73.3100000000006
73.31,3,2,68.2300033569336,0,73.3200000000006
73.32,3,2,68.2399978637695,0,73.3300000000006
73.33,3,2,68.25,0,73.3400000000006
73.34,3,2,68.2600021362305,0,73.3500000000006
73.35,3,2,68.2699966430664,0,73.3600000000006
73.36,3,2,68.2799987792969,0,73.3700000000006
73.37,3,2,68.2900009155273,0,73.3800000000006
73.38,3,2,68.3000030517578,0,73.3900000000006
73.39,3,2,68.3099975585938,0,73.4000000000006
73.4,3,2,68.3199996948242,0,73.4100000000007
73.41,3,2,68.3300018310547,0,73.4200000000007
73.42,3,2,68.3399963378906,0,73.4300000000007
73.43,3,2,68.3499984741211,0,73.4400000000007
73.44,3,2,68.3600006103516,0,73.4500000000007
73.45,3,2,68.370002746582,0,73.4600000000007
73.46,3,2,68.379997253418,0,73.4700000000007
73.47,3,2,68.3899993896484,0,73.4800000000007
73.48,3,2,68.4000015258789,0,73.4900000000007
73.49,3,2,68.4100036621094,0,73.5000000000007
73.5,3,2,68.4199981689453,0,73.5100000000007
73.51,3,2,68.4300003051758,0,73.5200000000007
73.52,3,2,68.4400024414062,0,73.5300000000007
73.53,3,2,68.4499969482422,0,73.5400000000007
73.54,3,2,68.4599990844727,0,73.5500000000007
73.55,3,2,68.4700012207031,0,73.5600000000007
73.56,3,2,68.4800033569336,0,73.5700000000007
73.57,3,2,68.4899978637695,0,73.5800000000007
73.58,3,2,68.5,0,73.5900000000007
73.59,3,2,68.5100021362305,0,73.6000000000007
73.6,3,2,68.5199966430664,0,73.6100000000008
73.61,3,2,68.5299987792969,0,73.6200000000008
73.62,3,2,68.5400009155273,0,73.6300000000008
73.63,3,2,68.5500030517578,0,73.6400000000008
73.64,3,2,68.5599975585938,0,73.6500000000008
73.65,3,2,68.5699996948242,0,73.6600000000008
73.66,3,2,68.5800018310547,0,73.6700000000008
73.67,3,2,68.5899963378906,0,73.6800000000008
73.68,3,2,68.5999984741211,0,73.6900000000008
73.69,3,2,68.6100006103516,0,73.7000000000008
73.7,3,2,68.620002746582,0,73.7100000000008
73.71,3,2,68.629997253418,0,73.7200000000008
73.72,3,2,68.6399993896484,0,73.7300000000008
73.73,3,2,68.6500015258789,0,73.7400000000008
73.74,3,2,68.6600036621094,0,73.7500000000008
73.75,3,2,68.6699981689453,0,73.7600000000008
73.76,3,2,68.6800003051758,0,73.7700000000008
73.77,3,2,68.6900024414062,0,73.7800000000008
73.78,3,2,68.6999969482422,0,73.7900000000008
73.79,3,2,68.7099990844727,0,73.8000000000008
73.8,3,2,68.7200012207031,0,73.8100000000009
73.81,3,2,68.7300033569336,0,73.8200000000009
73.82,3,2,68.7399978637695,0,73.8300000000009
73.83,3,2,68.75,0,73.8400000000009
73.84,3,2,68.7600021362305,0,73.8500000000009
73.85,3,2,68.7699966430664,0,73.8600000000009
73.86,3,2,68.7799987792969,0,73.8700000000009
73.87,3,2,68.7900009155273,0,73.8800000000009
73.88,3,2,68.8000030517578,0,73.8900000000009
73.89,3,2,68.8099975585938,0,73.9000000000009
73.9,3,2,68.8199996948242,0,73.9100000000009
73.91,3,2,68.8300018310547,0,73.9200000000009
73.92,3,2,68.8399963378906,0,73.9300000000009
73.93,3,2,68.8499984741211,0,73.9400000000009
73.94,3,2,68.8600006103516,0,73.9500000000009
73.95,3,2,68.870002746582,0,73.9600000000009
73.96,3,2,68.879997253418,0,73.9700000000009
73.97,3,2,68.8899993896484,0,73.9800000000009
73.98,3,2,68.9000015258789,0,73.9900000000009
73.99,3,2,68.9100036621094,0,74.000000000001
74,3,2,68.9199981689453,0,74.010000000001
74.01,3,2,68.9300003051758,0,74.020000000001
74.02,3,2,68.9400024414062,0,74.030000000001
74.03,3,2,68.9499969482422,0,74.040000000001
74.04,3,2,68.9599990844727,0,74.050000000001
74.05,3,2,68.9700012207031,0,74.060000000001
74.06,3,2,68.9800033569336,0,74.070000000001
74.07,3,2,68.9899978637695,0,74.080000000001
74.08,3,2,69,0,74.090000000001
74.09,3,2,69.0100021362305,0,74.100000000001
74.1,3,2,69.0199966430664,0,74.110000000001
74.11,3,2,69.0299987792969,0,74.120000000001
74.12,3,2,69.0400009155273,0,74.130000000001
74.13,3,2,69.0500030517578,0,74.140000000001
74.14,3,2,69.0599975585938,0,74.150000000001
74.15,3,2,69.0699996948242,0,74.160000000001
74.16,3,2,69.0800018310547,0,74.170000000001
74.17,3,2,69.0899963378906,0,74.180000000001
74.18,3,2,69.0999984741211,0,74.190000000001
74.19,3,2,69.1100006103516,0,74.2000000000011
74.2,3,2,69.120002746582,0,74.2100000000011
74.21,3,2,69.129997253418,0,74.2200000000011
74.22,3,2,69.1399993896484,0,74.2300000000011
74.23,3,2,69.1500015258789,0,74.2400000000011
74.24,3,2,69.1600036621094,0,74.2500000000011
74.25,3,2,69.1699981689453,0,74.2600000000011
74.26,3,2,69.1800003051758,0,74.2700000000011
74.27,3,2,69.1900024414062,0,74.2800000000011
74.28,3,2,69.1999969482422,0,74.2900000000011
74.29,3,2,69.2099990844727,0,74.3000000000011
74.3,3,2,69.2200012207031,0,74.3100000000011
74.31,3,2,69.2300033569336,0,74.3200000000011
74.32,3,2,69.2399978637695,0,74.3300000000011
74.33,3,2,69.25,0,74.3400000000011
74.34,3,2,69.2600021362305,0,74.3500000000011
74.35,3,2,69.2699966430664,0,74.3600000000011
74.36,3,2,69.2799987792969,0,74.3700000000011
74.37,3,2,69.2900009155273,0,74.3800000000011
74.38,3,2,69.3000030517578,0,74.3900000000012
74.39,3,2,69.3099975585938,0,74.4000000000012
74.4,3,2,69.3199996948242,0,74.4100000000012
74.41,3,2,69.3300018310547,0,74.4200000000012
74.42,3,2,69.3399963378906,0,74.4300000000012
74.43,3,2,69.3499984741211,0,74.4400000000012
74.44,3,2,69.3600006103516,0,74.4500000000012
74.45,3,2,69.370002746582,0,74.4600000000012
74.46,3,2,69.379997253418,0,74.4700000000012
74.47,3,2,69.3899993896484,0,74.4800000000012
74.48,3,2,69.4000015258789,0,74.4900000000012
74.49,3,2,69.4100036621094,0,74.5000000000012
74.5,3,2,69.4199981689453,0,74.5100000000012
74.51,3,2,69.4300003051758,0,74.5200000000012
74.52,3,2,69.4400024414062,0,74.5300000000012
74.53,3,2,69.4499969482422,0,74.5400000000012
74.54,3,2,69.4599990844727,0,74.5500000000012
74.55,3,2,69.4700012207031,0,74.5600000000012
74.56,3,2,69.4800033569336,0,74.5700000000012
74.57,3,2,69.4899978637695,0,74.5800000000012
74.58,3,2,69.5,0,74.5900000000013
74.59,3,2,69.5100021362305,0,74.6000000000013
74.6,3,2,69.5199966430664,0,74.6100000000013
74.61,3,2,69.5299987792969,0,74.6200000000013
74.62,3,2,69.5400009155273,0,74.6300000000013
74.63,3,2,69.5500030517578,0,74.6400000000013
74.64,3,2,69.5599975585938,0,74.6500000000013
74.65,3,2,69.5699996948242,0,74.6600000000013
74.66,3,2,69.5800018310547,0,74.6700000000013
74.67,3,2,69.5899963378906,0,74.6800000000013
74.68,3,2,69.5999984741211,0,74.6900000000013
74.69,3,2,69.6100006103516,0,74.7000000000013
74.7,3,2,69.620002746582,0,74.7100000000013
74.71,3,2,69.629997253418,0,74.7200000000013
74.72,3,2,69.6399993896484,0,74.7300000000013
74.73,3,2,69.6500015258789,0,74.7400000000013
74.74,3,2,69.6600036621094,0,74.7500000000013
74.75,3,2,69.6699981689453,0,74.7600000000013
74.76,3,2,69.6800003051758,0,74.7700000000013
74.77,3,2,69.6900024414062,0,74.7800000000014
74.78,3,2,69.6999969482422,0,74.7900000000014
74.79,3,2,69.7099990844727,0,74.8000000000014
74.8,3,2,69.7200012207031,0,74.8100000000014
74.81,3,2,69.7300033569336,0,74.8200000000014
74.82,3,2,69.7399978637695,0,74.8300000000014
74.83,3,2,69.75,0,74.8400000000014
74.84,3,2,69.7600021362305,0,74.8500000000014
74.85,3,2,69.7699966430664,0,74.8600000000014
74.86,3,2,69.7799987792969,0,74.8700000000014
74.87,3,2,69.7900009155273,0,74.8800000000014
74.88,3,2,69.8000030517578,0,74.8900000000014
74.89,3,2,69.8099975585938,0,74.9000000000014
74.9,3,2,69.8199996948242,0,74.9100000000014
74.91,3,2,69.8300018310547,0,74.9200000000014
74.92,3,2,69.8399963378906,0,74.9300000000014
74.93,3,2,69.8499984741211,0,74.9400000000014
74.94,3,2,69.8600006103516,0,74.9500000000014
74.95,3,2,69.870002746582,0,74.9600000000014
74.96,3,2,69.879997253418,0,74.9700000000014
74.97,3,2,69.8899993896484,0,74.9800000000015
74.98,3,2,69.9000015258789,0,74.9900000000015
74.99,3,2,69.9100036621094,0,75.0000000000015
75,3,2,69.9199981689453,0,75.0100000000015
75.01,3,2,69.9300003051758,0,75.0200000000015
75.02,3,2,69.9400024414062,0,75.0300000000015
75.03,3,2,69.9499969482422,0,75.0400000000015
75.04,3,2,69.9599990844727,0,75.0500000000015
75.05,3,2,69.9700012207031,0,75.0600000000015
75.06,3,2,69.9800033569336,0,75.0700000000015
75.07,3,2,69.9899978637695,0,75.0800000000015
75.08,3,2,70,0,75.0900000000015
75.09,3,2,70.0100021362305,0,75.1000000000015
75.1,3,2,70.0199966430664,0,75.1100000000015
75.11,3,2,70.0299987792969,0,75.1200000000015
75.12,3,2,70.0400009155273,0,75.1300000000015
75.13,3,2,70.0500030517578,0,75.1400000000015
75.14,3,2,70.0599975585938,0,75.1500000000015
75.15,3,2,70.0699996948242,0,75.1600000000015
75.16,3,2,70.0800018310547,0,75.1700000000016
75.17,3,2,70.0899963378906,0,75.1800000000016
75.18,3,2,70.0999984741211,0,75.1900000000016
75.19,3,2,70.1100006103516,0,75.2000000000016
75.2,3,2,70.120002746582,0,75.2100000000016
75.21,3,2,70.129997253418,0,75.2200000000016
75.22,3,2,70.1399993896484,0,75.2300000000016
75.23,3,2,70.1500015258789,0,75.2400000000016
75.24,3,2,70.1600036621094,0,75.2500000000016
75.25,3,2,70.1699981689453,0,75.2600000000016
75.26,3,2,70.1800003051758,0,75.2700000000016
75.27,3,2,70.1900024414062,0,75.2800000000016
75.28,3,2,70.1999969482422,0,75.2900000000016
75.29,3,2,70.2099990844727,0,75.3000000000016
75.3,3,2,70.2200012207031,0,75.3100000000016
75.31,3,2,70.2300033569336,0,75.3200000000016
75.32,3,2,70.2399978637695,0,75.3300000000016
75.33,3,2,70.25,0,75.3400000000016
75.34,3,2,70.2600021362305,0,75.3500000000016
75.35,3,2,70.2699966430664,0,75.3600000000016
75.36,3,2,70.2799987792969,0,75.3700000000017
75.37,3,2,70.2900009155273,0,75.3800000000017
75.38,3,2,70.3000030517578,0,75.3900000000017
75.39,3,2,70.3099975585938,0,75.4000000000017
75.4,3,2,70.3199996948242,0,75.4100000000017
75.41,3,2,70.3300018310547,0,75.4200000000017
75.42,3,2,70.3399963378906,0,75.4300000000017
75.43,3,2,70.3499984741211,0,75.4400000000017
75.44,3,2,70.3600006103516,0,75.4500000000017
75.45,3,2,70.370002746582,0,75.4600000000017
75.46,3,2,70.379997253418,0,75.4700000000017
75.47,3,2,70.3899993896484,0,75.4800000000017
75.48,3,2,70.4000015258789,0,75.4900000000017
75.49,3,2,70.4100036621094,0,75.5000000000017
75.5,3,2,70.4199981689453,0,75.5100000000017
75.51,3,2,70.4300003051758,0,75.5200000000017
75.52,3,2,70.4400024414062,0,75.5300000000017
75.53,3,2,70.4499969482422,0,75.5400000000017
75.54,3,2,70.4599990844727,0,75.5500000000017
75.55,3,2,70.4700012207031,0,75.5600000000018
75.56,3,2,70.4800033569336,0,75.5700000000018
75.57,3,2,70.4899978637695,0,75.5800000000018
75.58,3,2,70.5,0,75.5900000000018
75.59,3,2,70.5100021362305,0,75.6000000000018
75.6,3,2,70.5199966430664,0,75.6100000000018
75.61,3,2,70.5299987792969,0,75.6200000000018
75.62,3,2,70.5400009155273,0,75.6300000000018
75.63,3,2,70.5500030517578,0,75.6400000000018
75.64,3,2,70.5599975585938,0,75.6500000000018
75.65,3,2,70.5699996948242,0,75.6600000000018
75.66,3,2,70.5800018310547,0,75.6700000000018
75.67,3,2,70.5899963378906,0,75.6800000000018
75.68,3,2,70.5999984741211,0,75.6900000000018
75.69,3,2,70.6100006103516,0,75.7000000000018
75.7,3,2,70.620002746582,0,75.7100000000018
75.71,3,2,70.629997253418,0,75.7200000000018
75.72,3,2,70.6399993896484,0,75.7300000000018
75.73,3,2,70.6500015258789,0,75.7400000000018
75.74,3,2,70.6600036621094,0,75.7500000000018
75.75,3,2,70.6699981689453,0,75.7600000000019
75.76,3,2,70.6800003051758,0,75.7700000000019
75.77,3,2,70.6900024414062,0,75.7800000000019
75.78,3,2,70.6999969482422,0,75.7900000000019
75.79,3,2,70.7099990844727,0,75.8000000000019
75.8,3,2,70.7200012207031,0,75.8100000000019
75.81,3,2,70.7300033569336,0,75.8200000000019
75.82,3,2,70.7399978637695,0,75.8300000000019
75.83,3,2,70.75,0,75.8400000000019
75.84,3,2,70.7600021362305,0,75.8500000000019
75.85,3,2,70.7699966430664,0,75.8600000000019
75.86,3,2,70.7799987792969,0,75.8700000000019
75.87,3,2,70.7900009155273,0,75.8800000000019
75.88,3,2,70.8000030517578,0,75.8900000000019
75.89,3,2,70.8099975585938,0,75.9000000000019
75.9,3,2,70.8199996948242,0,75.9100000000019
75.91,3,2,70.8300018310547,0,75.9200000000019
75.92,3,2,70.8399963378906,0,75.9300000000019
75.93,3,2,70.8499984741211,0,75.9400000000019
75.94,3,2,70.8600006103516,0,75.9500000000019
75.95,3,2,70.870002746582,0,75.960000000002
75.96,3,2,70.879997253418,0,75.970000000002
75.97,3,2,70.8899993896484,0,75.980000000002
75.98,3,2,70.9000015258789,0,75.990000000002
75.99,3,2,70.9100036621094,0,76.000000000002
76,3,2,70.9199981689453,0,76.010000000002
76.01,3,2,70.9300003051758,0,76.020000000002
76.02,3,2,70.9400024414062,0,76.030000000002
76.03,3,2,70.9499969482422,0,76.040000000002
76.04,3,2,70.9599990844727,0,76.050000000002
76.05,3,2,70.9700012207031,0,76.060000000002
76.06,3,2,70.9800033569336,0,76.070000000002
76.07,3,2,70.9899978637695,0,76.080000000002
76.08,3,2,71,0,76.090000000002
76.09,3,2,71.0100021362305,0,76.100000000002
76.1,3,2,71.0199966430664,0,76.110000000002
76.11,3,2,71.0299987792969,0,76.120000000002
76.12,3,2,71.0400009155273,0,76.130000000002
76.13,3,2,71.0500030517578,0,76.140000000002
76.14,3,2,71.0599975585938,0,76.1500000000021
76.15,3,2,71.0699996948242,0,76.1600000000021
76.16,3,2,71.0800018310547,0,76.1700000000021
76.17,3,2,71.0899963378906,0,76.1800000000021
76.18,3,2,71.0999984741211,0,76.1900000000021
76.19,3,2,71.1100006103516,0,76.2000000000021
76.2,3,2,71.120002746582,0,76.2100000000021
76.21,3,2,71.129997253418,0,76.2200000000021
76.22,3,2,71.1399993896484,0,76.2300000000021
76.23,3,2,71.1500015258789,0,76.2400000000021
76.24,3,2,71.1600036621094,0,76.2500000000021
76.25,3,2,71.1699981689453,0,76.2600000000021
76.26,3,2,71.1800003051758,0,76.2700000000021
76.27,3,2,71.1900024414062,0,76.2800000000021
76.28,3,2,71.1999969482422,0,76.2900000000021
76.29,3,2,71.2099990844727,0,76.3000000000021
76.3,3,2,71.2200012207031,0,76.3100000000021
76.31,3,2,71.2300033569336,0,76.3200000000021
76.32,3,2,71.2399978637695,0,76.3300000000021
76.33,3,2,71.25,0,76.3400000000021
76.34,3,2,71.2600021362305,0,76.3500000000022
76.35,3,2,71.2699966430664,0,76.3600000000022
76.36,3,2,71.2799987792969,0,76.3700000000022
76.37,3,2,71.2900009155273,0,76.3800000000022
76.38,3,2,71.3000030517578,0,76.3900000000022
76.39,3,2,71.3099975585938,0,76.4000000000022
76.4,3,2,71.3199996948242,0,76.4100000000022
76.41,3,2,71.3300018310547,0,76.4200000000022
76.42,3,2,71.3399963378906,0,76.4300000000022
76.43,3,2,71.3499984741211,0,76.4400000000022
76.44,3,2,71.3600006103516,0,76.4500000000022
76.45,3,2,71.370002746582,0,76.4600000000022
76.46,3,2,71.379997253418,0,76.4700000000022
76.47,3,2,71.3899993896484,0,76.4800000000022
76.48,3,2,71.4000015258789,0,76.4900000000022
76.49,3,2,71.4100036621094,0,76.5000000000022
76.5,3,2,71.4199981689453,0,76.5100000000022
76.51,3,2,71.4300003051758,0,76.5200000000022
76.52,3,2,71.4400024414062,0,76.5300000000022
76.53,3,2,71.4499969482422,0,76.5400000000023
76.54,3,2,71.4599990844727,0,76.5500000000023
76.55,3,2,71.4700012207031,0,76.5600000000023
76.56,3,2,71.4800033569336,0,76.5700000000023
76.57,3,2,71.4899978637695,0,76.5800000000023
76.58,3,2,71.5,0,76.5900000000023
76.59,3,2,71.5100021362305,0,76.6000000000023
76.6,3,2,71.5199966430664,0,76.6100000000023
76.61,3,2,71.5299987792969,0,76.6200000000023
76.62,3,2,71.5400009155273,0,76.6300000000023
76.63,3,2,71.5500030517578,0,76.6400000000023
76.64,3,2,71.5599975585938,0,76.6500000000023
76.65,3,2,71.5699996948242,0,76.6600000000023
76.66,3,2,71.5800018310547,0,76.6700000000023
76.67,3,2,71.5899963378906,0,76.6800000000023
76.68,3,2,71.5999984741211,0,76.6900000000023
76.69,3,2,71.6100006103516,0,76.7000000000023
76.7,3,2,71.620002746582,0,76.7100000000023
76.71,3,2,71.629997253418,0,76.7200000000023
76.72,3,2,71.6399993896484,0,76.7300000000023
76.73,3,2,71.6500015258789,0,76.7400000000024
76.74,3,2,71.6600036621094,0,76.7500000000024
76.75,3,2,71.6699981689453,0,76.7600000000024
76.76,3,2,71.6800003051758,0,76.7700000000024
76.77,3,2,71.6900024414062,0,76.7800000000024
76.78,3,2,71.6999969482422,0,76.7900000000024
76.79,3,2,71.7099990844727,0,76.8000000000024
76.8,3,2,71.7200012207031,0,76.8100000000024
76.81,3,2,71.7300033569336,0,76.8200000000024
76.82,3,2,71.7399978637695,0,76.8300000000024
76.83,3,2,71.75,0,76.8400000000024
76.84,3,2,71.7600021362305,0,76.8500000000024
76.85,3,2,71.7699966430664,0,76.8600000000024
76.86,3,2,71.7799987792969,0,76.8700000000024
76.87,3,2,71.7900009155273,0,76.8800000000024
76.88,3,2,71.8000030517578,0,76.8900000000024
76.89,3,2,71.8099975585938,0,76.9000000000024
76.9,3,2,71.8199996948242,0,76.9100000000024
76.91,3,2,71.8300018310547,0,76.9200000000024
76.92,3,2,71.8399963378906,0,76.9300000000025
76.93,3,2,71.8499984741211,0,76.9400000000025
76.94,3,2,71.8600006103516,0,76.9500000000025
76.95,3,2,71.870002746582,0,76.9600000000025
76.96,3,2,71.879997253418,0,76.9700000000025
76.97,3,2,71.8899993896484,0,76.9800000000025
76.98,3,2,71.9000015258789,0,76.9900000000025
76.99,3,2,71.9100036621094,0,77.0000000000025
77,3,2,71.9199981689453,0,77.0100000000025
77.01,3,2,71.9300003051758,0,77.0200000000025
77.02,3,2,71.9400024414062,0,77.0300000000025
77.03,3,2,71.9499969482422,0,77.0400000000025
77.04,3,2,71.9599990844727,0,77.0500000000025
77.05,3,2,71.9700012207031,0,77.0600000000025
77.06,3,2,71.9800033569336,0,77.0700000000025
77.07,3,2,71.9899978637695,0,77.0800000000025
77.08,3,2,72,0,77.0900000000025
77.09,3,2,72.0100021362305,0,77.1000000000025
77.1,3,2,72.0199966430664,0,77.1100000000025
77.11,3,2,72.0299987792969,0,77.1200000000025
77.12,3,2,72.0400009155273,0,77.1300000000026
77.13,3,2,72.0500030517578,0,77.1400000000026
77.14,3,2,72.0599975585938,0,77.1500000000026
77.15,3,2,72.0699996948242,0,77.1600000000026
77.16,3,2,72.0800018310547,0,77.1700000000026
77.17,3,2,72.0899963378906,0,77.1800000000026
77.18,3,2,72.0999984741211,0,77.1900000000026
77.19,3,2,72.1100006103516,0,77.2000000000026
77.2,3,2,72.120002746582,0,77.2100000000026
77.21,3,2,72.129997253418,0,77.2200000000026
77.22,3,2,72.1399993896484,0,77.2300000000026
77.23,3,2,72.1500015258789,0,77.2400000000026
77.24,3,2,72.1600036621094,0,77.2500000000026
77.25,3,2,72.1699981689453,0,77.2600000000026
77.26,3,2,72.1800003051758,0,77.2700000000026
77.27,3,2,72.1900024414062,0,77.2800000000026
77.28,3,2,72.1999969482422,0,77.2900000000026
77.29,3,2,72.2099990844727,0,77.3000000000026
77.3,3,2,72.2200012207031,0,77.3100000000026
77.31,3,2,72.2300033569336,0,77.3200000000027
77.32,3,2,72.2399978637695,0,77.3300000000027
77.33,3,2,72.25,0,77.3400000000027
77.34,3,2,72.2600021362305,0,77.3500000000027
77.35,3,2,72.2699966430664,0,77.3600000000027
77.36,3,2,72.2799987792969,0,77.3700000000027
77.37,3,2,72.2900009155273,0,77.3800000000027
77.38,3,2,72.3000030517578,0,77.3900000000027
77.39,3,2,72.3099975585938,0,77.4000000000027
77.4,3,2,72.3199996948242,0,77.4100000000027
77.41,3,2,72.3300018310547,0,77.4200000000027
77.42,3,2,72.3399963378906,0,77.4300000000027
77.43,3,2,72.3499984741211,0,77.4400000000027
77.44,3,2,72.3600006103516,0,77.4500000000027
77.45,3,2,72.370002746582,0,77.4600000000027
77.46,3,2,72.379997253418,0,77.4700000000027
77.47,3,2,72.3899993896484,0,77.4800000000027
77.48,3,2,72.4000015258789,0,77.4900000000027
77.49,3,2,72.4100036621094,0,77.5000000000027
77.5,3,2,72.4199981689453,0,77.5100000000027
77.51,3,2,72.4300003051758,0,77.5200000000028
77.52,3,2,72.4400024414062,0,77.5300000000028
77.53,3,2,72.4499969482422,0,77.5400000000028
77.54,3,2,72.4599990844727,0,77.5500000000028
77.55,3,2,72.4700012207031,0,77.5600000000028
77.56,3,2,72.4800033569336,0,77.5700000000028
77.57,3,2,72.4899978637695,0,77.5800000000028
77.58,3,2,72.5,0,77.5900000000028
77.59,3,2,72.5100021362305,0,77.6000000000028
77.6,3,2,72.5199966430664,0,77.6100000000028
77.61,3,2,72.5299987792969,0,77.6200000000028
77.62,3,2,72.5400009155273,0,77.6300000000028
77.63,3,2,72.5500030517578,0,77.6400000000028
77.64,3,2,72.5599975585938,0,77.6500000000028
77.65,3,2,72.5699996948242,0,77.6600000000028
77.66,3,2,72.5800018310547,0,77.6700000000028
77.67,3,2,72.5899963378906,0,77.6800000000028
77.68,3,2,72.5999984741211,0,77.6900000000028
77.69,3,2,72.6100006103516,0,77.7000000000028
77.7,3,2,72.620002746582,0,77.7100000000029
77.71,3,2,72.629997253418,0,77.7200000000029
77.72,3,2,72.6399993896484,0,77.7300000000029
77.73,3,2,72.6500015258789,0,77.7400000000029
77.74,3,2,72.6600036621094,0,77.7500000000029
77.75,3,2,72.6699981689453,0,77.7600000000029
77.76,3,2,72.6800003051758,0,77.7700000000029
77.77,3,2,72.6900024414062,0,77.7800000000029
77.78,3,2,72.6999969482422,0,77.7900000000029
77.79,3,2,72.7099990844727,0,77.8000000000029
77.8,3,2,72.7200012207031,0,77.8100000000029
77.81,3,2,72.7300033569336,0,77.8200000000029
77.82,3,2,72.7399978637695,0,77.8300000000029
77.83,3,2,72.75,0,77.8400000000029
77.84,3,2,72.7600021362305,0,77.8500000000029
77.85,3,2,72.7699966430664,0,77.8600000000029
77.86,3,2,72.7799987792969,0,77.8700000000029
77.87,3,2,72.7900009155273,0,77.8800000000029
77.88,3,2,72.8000030517578,0,77.8900000000029
77.89,3,2,72.8099975585938,0,77.9000000000029
77.9,3,2,72.8199996948242,0,77.910000000003
77.91,3,2,72.8300018310547,0,77.920000000003
77.92,3,2,72.8399963378906,0,77.930000000003
77.93,3,2,72.8499984741211,0,77.940000000003
77.94,3,2,72.8600006103516,0,77.950000000003
77.95,3,2,72.870002746582,0,77.960000000003
77.96,3,2,72.879997253418,0,77.970000000003
77.97,3,2,72.8899993896484,0,77.980000000003
77.98,3,2,72.9000015258789,0,77.990000000003
77.99,3,2,72.9100036621094,0,78.000000000003
78,3,2,72.9199981689453,0,78.010000000003
78.01,3,2,72.9300003051758,0,78.020000000003
78.02,3,2,72.9400024414062,0,78.030000000003
78.03,3,2,72.9499969482422,0,78.040000000003
78.04,3,2,72.9599990844727,0,78.050000000003
78.05,3,2,72.9700012207031,0,78.060000000003
78.06,3,2,72.9800033569336,0,78.070000000003
78.07,3,2,72.9899978637695,0,78.080000000003
78.08,3,2,73,0,78.090000000003
78.09,3,2,73.0100021362305,0,78.100000000003
78.1,3,2,73.0199966430664,0,78.1100000000031
78.11,3,2,73.0299987792969,0,78.1200000000031
78.12,3,2,73.0400009155273,0,78.1300000000031
78.13,3,2,73.0500030517578,0,78.1400000000031
78.14,3,2,73.0599975585938,0,78.1500000000031
78.15,3,2,73.0699996948242,0,78.1600000000031
78.16,3,2,73.0800018310547,0,78.1700000000031
78.17,3,2,73.0899963378906,0,78.1800000000031
78.18,3,2,73.0999984741211,0,78.1900000000031
78.19,3,2,73.1100006103516,0,78.2000000000031
78.2,3,2,73.120002746582,0,78.2100000000031
78.21,3,2,73.129997253418,0,78.2200000000031
78.22,3,2,73.1399993896484,0,78.2300000000031
78.23,3,2,73.1500015258789,0,78.2400000000031
78.24,3,2,73.1600036621094,0,78.2500000000031
78.25,3,2,73.1699981689453,0,78.2600000000031
78.26,3,2,73.1800003051758,0,78.2700000000031
78.27,3,2,73.1900024414062,0,78.2800000000031
78.28,3,2,73.1999969482422,0,78.2900000000031
78.29,3,2,73.2099990844727,0,78.3000000000032
78.3,3,2,73.2200012207031,0,78.3100000000032
78.31,3,2,73.2300033569336,0,78.3200000000032
78.32,3,2,73.2399978637695,0,78.3300000000032
78.33,3,2,73.25,0,78.3400000000032
78.34,3,2,73.2600021362305,0,78.3500000000032
78.35,3,2,73.2699966430664,0,78.3600000000032
78.36,3,2,73.2799987792969,0,78.3700000000032
78.37,3,2,73.2900009155273,0,78.3800000000032
78.38,3,2,73.3000030517578,0,78.3900000000032
78.39,3,2,73.3099975585938,0,78.4000000000032
78.4,3,2,73.3199996948242,0,78.4100000000032
78.41,3,2,73.3300018310547,0,78.4200000000032
78.42,3,2,73.3399963378906,0,78.4300000000032
78.43,3,2,73.3499984741211,0,78.4400000000032
78.44,3,2,73.3600006103516,0,78.4500000000032
78.45,3,2,73.370002746582,0,78.4600000000032
78.46,3,2,73.379997253418,0,78.4700000000032
78.47,3,2,73.3899993896484,0,78.4800000000032
78.48,3,2,73.4000015258789,0,78.4900000000032
78.49,3,2,73.4100036621094,0,78.5000000000033
78.5,3,2,73.4199981689453,0,78.5100000000033
78.51,3,2,73.4300003051758,0,78.5200000000033
78.52,3,2,73.4400024414062,0,78.5300000000033
78.53,3,2,73.4499969482422,0,78.5400000000033
78.54,3,2,73.4599990844727,0,78.5500000000033
78.55,3,2,73.4700012207031,0,78.5600000000033
78.56,3,2,73.4800033569336,0,78.5700000000033
78.57,3,2,73.4899978637695,0,78.5800000000033
78.58,3,2,73.5,0,78.5900000000033
78.59,3,2,73.5100021362305,0,78.6000000000033
78.6,3,2,73.5199966430664,0,78.6100000000033
78.61,3,2,73.5299987792969,0,78.6200000000033
78.62,3,2,73.5400009155273,0,78.6300000000033
78.63,3,2,73.5500030517578,0,78.6400000000033
78.64,3,2,73.5599975585938,0,78.6500000000033
78.65,3,2,73.5699996948242,0,78.6600000000033
78.66,3,2,73.5800018310547,0,78.6700000000033
78.67,3,2,73.5899963378906,0,78.6800000000033
78.68,3,2,73.5999984741211,0,78.6900000000034
78.69,3,2,73.6100006103516,0,78.7000000000034
78.7,3,2,73.620002746582,0,78.7100000000034
78.71,3,2,73.629997253418,0,78.7200000000034
78.72,3,2,73.6399993896484,0,78.7300000000034
78.73,3,2,73.6500015258789,0,78.7400000000034
78.74,3,2,73.6600036621094,0,78.7500000000034
78.75,3,2,73.6699981689453,0,78.7600000000034
78.76,3,2,73.6800003051758,0,78.7700000000034
78.77,3,2,73.6900024414062,0,78.7800000000034
78.78,3,2,73.6999969482422,0,78.7900000000034
78.79,3,2,73.7099990844727,0,78.8000000000034
78.8,3,2,73.7200012207031,0,78.8100000000034
78.81,3,2,73.7300033569336,0,78.8200000000034
78.82,3,2,73.7399978637695,0,78.8300000000034
78.83,3,2,73.75,0,78.8400000000034
78.84,3,2,73.7600021362305,0,78.8500000000034
78.85,3,2,73.7699966430664,0,78.8600000000034
78.86,3,2,73.7799987792969,0,78.8700000000034
78.87,3,2,73.7900009155273,0,78.8800000000034
78.88,3,2,73.8000030517578,0,78.8900000000035
78.89,3,2,73.8099975585938,0,78.9000000000035
78.9,3,2,73.8199996948242,0,78.9100000000035
78.91,3,2,73.8300018310547,0,78.9200000000035
78.92,3,2,73.8399963378906,0,78.9300000000035
78.93,3,2,73.8499984741211,0,78.9400000000035
78.94,3,2,73.8600006103516,0,78.9500000000035
78.95,3,2,73.870002746582,0,78.9600000000035
78.96,3,2,73.879997253418,0,78.9700000000035
78.97,3,2,73.8899993896484,0,78.9800000000035
78.98,3,2,73.9000015258789,0,78.9900000000035
78.99,3,2,73.9100036621094,0,79.0000000000035
79,3,2,73.9199981689453,0,79.0100000000035
79.01,3,2,73.9300003051758,0,79.0200000000035
79.02,3,2,73.9400024414062,0,79.0300000000035
79.03,3,2,73.9499969482422,0,79.0400000000035
79.04,3,2,73.9599990844727,0,79.0500000000035
79.05,3,2,73.9700012207031,0,79.0600000000035
79.06,3,2,73.9800033569336,0,79.0700000000035
79.07,3,2,73.9899978637695,0,79.0800000000036
79.08,3,2,74,0,79.0900000000036
79.09,3,2,74.0100021362305,0,79.1000000000036
79.1,3,2,74.0199966430664,0,79.1100000000036
79.11,3,2,74.0299987792969,0,79.1200000000036
79.12,3,2,74.0400009155273,0,79.1300000000036
79.13,3,2,74.0500030517578,0,79.1400000000036
79.14,3,2,74.0599975585938,0,79.1500000000036
79.15,3,2,74.0699996948242,0,79.1600000000036
79.16,3,2,74.0800018310547,0,79.1700000000036
79.17,3,2,74.0899963378906,0,79.1800000000036
79.18,3,2,74.0999984741211,0,79.1900000000036
79.19,3,2,74.1100006103516,0,79.2000000000036
79.2,3,2,74.120002746582,0,79.2100000000036
79.21,3,2,74.129997253418,0,79.2200000000036
79.22,3,2,74.1399993896484,0,79.2300000000036
79.23,3,2,74.1500015258789,0,79.2400000000036
79.24,3,2,74.1600036621094,0,79.2500000000036
79.25,3,2,74.1699981689453,0,79.2600000000036
79.26,3,2,74.1800003051758,0,79.2700000000036
79.27,3,2,74.1900024414062,0,79.2800000000037
79.28,3,2,74.1999969482422,0,79.2900000000037
79.29,3,2,74.2099990844727,0,79.3000000000037
79.3,3,2,74.2200012207031,0,79.3100000000037
79.31,3,2,74.2300033569336,0,79.3200000000037
79.32,3,2,74.2399978637695,0,79.3300000000037
79.33,3,2,74.25,0,79.3400000000037
79.34,3,2,74.2600021362305,0,79.3500000000037
79.35,3,2,74.2699966430664,0,79.3600000000037
79.36,3,2,74.2799987792969,0,79.3700000000037
79.37,3,2,74.2900009155273,0,79.3800000000037
79.38,3,2,74.3000030517578,0,79.3900000000037
79.39,3,2,74.3099975585938,0,79.4000000000037
79.4,3,2,74.3199996948242,0,79.4100000000037
79.41,3,2,74.3300018310547,0,79.4200000000037
79.42,3,2,74.3399963378906,0,79.4300000000037
79.43,3,2,74.3499984741211,0,79.4400000000037
79.44,3,2,74.3600006103516,0,79.4500000000037
79.45,3,2,74.370002746582,0,79.4600000000037
79.46,3,2,74.379997253418,0,79.4700000000038
79.47,3,2,74.3899993896484,0,79.4800000000038
79.48,3,2,74.4000015258789,0,79.4900000000038
79.49,3,2,74.4100036621094,0,79.5000000000038
79.5,3,2,74.4199981689453,0,79.5100000000038
79.51,3,2,74.4300003051758,0,79.5200000000038
79.52,3,2,74.4400024414062,0,79.5300000000038
79.53,3,2,74.4499969482422,0,79.5400000000038
79.54,3,2,74.4599990844727,0,79.5500000000038
79.55,3,2,74.4700012207031,0,79.5600000000038
79.56,3,2,74.4800033569336,0,79.5700000000038
79.57,3,2,74.4899978637695,0,79.5800000000038
79.58,3,2,74.5,0,79.5900000000038
79.59,3,2,74.5100021362305,0,79.6000000000038
79.6,3,2,74.5199966430664,0,79.6100000000038
79.61,3,2,74.5299987792969,0,79.6200000000038
79.62,3,2,74.5400009155273,0,79.6300000000038
79.63,3,2,74.5500030517578,0,79.6400000000038
79.64,3,2,74.5599975585938,0,79.6500000000038
79.65,3,2,74.5699996948242,0,79.6600000000038
79.66,3,2,74.5800018310547,0,79.6700000000039
79.67,3,2,74.5899963378906,0,79.6800000000039
79.68,3,2,74.5999984741211,0,79.6900000000039
79.69,3,2,74.6100006103516,0,79.7000000000039
79.7,3,2,74.620002746582,0,79.7100000000039
79.71,3,2,74.629997253418,0,79.7200000000039
79.72,3,2,74.6399993896484,0,79.7300000000039
79.73,3,2,74.6500015258789,0,79.7400000000039
79.74,3,2,74.6600036621094,0,79.7500000000039
79.75,3,2,74.6699981689453,0,79.7600000000039
79.76,3,2,74.6800003051758,0,79.7700000000039
79.77,3,2,74.6900024414062,0,79.7800000000039
79.78,3,2,74.6999969482422,0,79.7900000000039
79.79,3,2,74.7099990844727,0,79.8000000000039
79.8,3,2,74.7200012207031,0,79.8100000000039
79.81,3,2,74.7300033569336,0,79.8200000000039
79.82,3,2,74.7399978637695,0,79.8300000000039
79.83,3,2,74.75,0,79.8400000000039
79.84,3,2,74.7600021362305,0,79.8500000000039
79.85,3,2,74.7699966430664,0,79.860000000004
79.86,3,2,74.7799987792969,0,79.870000000004
79.87,3,2,74.7900009155273,0,79.880000000004
79.88,3,2,74.8000030517578,0,79.890000000004
79.89,3,2,74.8099975585938,0,79.900000000004
79.9,3,2,74.8199996948242,0,79.910000000004
79.91,3,2,74.8300018310547,0,79.920000000004
79.92,3,2,74.8399963378906,0,79.930000000004
79.93,3,2,74.8499984741211,0,79.940000000004
79.94,3,2,74.8600006103516,0,79.950000000004
79.95,3,2,74.870002746582,0,79.960000000004
79.96,3,2,74.879997253418,0,79.970000000004
79.97,3,2,74.8899993896484,0,79.980000000004
79.98,3,2,74.9000015258789,0,79.990000000004
79.99,3,2,74.9100036621094,0,80.000000000004
80,3,2,74.9199981689453,0,80.010000000004
80.01,3,2,74.9300003051758,0,80.020000000004
80.02,3,2,74.9400024414062,0,80.030000000004
80.03,3,2,74.9499969482422,0,80.040000000004
80.04,3,2,74.9599990844727,0,80.050000000004
80.05,3,2,74.9700012207031,0,80.0600000000041
80.06,3,2,74.9800033569336,0,80.0700000000041
80.07,3,2,74.9899978637695,0,80.0800000000041
80.08,3,2,75,0,80.0900000000041
80.09,3,2,75.0100021362305,0,80.1000000000041
80.1,3,2,75.0199966430664,0,80.1100000000041
80.11,3,2,75.0299987792969,0,80.1200000000041
80.12,3,2,75.0400009155273,0,80.1300000000041
80.13,3,2,75.0500030517578,0,80.1400000000041
80.14,3,2,75.0599975585938,0,80.1500000000041
80.15,3,2,75.0699996948242,0,80.1600000000041
80.16,3,2,75.0800018310547,0,80.1700000000041
80.17,3,2,75.0899963378906,0,80.1800000000041
80.18,3,2,75.0999984741211,0,80.1900000000041
80.19,3,2,75.1100006103516,0,80.2000000000041
80.2,3,2,75.120002746582,0,80.2100000000041
80.21,3,2,75.129997253418,0,80.2200000000041
80.22,3,2,75.1399993896484,0,80.2300000000041
80.23,3,2,75.1500015258789,0,80.2400000000041
80.24,3,2,75.1600036621094,0,80.2500000000041
80.25,3,2,75.1699981689453,0,80.2600000000042
80.26,3,2,75.1800003051758,0,80.2700000000042
80.27,3,2,75.1900024414062,0,80.2800000000042
80.28,3,2,75.1999969482422,0,80.2900000000042
80.29,3,2,75.2099990844727,0,80.3000000000042
80.3,3,2,75.2200012207031,0,80.3100000000042
80.31,3,2,75.2300033569336,0,80.3200000000042
80.32,3,2,75.2399978637695,0,80.3300000000042
80.33,3,2,75.25,0,80.3400000000042
80.34,3,2,75.2600021362305,0,80.3500000000042
80.35,3,2,75.2699966430664,0,80.3600000000042
80.36,3,2,75.2799987792969,0,80.3700000000042
80.37,3,2,75.2900009155273,0,80.3800000000042
80.38,3,2,75.3000030517578,0,80.3900000000042
80.39,3,2,75.3099975585938,0,80.4000000000042
80.4,3,2,75.3199996948242,0,80.4100000000042
80.41,3,2,75.3300018310547,0,80.4200000000042
80.42,3,2,75.3399963378906,0,80.4300000000042
80.43,3,2,75.3499984741211,0,80.4400000000042
80.44,3,2,75.3600006103516,0,80.4500000000043
80.45,3,2,75.370002746582,0,80.4600000000043
80.46,3,2,75.379997253418,0,80.4700000000043
80.47,3,2,75.3899993896484,0,80.4800000000043
80.48,3,2,75.4000015258789,0,80.4900000000043
80.49,3,2,75.4100036621094,0,80.5000000000043
80.5,3,2,75.4199981689453,0,80.5100000000043
80.51,3,2,75.4300003051758,0,80.5200000000043
80.52,3,2,75.4400024414062,0,80.5300000000043
80.53,3,2,75.4499969482422,0,80.5400000000043
80.54,3,2,75.4599990844727,0,80.5500000000043
80.55,3,2,75.4700012207031,0,80.5600000000043
80.56,3,2,75.4800033569336,0,80.5700000000043
80.57,3,2,75.4899978637695,0,80.5800000000043
80.58,3,2,75.5,0,80.5900000000043
80.59,3,2,75.5100021362305,0,80.6000000000043
80.6,3,2,75.5199966430664,0,80.6100000000043
80.61,3,2,75.5299987792969,0,80.6200000000043
80.62,3,2,75.5400009155273,0,80.6300000000043
80.63,3,2,75.5500030517578,0,80.6400000000043
80.64,3,2,75.5599975585938,0,80.6500000000044
80.65,3,2,75.5699996948242,0,80.6600000000044
80.66,3,2,75.5800018310547,0,80.6700000000044
80.67,3,2,75.5899963378906,0,80.6800000000044
80.68,3,2,75.5999984741211,0,80.6900000000044
80.69,3,2,75.6100006103516,0,80.7000000000044
80.7,3,2,75.620002746582,0,80.7100000000044
80.71,3,2,75.629997253418,0,80.7200000000044
80.72,3,2,75.6399993896484,0,80.7300000000044
80.73,3,2,75.6500015258789,0,80.7400000000044
80.74,3,2,75.6600036621094,0,80.7500000000044
80.75,3,2,75.6699981689453,0,80.7600000000044
80.76,3,2,75.6800003051758,0,80.7700000000044
80.77,3,2,75.6900024414062,0,80.7800000000044
80.78,3,2,75.6999969482422,0,80.7900000000044
80.79,3,2,75.7099990844727,0,80.8000000000044
80.8,3,2,75.7200012207031,0,80.8100000000044
80.81,3,2,75.7300033569336,0,80.8200000000044
80.82,3,2,75.7399978637695,0,80.8300000000044
80.83,3,2,75.75,0,80.8400000000045
80.84,3,2,75.7600021362305,0,80.8500000000045
80.85,3,2,75.7699966430664,0,80.8600000000045
80.86,3,2,75.7799987792969,0,80.8700000000045
80.87,3,2,75.7900009155273,0,80.8800000000045
80.88,3,2,75.8000030517578,0,80.8900000000045
80.89,3,2,75.8099975585938,0,80.9000000000045
80.9,3,2,75.8199996948242,0,80.9100000000045
80.91,3,2,75.8300018310547,0,80.9200000000045
80.92,3,2,75.8399963378906,0,80.9300000000045
80.93,3,2,75.8499984741211,0,80.9400000000045
80.94,3,2,75.8600006103516,0,80.9500000000045
80.95,3,2,75.870002746582,0,80.9600000000045
80.96,3,2,75.879997253418,0,80.9700000000045
80.97,3,2,75.8899993896484,0,80.9800000000045
80.98,3,2,75.9000015258789,0,80.9900000000045
80.99,3,2,75.9100036621094,0,81.0000000000045
81,3,2,75.9199981689453,0,81.0100000000045
81.01,3,2,75.9300003051758,0,81.0200000000045
81.02,3,2,75.9400024414062,0,81.0300000000045
81.03,3,2,75.9499969482422,0,81.0400000000046
81.04,3,2,75.9599990844727,0,81.0500000000046
81.05,3,2,75.9700012207031,0,81.0600000000046
81.06,3,2,75.9800033569336,0,81.0700000000046
81.07,3,2,75.9899978637695,0,81.0800000000046
81.08,3,2,76,0,81.0900000000046
81.09,3,2,76.0100021362305,0,81.1000000000046
81.1,3,2,76.0199966430664,0,81.1100000000046
81.11,3,2,76.0299987792969,0,81.1200000000046
81.12,3,2,76.0400009155273,0,81.1300000000046
81.13,3,2,76.0500030517578,0,81.1400000000046
81.14,3,2,76.0599975585938,0,81.1500000000046
81.15,3,2,76.0699996948242,0,81.1600000000046
81.16,3,2,76.0800018310547,0,81.1700000000046
81.17,3,2,76.0899963378906,0,81.1800000000046
81.18,3,2,76.0999984741211,0,81.1900000000046
81.19,3,2,76.1100006103516,0,81.2000000000046
81.2,3,2,76.120002746582,0,81.2100000000046
81.21,3,2,76.129997253418,0,81.2200000000046
81.22,3,2,76.1399993896484,0,81.2300000000047
81.23,3,2,76.1500015258789,0,81.2400000000047
81.24,3,2,76.1600036621094,0,81.2500000000047
81.25,3,2,76.1699981689453,0,81.2600000000047
81.26,3,2,76.1800003051758,0,81.2700000000047
81.27,3,2,76.1900024414062,0,81.2800000000047
81.28,3,2,76.1999969482422,0,81.2900000000047
81.29,3,2,76.2099990844727,0,81.3000000000047
81.3,3,2,76.2200012207031,0,81.3100000000047
81.31,3,2,76.2300033569336,0,81.3200000000047
81.32,3,2,76.2399978637695,0,81.3300000000047
81.33,3,2,76.25,0,81.3400000000047
81.34,3,2,76.2600021362305,0,81.3500000000047
81.35,3,2,76.2699966430664,0,81.3600000000047
81.36,3,2,76.2799987792969,0,81.3700000000047
81.37,3,2,76.2900009155273,0,81.3800000000047
81.38,3,2,76.3000030517578,0,81.3900000000047
81.39,3,2,76.3099975585938,0,81.4000000000047
81.4,3,2,76.3199996948242,0,81.4100000000047
81.41,3,2,76.3300018310547,0,81.4200000000047
81.42,3,2,76.3399963378906,0,81.4300000000048
81.43,3,2,76.3499984741211,0,81.4400000000048
81.44,3,2,76.3600006103516,0,81.4500000000048
81.45,3,2,76.370002746582,0,81.4600000000048
81.46,3,2,76.379997253418,0,81.4700000000048
81.47,3,2,76.3899993896484,0,81.4800000000048
81.48,3,2,76.4000015258789,0,81.4900000000048
81.49,3,2,76.4100036621094,0,81.5000000000048
81.5,3,2,76.4199981689453,0,81.5100000000048
81.51,3,2,76.4300003051758,0,81.5200000000048
81.52,3,2,76.4400024414062,0,81.5300000000048
81.53,3,2,76.4499969482422,0,81.5400000000048
81.54,3,2,76.4599990844727,0,81.5500000000048
81.55,3,2,76.4700012207031,0,81.5600000000048
81.56,3,2,76.4800033569336,0,81.5700000000048
81.57,3,2,76.4899978637695,0,81.5800000000048
81.58,3,2,76.5,0,81.5900000000048
81.59,3,2,76.5100021362305,0,81.6000000000048
81.6,3,2,76.5199966430664,0,81.6100000000048
81.61,3,2,76.5299987792969,0,81.6200000000049
81.62,3,2,76.5400009155273,0,81.6300000000049
81.63,3,2,76.5500030517578,0,81.6400000000049
81.64,3,2,76.5599975585938,0,81.6500000000049
81.65,3,2,76.5699996948242,0,81.6600000000049
81.66,3,2,76.5800018310547,0,81.6700000000049
81.67,3,2,76.5899963378906,0,81.6800000000049
81.68,3,2,76.5999984741211,0,81.6900000000049
81.69,3,2,76.6100006103516,0,81.7000000000049
81.7,3,2,76.620002746582,0,81.7100000000049
81.71,3,2,76.629997253418,0,81.7200000000049
81.72,3,2,76.6399993896484,0,81.7300000000049
81.73,3,2,76.6500015258789,0,81.7400000000049
81.74,3,2,76.6600036621094,0,81.7500000000049
81.75,3,2,76.6699981689453,0,81.7600000000049
81.76,3,2,76.6800003051758,0,81.7700000000049
81.77,3,2,76.6900024414062,0,81.7800000000049
81.78,3,2,76.6999969482422,0,81.7900000000049
81.79,3,2,76.7099990844727,0,81.8000000000049
81.8,3,2,76.7200012207031,0,81.8100000000049
81.81,3,2,76.7300033569336,0,81.820000000005
81.82,3,2,76.7399978637695,0,81.830000000005
81.83,3,2,76.75,0,81.840000000005
81.84,3,2,76.7600021362305,0,81.850000000005
81.85,3,2,76.7699966430664,0,81.860000000005
81.86,3,2,76.7799987792969,0,81.870000000005
81.87,3,2,76.7900009155273,0,81.880000000005
81.88,3,2,76.8000030517578,0,81.890000000005
81.89,3,2,76.8099975585938,0,81.900000000005
81.9,3,2,76.8199996948242,0,81.910000000005
81.91,3,2,76.8300018310547,0,81.920000000005
81.92,3,2,76.8399963378906,0,81.930000000005
81.93,3,2,76.8499984741211,0,81.940000000005
81.94,3,2,76.8600006103516,0,81.950000000005
81.95,3,2,76.870002746582,0,81.960000000005
81.96,3,2,76.879997253418,0,81.970000000005
81.97,3,2,76.8899993896484,0,81.980000000005
81.98,3,2,76.9000015258789,0,81.990000000005
81.99,3,2,76.9100036621094,0,82.000000000005
82,3,2,76.9199981689453,0,82.010000000005
82.01,3,2,76.9300003051758,0,82.0200000000051
82.02,3,2,76.9400024414062,0,82.0300000000051
82.03,3,2,76.9499969482422,0,82.0400000000051
82.04,3,2,76.9599990844727,0,82.0500000000051
82.05,3,2,76.9700012207031,0,82.0600000000051
82.06,3,2,76.9800033569336,0,82.0700000000051
82.07,3,2,76.9899978637695,0,82.0800000000051
82.08,3,2,77,0,82.0900000000051
82.09,3,2,77.0100021362305,0,82.1000000000051
82.1,3,2,77.0199966430664,0,82.1100000000051
82.11,3,2,77.0299987792969,0,82.1200000000051
82.12,3,2,77.0400009155273,0,82.1300000000051
82.13,3,2,77.0500030517578,0,82.1400000000051
82.14,3,2,77.0599975585938,0,82.1500000000051
82.15,3,2,77.0699996948242,0,82.1600000000051
82.16,3,2,77.0800018310547,0,82.1700000000051
82.17,3,2,77.0899963378906,0,82.1800000000051
82.18,3,2,77.0999984741211,0,82.1900000000051
82.19,3,2,77.1100006103516,0,82.2000000000051
82.2,3,2,77.120002746582,0,82.2100000000052
82.21,3,2,77.129997253418,0,82.2200000000052
82.22,3,2,77.1399993896484,0,82.2300000000052
82.23,3,2,77.1500015258789,0,82.2400000000052
82.24,3,2,77.1600036621094,0,82.2500000000052
82.25,3,2,77.1699981689453,0,82.2600000000052
82.26,3,2,77.1800003051758,0,82.2700000000052
82.27,3,2,77.1900024414062,0,82.2800000000052
82.28,3,2,77.1999969482422,0,82.2900000000052
82.29,3,2,77.2099990844727,0,82.3000000000052
82.3,3,2,77.2200012207031,0,82.3100000000052
82.31,3,2,77.2300033569336,0,82.3200000000052
82.32,3,2,77.2399978637695,0,82.3300000000052
82.33,3,2,77.25,0,82.3400000000052
82.34,3,2,77.2600021362305,0,82.3500000000052
82.35,3,2,77.2699966430664,0,82.3600000000052
82.36,3,2,77.2799987792969,0,82.3700000000052
82.37,3,2,77.2900009155273,0,82.3800000000052
82.38,3,2,77.3000030517578,0,82.3900000000052
82.39,3,2,77.3099975585938,0,82.4000000000052
82.4,3,2,77.3199996948242,0,82.4100000000053
82.41,3,2,77.3300018310547,0,82.4200000000053
82.42,3,2,77.3399963378906,0,82.4300000000053
82.43,3,2,77.3499984741211,0,82.4400000000053
82.44,3,2,77.3600006103516,0,82.4500000000053
82.45,3,2,77.370002746582,0,82.4600000000053
82.46,3,2,77.379997253418,0,82.4700000000053
82.47,3,2,77.3899993896484,0,82.4800000000053
82.48,3,2,77.4000015258789,0,82.4900000000053
82.49,3,2,77.4100036621094,0,82.5000000000053
82.5,3,2,77.4199981689453,0,82.5100000000053
82.51,3,2,77.4300003051758,0,82.5200000000053
82.52,3,2,77.4400024414062,0,82.5300000000053
82.53,3,2,77.4499969482422,0,82.5400000000053
82.54,3,2,77.4599990844727,0,82.5500000000053
82.55,3,2,77.4700012207031,0,82.5600000000053
82.56,3,2,77.4800033569336,0,82.5700000000053
82.57,3,2,77.4899978637695,0,82.5800000000053
82.58,3,2,77.5,0,82.5900000000053
82.59,3,2,77.5100021362305,0,82.6000000000054
82.6,3,2,77.5199966430664,0,82.6100000000054
82.61,3,2,77.5299987792969,0,82.6200000000054
82.62,3,2,77.5400009155273,0,82.6300000000054
82.63,3,2,77.5500030517578,0,82.6400000000054
82.64,3,2,77.5599975585938,0,82.6500000000054
82.65,3,2,77.5699996948242,0,82.6600000000054
82.66,3,2,77.5800018310547,0,82.6700000000054
82.67,3,2,77.5899963378906,0,82.6800000000054
82.68,3,2,77.5999984741211,0,82.6900000000054
82.69,3,2,77.6100006103516,0,82.7000000000054
82.7,3,2,77.620002746582,0,82.7100000000054
82.71,3,2,77.629997253418,0,82.7200000000054
82.72,3,2,77.6399993896484,0,82.7300000000054
82.73,3,2,77.6500015258789,0,82.7400000000054
82.74,3,2,77.6600036621094,0,82.7500000000054
82.75,3,2,77.6699981689453,0,82.7600000000054
82.76,3,2,77.6800003051758,0,82.7700000000054
82.77,3,2,77.6900024414062,0,82.7800000000054
82.78,3,2,77.6999969482422,0,82.7900000000054
82.79,3,2,77.7099990844727,0,82.8000000000055
82.8,3,2,77.7200012207031,0,82.8100000000055
82.81,3,2,77.7300033569336,0,82.8200000000055
82.82,3,2,77.7399978637695,0,82.8300000000055
82.83,3,2,77.75,0,82.8400000000055
82.84,3,2,77.7600021362305,0,82.8500000000055
82.85,3,2,77.7699966430664,0,82.8600000000055
82.86,3,2,77.7799987792969,0,82.8700000000055
82.87,3,2,77.7900009155273,0,82.8800000000055
82.88,3,2,77.8000030517578,0,82.8900000000055
82.89,3,2,77.8099975585938,0,82.9000000000055
82.9,3,2,77.8199996948242,0,82.9100000000055
82.91,3,2,77.8300018310547,0,82.9200000000055
82.92,3,2,77.8399963378906,0,82.9300000000055
82.93,3,2,77.8499984741211,0,82.9400000000055
82.94,3,2,77.8600006103516,0,82.9500000000055
82.95,3,2,77.870002746582,0,82.9600000000055
82.96,3,2,77.879997253418,0,82.9700000000055
82.97,3,2,77.8899993896484,0,82.9800000000055
82.98,3,2,77.9000015258789,0,82.9900000000056
82.99,3,2,77.9100036621094,0,83.0000000000056
83,3,2,77.9199981689453,0,83.0100000000056
83.01,3,2,77.9300003051758,0,83.0200000000056
83.02,3,2,77.9400024414062,0,83.0300000000056
83.03,3,2,77.9499969482422,0,83.0400000000056
83.04,3,2,77.9599990844727,0,83.0500000000056
83.05,3,2,77.9700012207031,0,83.0600000000056
83.06,3,2,77.9800033569336,0,83.0700000000056
83.07,3,2,77.9899978637695,0,83.0800000000056
83.08,3,2,78,0,83.0900000000056
83.09,3,2,78.0100021362305,0,83.1000000000056
83.1,3,2,78.0199966430664,0,83.1100000000056
83.11,3,2,78.0299987792969,0,83.1200000000056
83.12,3,2,78.0400009155273,0,83.1300000000056
83.13,3,2,78.0500030517578,0,83.1400000000056
83.14,3,2,78.0599975585938,0,83.1500000000056
83.15,3,2,78.0699996948242,0,83.1600000000056
83.16,3,2,78.0800018310547,0,83.1700000000056
83.17,3,2,78.0899963378906,0,83.1800000000056
83.18,3,2,78.0999984741211,0,83.1900000000057
83.19,3,2,78.1100006103516,0,83.2000000000057
83.2,3,2,78.120002746582,0,83.2100000000057
83.21,3,2,78.129997253418,0,83.2200000000057
83.22,3,2,78.1399993896484,0,83.2300000000057
83.23,3,2,78.1500015258789,0,83.2400000000057
83.24,3,2,78.1600036621094,0,83.2500000000057
83.25,3,2,78.1699981689453,0,83.2600000000057
83.26,3,2,78.1800003051758,0,83.2700000000057
83.27,3,2,78.1900024414062,0,83.2800000000057
83.28,3,2,78.1999969482422,0,83.2900000000057
83.29,3,2,78.2099990844727,0,83.3000000000057
83.3,3,2,78.2200012207031,0,83.3100000000057
83.31,3,2,78.2300033569336,0,83.3200000000057
83.32,3,2,78.2399978637695,0,83.3300000000057
83.33,3,2,78.25,0,83.3400000000057
83.34,3,2,78.2600021362305,0,83.3500000000057
83.35,3,2,78.2699966430664,0,83.3600000000057
83.36,3,2,78.2799987792969,0,83.3700000000057
83.37,3,2,78.2900009155273,0,83.3800000000058
83.38,3,2,78.3000030517578,0,83.3900000000058
83.39,3,2,78.3099975585938,0,83.4000000000058
83.4,3,2,78.3199996948242,0,83.4100000000058
83.41,3,2,78.3300018310547,0,83.4200000000058
83.42,3,2,78.3399963378906,0,83.4300000000058
83.43,3,2,78.3499984741211,0,83.4400000000058
83.44,3,2,78.3600006103516,0,83.4500000000058
83.45,3,2,78.370002746582,0,83.4600000000058
83.46,3,2,78.379997253418,0,83.4700000000058
83.47,3,2,78.3899993896484,0,83.4800000000058
83.48,3,2,78.4000015258789,0,83.4900000000058
83.49,3,2,78.4100036621094,0,83.5000000000058
83.5,3,2,78.4199981689453,0,83.5100000000058
83.51,3,2,78.4300003051758,0,83.5200000000058
83.52,3,2,78.4400024414062,0,83.5300000000058
83.53,3,2,78.4499969482422,0,83.5400000000058
83.54,3,2,78.4599990844727,0,83.5500000000058
83.55,3,2,78.4700012207031,0,83.5600000000058
83.56,3,2,78.4800033569336,0,83.5700000000058
83.57,3,2,78.4899978637695,0,83.5800000000059
83.58,3,2,78.5,0,83.5900000000059
83.59,3,2,78.5100021362305,0,83.6000000000059
83.6,3,2,78.5199966430664,0,83.6100000000059
83.61,3,2,78.5299987792969,0,83.6200000000059
83.62,3,2,78.5400009155273,0,83.6300000000059
83.63,3,2,78.5500030517578,0,83.6400000000059
83.64,3,2,78.5599975585938,0,83.6500000000059
83.65,3,2,78.5699996948242,0,83.6600000000059
83.66,3,2,78.5800018310547,0,83.6700000000059
83.67,3,2,78.5899963378906,0,83.6800000000059
83.68,3,2,78.5999984741211,0,83.6900000000059
83.69,3,2,78.6100006103516,0,83.7000000000059
83.7,3,2,78.620002746582,0,83.7100000000059
83.71,3,2,78.629997253418,0,83.7200000000059
83.72,3,2,78.6399993896484,0,83.7300000000059
83.73,3,2,78.6500015258789,0,83.7400000000059
83.74,3,2,78.6600036621094,0,83.7500000000059
83.75,3,2,78.6699981689453,0,83.7600000000059
83.76,3,2,78.6800003051758,0,83.770000000006
83.77,3,2,78.6900024414062,0,83.780000000006
83.78,3,2,78.6999969482422,0,83.790000000006
83.79,3,2,78.7099990844727,0,83.800000000006
83.8,3,2,78.7200012207031,0,83.810000000006
83.81,3,2,78.7300033569336,0,83.820000000006
83.82,3,2,78.7399978637695,0,83.830000000006
83.83,3,2,78.75,0,83.840000000006
83.84,3,2,78.7600021362305,0,83.850000000006
83.85,3,2,78.7699966430664,0,83.860000000006
83.86,3,2,78.7799987792969,0,83.870000000006
83.87,3,2,78.7900009155273,0,83.880000000006
83.88,3,2,78.8000030517578,0,83.890000000006
83.89,3,2,78.8099975585938,0,83.900000000006
83.9,3,2,78.8199996948242,0,83.910000000006
83.91,3,2,78.8300018310547,0,83.920000000006
83.92,3,2,78.8399963378906,0,83.930000000006
83.93,3,2,78.8499984741211,0,83.940000000006
83.94,3,2,78.8600006103516,0,83.950000000006
83.95,3,2,78.870002746582,0,83.960000000006
83.96,3,2,78.879997253418,0,83.9700000000061
83.97,3,2,78.8899993896484,0,83.9800000000061
83.98,3,2,78.9000015258789,0,83.9900000000061
83.99,3,2,78.9100036621094,0,84.0000000000061
84,3,2,78.9199981689453,0,84.0100000000061
84.01,3,2,78.9300003051758,0,84.0200000000061
84.02,3,2,78.9400024414062,0,84.0300000000061
84.03,3,2,78.9499969482422,0,84.0400000000061
84.04,3,2,78.9599990844727,0,84.0500000000061
84.05,3,2,78.9700012207031,0,84.0600000000061
84.06,3,2,78.9800033569336,0,84.0700000000061
84.07,3,2,78.9899978637695,0,84.0800000000061
84.08,3,2,79,0,84.0900000000061
84.09,3,2,79.0100021362305,0,84.1000000000061
84.1,3,2,79.0199966430664,0,84.1100000000061
84.11,3,2,79.0299987792969,0,84.1200000000061
84.12,3,2,79.0400009155273,0,84.1300000000061
84.13,3,2,79.0500030517578,0,84.1400000000061
84.14,3,2,79.0599975585938,0,84.1500000000061
84.15,3,2,79.0699996948242,0,84.1600000000061
84.16,3,2,79.0800018310547,0,84.1700000000062
84.17,3,2,79.0899963378906,0,84.1800000000062
84.18,3,2,79.0999984741211,0,84.1900000000062
84.19,3,2,79.1100006103516,0,84.2000000000062
84.2,3,2,79.120002746582,0,84.2100000000062
84.21,3,2,79.129997253418,0,84.2200000000062
84.22,3,2,79.1399993896484,0,84.2300000000062
84.23,3,2,79.1500015258789,0,84.2400000000062
84.24,3,2,79.1600036621094,0,84.2500000000062
84.25,3,2,79.1699981689453,0,84.2600000000062
84.26,3,2,79.1800003051758,0,84.2700000000062
84.27,3,2,79.1900024414062,0,84.2800000000062
84.28,3,2,79.1999969482422,0,84.2900000000062
84.29,3,2,79.2099990844727,0,84.3000000000062
84.3,3,2,79.2200012207031,0,84.3100000000062
84.31,3,2,79.2300033569336,0,84.3200000000062
84.32,3,2,79.2399978637695,0,84.3300000000062
84.33,3,2,79.25,0,84.3400000000062
84.34,3,2,79.2600021362305,0,84.3500000000062
84.35,3,2,79.2699966430664,0,84.3600000000063
84.36,3,2,79.2799987792969,0,84.3700000000063
84.37,3,2,79.2900009155273,0,84.3800000000063
84.38,3,2,79.3000030517578,0,84.3900000000063
84.39,3,2,79.3099975585938,0,84.4000000000063
84.4,3,2,79.3199996948242,0,84.4100000000063
84.41,3,2,79.3300018310547,0,84.4200000000063
84.42,3,2,79.3399963378906,0,84.4300000000063
84.43,3,2,79.3499984741211,0,84.4400000000063
84.44,3,2,79.3600006103516,0,84.4500000000063
84.45,3,2,79.370002746582,0,84.4600000000063
84.46,3,2,79.379997253418,0,84.4700000000063
84.47,3,2,79.3899993896484,0,84.4800000000063
84.48,3,2,79.4000015258789,0,84.4900000000063
84.49,3,2,79.4100036621094,0,84.5000000000063
84.5,3,2,79.4199981689453,0,84.5100000000063
84.51,3,2,79.4300003051758,0,84.5200000000063
84.52,3,2,79.4400024414062,0,84.5300000000063
84.53,3,2,79.4499969482422,0,84.5400000000063
84.54,3,2,79.4599990844727,0,84.5500000000063
84.55,3,2,79.4700012207031,0,84.5600000000064
84.56,3,2,79.4800033569336,0,84.5700000000064
84.57,3,2,79.4899978637695,0,84.5800000000064
84.58,3,2,79.5,0,84.5900000000064
84.59,3,2,79.5100021362305,0,84.6000000000064
84.6,3,2,79.5199966430664,0,84.6100000000064
84.61,3,2,79.5299987792969,0,84.6200000000064
84.62,3,2,79.5400009155273,0,84.6300000000064
84.63,3,2,79.5500030517578,0,84.6400000000064
84.64,3,2,79.5599975585938,0,84.6500000000064
84.65,3,2,79.5699996948242,0,84.6600000000064
84.66,3,2,79.5800018310547,0,84.6700000000064
84.67,3,2,79.5899963378906,0,84.6800000000064
84.68,3,2,79.5999984741211,0,84.6900000000064
84.69,3,2,79.6100006103516,0,84.7000000000064
84.7,3,2,79.620002746582,0,84.7100000000064
84.71,3,2,79.629997253418,0,84.7200000000064
84.72,3,2,79.6399993896484,0,84.7300000000064
84.73,3,2,79.6500015258789,0,84.7400000000064
84.74,3,2,79.6600036621094,0,84.7500000000065
84.75,3,2,79.6699981689453,0,84.7600000000065
84.76,3,2,79.6800003051758,0,84.7700000000065
84.77,3,2,79.6900024414062,0,84.7800000000065
84.78,3,2,79.6999969482422,0,84.7900000000065
84.79,3,2,79.7099990844727,0,84.8000000000065
84.8,3,2,79.7200012207031,0,84.8100000000065
84.81,3,2,79.7300033569336,0,84.8200000000065
84.82,3,2,79.7399978637695,0,84.8300000000065
84.83,3,2,79.75,0,84.8400000000065
84.84,3,2,79.7600021362305,0,84.8500000000065
84.85,3,2,79.7699966430664,0,84.8600000000065
84.86,3,2,79.7799987792969,0,84.8700000000065
84.87,3,2,79.7900009155273,0,84.8800000000065
84.88,3,2,79.8000030517578,0,84.8900000000065
84.89,3,2,79.8099975585938,0,84.9000000000065
84.9,3,2,79.8199996948242,0,84.9100000000065
84.91,3,2,79.8300018310547,0,84.9200000000065
84.92,3,2,79.8399963378906,0,84.9300000000065
84.93,3,2,79.8499984741211,0,84.9400000000065
84.94,3,2,79.8600006103516,0,84.9500000000066
84.95,3,2,79.870002746582,0,84.9600000000066
84.96,3,2,79.879997253418,0,84.9700000000066
84.97,3,2,79.8899993896484,0,84.9800000000066
84.98,3,2,79.9000015258789,0,84.9900000000066
84.99,3,2,79.9100036621094,0,85.0000000000066
85,3,2,79.9199981689453,0,85.0100000000066
85.01,3,2,79.9300003051758,0,85.0200000000066
85.02,3,2,79.9400024414062,0,85.0300000000066
85.03,3,2,79.9499969482422,0,85.0400000000066
85.04,3,2,79.9599990844727,0,85.0500000000066
85.05,3,2,79.9700012207031,0,85.0600000000066
85.06,3,2,79.9800033569336,0,85.0700000000066
85.07,3,2,79.9899978637695,0,85.0800000000066
85.08,3,2,80,0,85.0900000000066
85.09,3,2,80.0100021362305,0,85.1000000000066
85.1,3,2,80.0199966430664,0,85.1100000000066
85.11,3,2,80.0299987792969,0,85.1200000000066
85.12,3,2,80.0400009155273,0,85.1300000000066
85.13,3,2,80.0500030517578,0,85.1400000000067
85.14,3,2,80.0599975585938,0,85.1500000000067
85.15,3,2,80.0699996948242,0,85.1600000000067
85.16,3,2,80.0800018310547,0,85.1700000000067
85.17,3,2,80.0899963378906,0,85.1800000000067
85.18,3,2,80.0999984741211,0,85.1900000000067
85.19,3,2,80.1100006103516,0,85.2000000000067
85.2,3,2,80.120002746582,0,85.2100000000067
85.21,3,2,80.129997253418,0,85.2200000000067
85.22,3,2,80.1399993896484,0,85.2300000000067
85.23,3,2,80.1500015258789,0,85.2400000000067
85.24,3,2,80.1600036621094,0,85.2500000000067
85.25,3,2,80.1699981689453,0,85.2600000000067
85.26,3,2,80.1800003051758,0,85.2700000000067
85.27,3,2,80.1900024414062,0,85.2800000000067
85.28,3,2,80.1999969482422,0,85.2900000000067
85.29,3,2,80.2099990844727,0,85.3000000000067
85.3,3,2,80.2200012207031,0,85.3100000000067
85.31,3,2,80.2300033569336,0,85.3200000000067
85.32,3,2,80.2399978637695,0,85.3300000000067
85.33,3,2,80.25,0,85.3400000000068
85.34,3,2,80.2600021362305,0,85.3500000000068
85.35,3,2,80.2699966430664,0,85.3600000000068
85.36,3,2,80.2799987792969,0,85.3700000000068
85.37,3,2,80.2900009155273,0,85.3800000000068
85.38,3,2,80.3000030517578,0,85.3900000000068
85.39,3,2,80.3099975585938,0,85.4000000000068
85.4,3,2,80.3199996948242,0,85.4100000000068
85.41,3,2,80.3300018310547,0,85.4200000000068
85.42,3,2,80.3399963378906,0,85.4300000000068
85.43,3,2,80.3499984741211,0,85.4400000000068
85.44,3,2,80.3600006103516,0,85.4500000000068
85.45,3,2,80.370002746582,0,85.4600000000068
85.46,3,2,80.379997253418,0,85.4700000000068
85.47,3,2,80.3899993896484,0,85.4800000000068
85.48,3,2,80.4000015258789,0,85.4900000000068
85.49,3,2,80.4100036621094,0,85.5000000000068
85.5,3,2,80.4199981689453,0,85.5100000000068
85.51,3,2,80.4300003051758,0,85.5200000000068
85.52,3,2,80.4400024414062,0,85.5300000000069
85.53,3,2,80.4499969482422,0,85.5400000000069
85.54,3,2,80.4599990844727,0,85.5500000000069
85.55,3,2,80.4700012207031,0,85.5600000000069
85.56,3,2,80.4800033569336,0,85.5700000000069
85.57,3,2,80.4899978637695,0,85.5800000000069
85.58,3,2,80.5,0,85.5900000000069
85.59,3,2,80.5100021362305,0,85.6000000000069
85.6,3,2,80.5199966430664,0,85.6100000000069
85.61,3,2,80.5299987792969,0,85.6200000000069
85.62,3,2,80.5400009155273,0,85.6300000000069
85.63,3,2,80.5500030517578,0,85.6400000000069
85.64,3,2,80.5599975585938,0,85.6500000000069
85.65,3,2,80.5699996948242,0,85.6600000000069
85.66,3,2,80.5800018310547,0,85.6700000000069
85.67,3,2,80.5899963378906,0,85.6800000000069
85.68,3,2,80.5999984741211,0,85.6900000000069
85.69,3,2,80.6100006103516,0,85.7000000000069
85.7,3,2,80.620002746582,0,85.7100000000069
85.71,3,2,80.629997253418,0,85.7200000000069
85.72,3,2,80.6399993896484,0,85.730000000007
85.73,3,2,80.6500015258789,0,85.740000000007
85.74,3,2,80.6600036621094,0,85.750000000007
85.75,3,2,80.6699981689453,0,85.760000000007
85.76,3,2,80.6800003051758,0,85.770000000007
85.77,3,2,80.6900024414062,0,85.780000000007
85.78,3,2,80.6999969482422,0,85.790000000007
85.79,3,2,80.7099990844727,0,85.800000000007
85.8,3,2,80.7200012207031,0,85.810000000007
85.81,3,2,80.7300033569336,0,85.820000000007
85.82,3,2,80.7399978637695,0,85.830000000007
85.83,3,2,80.75,0,85.840000000007
85.84,3,2,80.7600021362305,0,85.850000000007
85.85,3,2,80.7699966430664,0,85.860000000007
85.86,3,2,80.7799987792969,0,85.870000000007
85.87,3,2,80.7900009155273,0,85.880000000007
85.88,3,2,80.8000030517578,0,85.890000000007
85.89,3,2,80.8099975585938,0,85.900000000007
85.9,3,2,80.8199996948242,0,85.910000000007
85.91,3,2,80.8300018310547,0,85.9200000000071
85.92,3,2,80.8399963378906,0,85.9300000000071
85.93,3,2,80.8499984741211,0,85.9400000000071
85.94,3,2,80.8600006103516,0,85.9500000000071
85.95,3,2,80.870002746582,0,85.9600000000071
85.96,3,2,80.879997253418,0,85.9700000000071
85.97,3,2,80.8899993896484,0,85.9800000000071
85.98,3,2,80.9000015258789,0,85.9900000000071
85.99,3,2,80.9100036621094,0,86.0000000000071
86,3,2,80.9199981689453,0,86.0100000000071
86.01,3,2,80.9300003051758,0,86.0200000000071
86.02,3,2,80.9400024414062,0,86.0300000000071
86.03,3,2,80.9499969482422,0,86.0400000000071
86.04,3,2,80.9599990844727,0,86.0500000000071
86.05,3,2,80.9700012207031,0,86.0600000000071
86.06,3,2,80.9800033569336,0,86.0700000000071
86.07,3,2,80.9899978637695,0,86.0800000000071
86.08,3,2,81,0,86.0900000000071
86.09,3,2,81.0100021362305,0,86.1000000000071
86.1,3,2,81.0199966430664,0,86.1100000000071
86.11,3,2,81.0299987792969,0,86.1200000000072
86.12,3,2,81.0400009155273,0,86.1300000000072
86.13,3,2,81.0500030517578,0,86.1400000000072
86.14,3,2,81.0599975585938,0,86.1500000000072
86.15,3,2,81.0699996948242,0,86.1600000000072
86.16,3,2,81.0800018310547,0,86.1700000000072
86.17,3,2,81.0899963378906,0,86.1800000000072
86.18,3,2,81.0999984741211,0,86.1900000000072
86.19,3,2,81.1100006103516,0,86.2000000000072
86.2,3,2,81.120002746582,0,86.2100000000072
86.21,3,2,81.129997253418,0,86.2200000000072
86.22,3,2,81.1399993896484,0,86.2300000000072
86.23,3,2,81.1500015258789,0,86.2400000000072
86.24,3,2,81.1600036621094,0,86.2500000000072
86.25,3,2,81.1699981689453,0,86.2600000000072
86.26,3,2,81.1800003051758,0,86.2700000000072
86.27,3,2,81.1900024414062,0,86.2800000000072
86.28,3,2,81.1999969482422,0,86.2900000000072
86.29,3,2,81.2099990844727,0,86.3000000000072
86.3,3,2,81.2200012207031,0,86.3100000000072
86.31,3,2,81.2300033569336,0,86.3200000000073
86.32,3,2,81.2399978637695,0,86.3300000000073
86.33,3,2,81.25,0,86.3400000000073
86.34,3,2,81.2600021362305,0,86.3500000000073
86.35,3,2,81.2699966430664,0,86.3600000000073
86.36,3,2,81.2799987792969,0,86.3700000000073
86.37,3,2,81.2900009155273,0,86.3800000000073
86.38,3,2,81.3000030517578,0,86.3900000000073
86.39,3,2,81.3099975585938,0,86.4000000000073
86.4,3,2,81.3199996948242,0,86.4100000000073
86.41,3,2,81.3300018310547,0,86.4200000000073
86.42,3,2,81.3399963378906,0,86.4300000000073
86.43,3,2,81.3499984741211,0,86.4400000000073
86.44,3,2,81.3600006103516,0,86.4500000000073
86.45,3,2,81.370002746582,0,86.4600000000073
86.46,3,2,81.379997253418,0,86.4700000000073
86.47,3,2,81.3899993896484,0,86.4800000000073
86.48,3,2,81.4000015258789,0,86.4900000000073
86.49,3,2,81.4100036621094,0,86.5000000000073
86.5,3,2,81.4199981689453,0,86.5100000000074
86.51,3,2,81.4300003051758,0,86.5200000000074
86.52,3,2,81.4400024414062,0,86.5300000000074
86.53,3,2,81.4499969482422,0,86.5400000000074
86.54,3,2,81.4599990844727,0,86.5500000000074
86.55,3,2,81.4700012207031,0,86.5600000000074
86.56,3,2,81.4800033569336,0,86.5700000000074
86.57,3,2,81.4899978637695,0,86.5800000000074
86.58,3,2,81.5,0,86.5900000000074
86.59,3,2,81.5100021362305,0,86.6000000000074
86.6,3,2,81.5199966430664,0,86.6100000000074
86.61,3,2,81.5299987792969,0,86.6200000000074
86.62,3,2,81.5400009155273,0,86.6300000000074
86.63,3,2,81.5500030517578,0,86.6400000000074
86.64,3,2,81.5599975585938,0,86.6500000000074
86.65,3,2,81.5699996948242,0,86.6600000000074
86.66,3,2,81.5800018310547,0,86.6700000000074
86.67,3,2,81.5899963378906,0,86.6800000000074
86.68,3,2,81.5999984741211,0,86.6900000000074
86.69,3,2,81.6100006103516,0,86.7000000000074
86.7,3,2,81.620002746582,0,86.7100000000075
86.71,3,2,81.629997253418,0,86.7200000000075
86.72,3,2,81.6399993896484,0,86.7300000000075
86.73,3,2,81.6500015258789,0,86.7400000000075
86.74,3,2,81.6600036621094,0,86.7500000000075
86.75,3,2,81.6699981689453,0,86.7600000000075
86.76,3,2,81.6800003051758,0,86.7700000000075
86.77,3,2,81.6900024414062,0,86.7800000000075
86.78,3,2,81.6999969482422,0,86.7900000000075
86.79,3,2,81.7099990844727,0,86.8000000000075
86.8,3,2,81.7200012207031,0,86.8100000000075
86.81,3,2,81.7300033569336,0,86.8200000000075
86.82,3,2,81.7399978637695,0,86.8300000000075
86.83,3,2,81.75,0,86.8400000000075
86.84,3,2,81.7600021362305,0,86.8500000000075
86.85,3,2,81.7699966430664,0,86.8600000000075
86.86,3,2,81.7799987792969,0,86.8700000000075
86.87,3,2,81.7900009155273,0,86.8800000000075
86.88,3,2,81.8000030517578,0,86.8900000000075
86.89,3,2,81.8099975585938,0,86.9000000000076
86.9,3,2,81.8199996948242,0,86.9100000000076
86.91,3,2,81.8300018310547,0,86.9200000000076
86.92,3,2,81.8399963378906,0,86.9300000000076
86.93,3,2,81.8499984741211,0,86.9400000000076
86.94,3,2,81.8600006103516,0,86.9500000000076
86.95,3,2,81.870002746582,0,86.9600000000076
86.96,3,2,81.879997253418,0,86.9700000000076
86.97,3,2,81.8899993896484,0,86.9800000000076
86.98,3,2,81.9000015258789,0,86.9900000000076
86.99,3,2,81.9100036621094,0,87.0000000000076
87,3,2,81.9199981689453,0,87.0100000000076
87.01,3,2,81.9300003051758,0,87.0200000000076
87.02,3,2,81.9400024414062,0,87.0300000000076
87.03,3,2,81.9499969482422,0,87.0400000000076
87.04,3,2,81.9599990844727,0,87.0500000000076
87.05,3,2,81.9700012207031,0,87.0600000000076
87.06,3,2,81.9800033569336,0,87.0700000000076
87.07,3,2,81.9899978637695,0,87.0800000000076
87.08,3,2,82,0,87.0900000000076
87.09,3,2,82.0100021362305,0,87.1000000000077
87.1,3,2,82.0199966430664,0,87.1100000000077
87.11,3,2,82.0299987792969,0,87.1200000000077
87.12,3,2,82.0400009155273,0,87.1300000000077
87.13,3,2,82.0500030517578,0,87.1400000000077
87.14,3,2,82.0599975585938,0,87.1500000000077
87.15,3,2,82.0699996948242,0,87.1600000000077
87.16,3,2,82.0800018310547,0,87.1700000000077
87.17,3,2,82.0899963378906,0,87.1800000000077
87.18,3,2,82.0999984741211,0,87.1900000000077
87.19,3,2,82.1100006103516,0,87.2000000000077
87.2,3,2,82.120002746582,0,87.2100000000077
87.21,3,2,82.129997253418,0,87.2200000000077
87.22,3,2,82.1399993896484,0,87.2300000000077
87.23,3,2,82.1500015258789,0,87.2400000000077
87.24,3,2,82.1600036621094,0,87.2500000000077
87.25,3,2,82.1699981689453,0,87.2600000000077
87.26,3,2,82.1800003051758,0,87.2700000000077
87.27,3,2,82.1900024414062,0,87.2800000000077
87.28,3,2,82.1999969482422,0,87.2900000000078
87.29,3,2,82.2099990844727,0,87.3000000000078
87.3,3,2,82.2200012207031,0,87.3100000000078
87.31,3,2,82.2300033569336,0,87.3200000000078
87.32,3,2,82.2399978637695,0,87.3300000000078
87.33,3,2,82.25,0,87.3400000000078
87.34,3,2,82.2600021362305,0,87.3500000000078
87.35,3,2,82.2699966430664,0,87.3600000000078
87.36,3,2,82.2799987792969,0,87.3700000000078
87.37,3,2,82.2900009155273,0,87.3800000000078
87.38,3,2,82.3000030517578,0,87.3900000000078
87.39,3,2,82.3099975585938,0,87.4000000000078
87.4,3,2,82.3199996948242,0,87.4100000000078
87.41,3,2,82.3300018310547,0,87.4200000000078
87.42,3,2,82.3399963378906,0,87.4300000000078
87.43,3,2,82.3499984741211,0,87.4400000000078
87.44,3,2,82.3600006103516,0,87.4500000000078
87.45,3,2,82.370002746582,0,87.4600000000078
87.46,3,2,82.379997253418,0,87.4700000000078
87.47,3,2,82.3899993896484,0,87.4800000000078
87.48,3,2,82.4000015258789,0,87.4900000000079
87.49,3,2,82.4100036621094,0,87.5000000000079
87.5,3,2,82.4199981689453,0,87.5100000000079
87.51,3,2,82.4300003051758,0,87.5200000000079
87.52,3,2,82.4400024414062,0,87.5300000000079
87.53,3,2,82.4499969482422,0,87.5400000000079
87.54,3,2,82.4599990844727,0,87.5500000000079
87.55,3,2,82.4700012207031,0,87.5600000000079
87.56,3,2,82.4800033569336,0,87.5700000000079
87.57,3,2,82.4899978637695,0,87.5800000000079
87.58,3,2,82.5,0,87.5900000000079
87.59,3,2,82.5100021362305,0,87.6000000000079
87.6,3,2,82.5199966430664,0,87.6100000000079
87.61,3,2,82.5299987792969,0,87.6200000000079
87.62,3,2,82.5400009155273,0,87.6300000000079
87.63,3,2,82.5500030517578,0,87.6400000000079
87.64,3,2,82.5599975585938,0,87.6500000000079
87.65,3,2,82.5699996948242,0,87.6600000000079
87.66,3,2,82.5800018310547,0,87.6700000000079
87.67,3,2,82.5899963378906,0,87.680000000008
87.68,3,2,82.5999984741211,0,87.690000000008
87.69,3,2,82.6100006103516,0,87.700000000008
87.7,3,2,82.620002746582,0,87.710000000008
87.71,3,2,82.629997253418,0,87.720000000008
87.72,3,2,82.6399993896484,0,87.730000000008
87.73,3,2,82.6500015258789,0,87.740000000008
87.74,3,2,82.6600036621094,0,87.750000000008
87.75,3,2,82.6699981689453,0,87.760000000008
87.76,3,2,82.6800003051758,0,87.770000000008
87.77,3,2,82.6900024414062,0,87.780000000008
87.78,3,2,82.6999969482422,0,87.790000000008
87.79,3,2,82.7099990844727,0,87.800000000008
87.8,3,2,82.7200012207031,0,87.810000000008
87.81,3,2,82.7300033569336,0,87.820000000008
87.82,3,2,82.7399978637695,0,87.830000000008
87.83,3,2,82.75,0,87.840000000008
87.84,3,2,82.7600021362305,0,87.850000000008
87.85,3,2,82.7699966430664,0,87.860000000008
87.86,3,2,82.7799987792969,0,87.870000000008
87.87,3,2,82.7900009155273,0,87.8800000000081
87.88,3,2,82.8000030517578,0,87.8900000000081
87.89,3,2,82.8099975585938,0,87.9000000000081
87.9,3,2,82.8199996948242,0,87.9100000000081
87.91,3,2,82.8300018310547,0,87.9200000000081
87.92,3,2,82.8399963378906,0,87.9300000000081
87.93,3,2,82.8499984741211,0,87.9400000000081
87.94,3,2,82.8600006103516,0,87.9500000000081
87.95,3,2,82.870002746582,0,87.9600000000081
87.96,3,2,82.879997253418,0,87.9700000000081
87.97,3,2,82.8899993896484,0,87.9800000000081
87.98,3,2,82.9000015258789,0,87.9900000000081
87.99,3,2,82.9100036621094,0,88.0000000000081
88,3,2,82.9199981689453,0,88.0100000000081
88.01,3,2,82.9300003051758,0,88.0200000000081
88.02,3,2,82.9400024414062,0,88.0300000000081
88.03,3,2,82.9499969482422,0,88.0400000000081
88.04,3,2,82.9599990844727,0,88.0500000000081
88.05,3,2,82.9700012207031,0,88.0600000000081
88.06,3,2,82.9800033569336,0,88.0700000000082
88.07,3,2,82.9899978637695,0,88.0800000000082
88.08,3,2,83,0,88.0900000000082
88.09,3,2,83.0100021362305,0,88.1000000000082
88.1,3,2,83.0199966430664,0,88.1100000000082
88.11,3,2,83.0299987792969,0,88.1200000000082
88.12,3,2,83.0400009155273,0,88.1300000000082
88.13,3,2,83.0500030517578,0,88.1400000000082
88.14,3,2,83.0599975585938,0,88.1500000000082
88.15,3,2,83.0699996948242,0,88.1600000000082
88.16,3,2,83.0800018310547,0,88.1700000000082
88.17,3,2,83.0899963378906,0,88.1800000000082
88.18,3,2,83.0999984741211,0,88.1900000000082
88.19,3,2,83.1100006103516,0,88.2000000000082
88.2,3,2,83.120002746582,0,88.2100000000082
88.21,3,2,83.129997253418,0,88.2200000000082
88.22,3,2,83.1399993896484,0,88.2300000000082
88.23,3,2,83.1500015258789,0,88.2400000000082
88.24,3,2,83.1600036621094,0,88.2500000000082
88.25,3,2,83.1699981689453,0,88.2600000000082
88.26,3,2,83.1800003051758,0,88.2700000000083
88.27,3,2,83.1900024414062,0,88.2800000000083
88.28,3,2,83.1999969482422,0,88.2900000000083
88.29,3,2,83.2099990844727,0,88.3000000000083
88.3,3,2,83.2200012207031,0,88.3100000000083
88.31,3,2,83.2300033569336,0,88.3200000000083
88.32,3,2,83.2399978637695,0,88.3300000000083
88.33,3,2,83.25,0,88.3400000000083
88.34,3,2,83.2600021362305,0,88.3500000000083
88.35,3,2,83.2699966430664,0,88.3600000000083
88.36,3,2,83.2799987792969,0,88.3700000000083
88.37,3,2,83.2900009155273,0,88.3800000000083
88.38,3,2,83.3000030517578,0,88.3900000000083
88.39,3,2,83.3099975585938,0,88.4000000000083
88.4,3,2,83.3199996948242,0,88.4100000000083
88.41,3,2,83.3300018310547,0,88.4200000000083
88.42,3,2,83.3399963378906,0,88.4300000000083
88.43,3,2,83.3499984741211,0,88.4400000000083
88.44,3,2,83.3600006103516,0,88.4500000000083
88.45,3,2,83.370002746582,0,88.4600000000083
88.46,3,2,83.379997253418,0,88.4700000000084
88.47,3,2,83.3899993896484,0,88.4800000000084
88.48,3,2,83.4000015258789,0,88.4900000000084
88.49,3,2,83.4100036621094,0,88.5000000000084
88.5,3,2,83.4199981689453,0,88.5100000000084
88.51,3,2,83.4300003051758,0,88.5200000000084
88.52,3,2,83.4400024414062,0,88.5300000000084
88.53,3,2,83.4499969482422,0,88.5400000000084
88.54,3,2,83.4599990844727,0,88.5500000000084
88.55,3,2,83.4700012207031,0,88.5600000000084
88.56,3,2,83.4800033569336,0,88.5700000000084
88.57,3,2,83.4899978637695,0,88.5800000000084
88.58,3,2,83.5,0,88.5900000000084
88.59,3,2,83.5100021362305,0,88.6000000000084
88.6,3,2,83.5199966430664,0,88.6100000000084
88.61,3,2,83.5299987792969,0,88.6200000000084
88.62,3,2,83.5400009155273,0,88.6300000000084
88.63,3,2,83.5500030517578,0,88.6400000000084
88.64,3,2,83.5599975585938,0,88.6500000000084
88.65,3,2,83.5699996948242,0,88.6600000000085
88.66,3,2,83.5800018310547,0,88.6700000000085
88.67,3,2,83.5899963378906,0,88.6800000000085
88.68,3,2,83.5999984741211,0,88.6900000000085
88.69,3,2,83.6100006103516,0,88.7000000000085
88.7,3,2,83.620002746582,0,88.7100000000085
88.71,3,2,83.629997253418,0,88.7200000000085
88.72,3,2,83.6399993896484,0,88.7300000000085
88.73,3,2,83.6500015258789,0,88.7400000000085
88.74,3,2,83.6600036621094,0,88.7500000000085
88.75,3,2,83.6699981689453,0,88.7600000000085
88.76,3,2,83.6800003051758,0,88.7700000000085
88.77,3,2,83.6900024414062,0,88.7800000000085
88.78,3,2,83.6999969482422,0,88.7900000000085
88.79,3,2,83.7099990844727,0,88.8000000000085
88.8,3,2,83.7200012207031,0,88.8100000000085
88.81,3,2,83.7300033569336,0,88.8200000000085
88.82,3,2,83.7399978637695,0,88.8300000000085
88.83,3,2,83.75,0,88.8400000000085
88.84,3,2,83.7600021362305,0,88.8500000000085
88.85,3,2,83.7699966430664,0,88.8600000000086
88.86,3,2,83.7799987792969,0,88.8700000000086
88.87,3,2,83.7900009155273,0,88.8800000000086
88.88,3,2,83.8000030517578,0,88.8900000000086
88.89,3,2,83.8099975585938,0,88.9000000000086
88.9,3,2,83.8199996948242,0,88.9100000000086
88.91,3,2,83.8300018310547,0,88.9200000000086
88.92,3,2,83.8399963378906,0,88.9300000000086
88.93,3,2,83.8499984741211,0,88.9400000000086
88.94,3,2,83.8600006103516,0,88.9500000000086
88.95,3,2,83.870002746582,0,88.9600000000086
88.96,3,2,83.879997253418,0,88.9700000000086
88.97,3,2,83.8899993896484,0,88.9800000000086
88.98,3,2,83.9000015258789,0,88.9900000000086
88.99,3,2,83.9100036621094,0,89.0000000000086
89,3,2,83.9199981689453,0,89.0100000000086
89.01,3,2,83.9300003051758,0,89.0200000000086
89.02,3,2,83.9400024414062,0,89.0300000000086
89.03,3,2,83.9499969482422,0,89.0400000000086
89.04,3,2,83.9599990844727,0,89.0500000000087
89.05,3,2,83.9700012207031,0,89.0600000000087
89.06,3,2,83.9800033569336,0,89.0700000000087
89.07,3,2,83.9899978637695,0,89.0800000000087
89.08,3,2,84,0,89.0900000000087
89.09,3,2,84.0100021362305,0,89.1000000000087
89.1,3,2,84.0199966430664,0,89.1100000000087
89.11,3,2,84.0299987792969,0,89.1200000000087
89.12,3,2,84.0400009155273,0,89.1300000000087
89.13,3,2,84.0500030517578,0,89.1400000000087
89.14,3,2,84.0599975585938,0,89.1500000000087
89.15,3,2,84.0699996948242,0,89.1600000000087
89.16,3,2,84.0800018310547,0,89.1700000000087
89.17,3,2,84.0899963378906,0,89.1800000000087
89.18,3,2,84.0999984741211,0,89.1900000000087
89.19,3,2,84.1100006103516,0,89.2000000000087
89.2,3,2,84.120002746582,0,89.2100000000087
89.21,3,2,84.129997253418,0,89.2200000000087
89.22,3,2,84.1399993896484,0,89.2300000000087
89.23,3,2,84.1500015258789,0,89.2400000000087
89.24,3,2,84.1600036621094,0,89.2500000000088
89.25,3,2,84.1699981689453,0,89.2600000000088
89.26,3,2,84.1800003051758,0,89.2700000000088
89.27,3,2,84.1900024414062,0,89.2800000000088
89.28,3,2,84.1999969482422,0,89.2900000000088
89.29,3,2,84.2099990844727,0,89.3000000000088
89.3,3,2,84.2200012207031,0,89.3100000000088
89.31,3,2,84.2300033569336,0,89.3200000000088
89.32,3,2,84.2399978637695,0,89.3300000000088
89.33,3,2,84.25,0,89.3400000000088
89.34,3,2,84.2600021362305,0,89.3500000000088
89.35,3,2,84.2699966430664,0,89.3600000000088
89.36,3,2,84.2799987792969,0,89.3700000000088
89.37,3,2,84.2900009155273,0,89.3800000000088
89.38,3,2,84.3000030517578,0,89.3900000000088
89.39,3,2,84.3099975585938,0,89.4000000000088
89.4,3,2,84.3199996948242,0,89.4100000000088
89.41,3,2,84.3300018310547,0,89.4200000000088
89.42,3,2,84.3399963378906,0,89.4300000000088
89.43,3,2,84.3499984741211,0,89.4400000000089
89.44,3,2,84.3600006103516,0,89.4500000000089
89.45,3,2,84.370002746582,0,89.4600000000089
89.46,3,2,84.379997253418,0,89.4700000000089
89.47,3,2,84.3899993896484,0,89.4800000000089
89.48,3,2,84.4000015258789,0,89.4900000000089
89.49,3,2,84.4100036621094,0,89.5000000000089
89.5,3,2,84.4199981689453,0,89.5100000000089
89.51,3,2,84.4300003051758,0,89.5200000000089
89.52,3,2,84.4400024414062,0,89.5300000000089
89.53,3,2,84.4499969482422,0,89.5400000000089
89.54,3,2,84.4599990844727,0,89.5500000000089
89.55,3,2,84.4700012207031,0,89.5600000000089
89.56,3,2,84.4800033569336,0,89.5700000000089
89.57,3,2,84.4899978637695,0,89.5800000000089
89.58,3,2,84.5,0,89.5900000000089
89.59,3,2,84.5100021362305,0,89.6000000000089
89.6,3,2,84.5199966430664,0,89.6100000000089
89.61,3,2,84.5299987792969,0,89.6200000000089
89.62,3,2,84.5400009155273,0,89.6300000000089
89.63,3,2,84.5500030517578,0,89.640000000009
89.64,3,2,84.5599975585938,0,89.650000000009
89.65,3,2,84.5699996948242,0,89.660000000009
89.66,3,2,84.5800018310547,0,89.670000000009
89.67,3,2,84.5899963378906,0,89.680000000009
89.68,3,2,84.5999984741211,0,89.690000000009
89.69,3,2,84.6100006103516,0,89.700000000009
89.7,3,2,84.620002746582,0,89.710000000009
89.71,3,2,84.629997253418,0,89.720000000009
89.72,3,2,84.6399993896484,0,89.730000000009
89.73,3,2,84.6500015258789,0,89.740000000009
89.74,3,2,84.6600036621094,0,89.750000000009
89.75,3,2,84.6699981689453,0,89.760000000009
89.76,3,2,84.6800003051758,0,89.770000000009
89.77,3,2,84.6900024414062,0,89.780000000009
89.78,3,2,84.6999969482422,0,89.790000000009
89.79,3,2,84.7099990844727,0,89.800000000009
89.8,3,2,84.7200012207031,0,89.810000000009
89.81,3,2,84.7300033569336,0,89.820000000009
89.82,3,2,84.7399978637695,0,89.8300000000091
89.83,3,2,84.75,0,89.8400000000091
89.84,3,2,84.7600021362305,0,89.8500000000091
89.85,3,2,84.7699966430664,0,89.8600000000091
89.86,3,2,84.7799987792969,0,89.8700000000091
89.87,3,2,84.7900009155273,0,89.8800000000091
89.88,3,2,84.8000030517578,0,89.8900000000091
89.89,3,2,84.8099975585938,0,89.9000000000091
89.9,3,2,84.8199996948242,0,89.9100000000091
89.91,3,2,84.8300018310547,0,89.9200000000091
89.92,3,2,84.8399963378906,0,89.9300000000091
89.93,3,2,84.8499984741211,0,89.9400000000091
89.94,3,2,84.8600006103516,0,89.9500000000091
89.95,3,2,84.870002746582,0,89.9600000000091
89.96,3,2,84.879997253418,0,89.9700000000091
89.97,3,2,84.8899993896484,0,89.9800000000091
89.98,3,2,84.9000015258789,0,89.9900000000091
89.99,3,2,84.9100036621094,0,90.0000000000091
90,3,2,84.9199981689453,0,90.0100000000091
90.01,3,2,84.9300003051758,0,90.0200000000091
90.02,3,2,84.9400024414062,0,90.0300000000092
90.03,3,2,84.9499969482422,0,90.0400000000092
90.04,3,2,84.9599990844727,0,90.0500000000092
90.05,3,2,84.9700012207031,0,90.0600000000092
90.06,3,2,84.9800033569336,0,90.0700000000092
90.07,3,2,84.9899978637695,0,90.0800000000092
90.08,3,2,85,0,90.0900000000092
90.09,3,2,85.0100021362305,0,90.1000000000092
90.1,3,2,85.0199966430664,0,90.1100000000092
90.11,3,2,85.0299987792969,0,90.1200000000092
90.12,3,2,85.0400009155273,0,90.1300000000092
90.13,3,2,85.0500030517578,0,90.1400000000092
90.14,3,2,85.0599975585938,0,90.1500000000092
90.15,3,2,85.0699996948242,0,90.1600000000092
90.16,3,2,85.0800018310547,0,90.1700000000092
90.17,3,2,85.0899963378906,0,90.1800000000092
90.18,3,2,85.0999984741211,0,90.1900000000092
90.19,3,2,85.1100006103516,0,90.2000000000092
90.2,3,2,85.120002746582,0,90.2100000000092
90.21,3,2,85.129997253418,0,90.2200000000093
90.22,3,2,85.1399993896484,0,90.2300000000093
90.23,3,2,85.1500015258789,0,90.2400000000093
90.24,3,2,85.1600036621094,0,90.2500000000093
90.25,3,2,85.1699981689453,0,90.2600000000093
90.26,3,2,85.1800003051758,0,90.2700000000093
90.27,3,2,85.1900024414062,0,90.2800000000093
90.28,3,2,85.1999969482422,0,90.2900000000093
90.29,3,2,85.2099990844727,0,90.3000000000093
90.3,3,2,85.2200012207031,0,90.3100000000093
90.31,3,2,85.2300033569336,0,90.3200000000093
90.32,3,2,85.2399978637695,0,90.3300000000093
90.33,3,2,85.25,0,90.3400000000093
90.34,3,2,85.2600021362305,0,90.3500000000093
90.35,3,2,85.2699966430664,0,90.3600000000093
90.36,3,2,85.2799987792969,0,90.3700000000093
90.37,3,2,85.2900009155273,0,90.3800000000093
90.38,3,2,85.3000030517578,0,90.3900000000093
90.39,3,2,85.3099975585938,0,90.4000000000093
90.4,3,2,85.3199996948242,0,90.4100000000093
90.41,3,2,85.3300018310547,0,90.4200000000094
90.42,3,2,85.3399963378906,0,90.4300000000094
90.43,3,2,85.3499984741211,0,90.4400000000094
90.44,3,2,85.3600006103516,0,90.4500000000094
90.45,3,2,85.370002746582,0,90.4600000000094
90.46,3,2,85.379997253418,0,90.4700000000094
90.47,3,2,85.3899993896484,0,90.4800000000094
90.48,3,2,85.4000015258789,0,90.4900000000094
90.49,3,2,85.4100036621094,0,90.5000000000094
90.5,3,2,85.4199981689453,0,90.5100000000094
90.51,3,2,85.4300003051758,0,90.5200000000094
90.52,3,2,85.4400024414062,0,90.5300000000094
90.53,3,2,85.4499969482422,0,90.5400000000094
90.54,3,2,85.4599990844727,0,90.5500000000094
90.55,3,2,85.4700012207031,0,90.5600000000094
90.56,3,2,85.4800033569336,0,90.5700000000094
90.57,3,2,85.4899978637695,0,90.5800000000094
90.58,3,2,85.5,0,90.5900000000094
90.59,3,2,85.5100021362305,0,90.6000000000094
90.6,3,2,85.5199966430664,0,90.6100000000094
90.61,3,2,85.5299987792969,0,90.6200000000095
90.62,3,2,85.5400009155273,0,90.6300000000095
90.63,3,2,85.5500030517578,0,90.6400000000095
90.64,3,2,85.5599975585938,0,90.6500000000095
90.65,3,2,85.5699996948242,0,90.6600000000095
90.66,3,2,85.5800018310547,0,90.6700000000095
90.67,3,2,85.5899963378906,0,90.6800000000095
90.68,3,2,85.5999984741211,0,90.6900000000095
90.69,3,2,85.6100006103516,0,90.7000000000095
90.7,3,2,85.620002746582,0,90.7100000000095
90.71,3,2,85.629997253418,0,90.7200000000095
90.72,3,2,85.6399993896484,0,90.7300000000095
90.73,3,2,85.6500015258789,0,90.7400000000095
90.74,3,2,85.6600036621094,0,90.7500000000095
90.75,3,2,85.6699981689453,0,90.7600000000095
90.76,3,2,85.6800003051758,0,90.7700000000095
90.77,3,2,85.6900024414062,0,90.7800000000095
90.78,3,2,85.6999969482422,0,90.7900000000095
90.79,3,2,85.7099990844727,0,90.8000000000095
90.8,3,2,85.7200012207031,0,90.8100000000096
90.81,3,2,85.7300033569336,0,90.8200000000096
90.82,3,2,85.7399978637695,0,90.8300000000096
90.83,3,2,85.75,0,90.8400000000096
90.84,3,2,85.7600021362305,0,90.8500000000096
90.85,3,2,85.7699966430664,0,90.8600000000096
90.86,3,2,85.7799987792969,0,90.8700000000096
90.87,3,2,85.7900009155273,0,90.8800000000096
90.88,3,2,85.8000030517578,0,90.8900000000096
90.89,3,2,85.8099975585938,0,90.9000000000096
90.9,3,2,85.8199996948242,0,90.9100000000096
90.91,3,2,85.8300018310547,0,90.9200000000096
90.92,3,2,85.8399963378906,0,90.9300000000096
90.93,3,2,85.8499984741211,0,90.9400000000096
90.94,3,2,85.8600006103516,0,90.9500000000096
90.95,3,2,85.870002746582,0,90.9600000000096
90.96,3,2,85.879997253418,0,90.9700000000096
90.97,3,2,85.8899993896484,0,90.9800000000096
90.98,3,2,85.9000015258789,0,90.9900000000096
90.99,3,2,85.9100036621094,0,91.0000000000096
91,3,2,85.9199981689453,0,91.0100000000097
91.01,3,2,85.9300003051758,0,91.0200000000097
91.02,3,2,85.9400024414062,0,91.0300000000097
91.03,3,2,85.9499969482422,0,91.0400000000097
91.04,3,2,85.9599990844727,0,91.0500000000097
91.05,3,2,85.9700012207031,0,91.0600000000097
91.06,3,2,85.9800033569336,0,91.0700000000097
91.07,3,2,85.9899978637695,0,91.0800000000097
91.08,3,2,86,0,91.0900000000097
91.09,3,2,86.0100021362305,0,91.1000000000097
91.1,3,2,86.0199966430664,0,91.1100000000097
91.11,3,2,86.0299987792969,0,91.1200000000097
91.12,3,2,86.0400009155273,0,91.1300000000097
91.13,3,2,86.0500030517578,0,91.1400000000097
91.14,3,2,86.0599975585938,0,91.1500000000097
91.15,3,2,86.0699996948242,0,91.1600000000097
91.16,3,2,86.0800018310547,0,91.1700000000097
91.17,3,2,86.0899963378906,0,91.1800000000097
91.18,3,2,86.0999984741211,0,91.1900000000097
91.19,3,2,86.1100006103516,0,91.2000000000098
91.2,3,2,86.120002746582,0,91.2100000000098
91.21,3,2,86.129997253418,0,91.2200000000098
91.22,3,2,86.1399993896484,0,91.2300000000098
91.23,3,2,86.1500015258789,0,91.2400000000098
91.24,3,2,86.1600036621094,0,91.2500000000098
91.25,3,2,86.1699981689453,0,91.2600000000098
91.26,3,2,86.1800003051758,0,91.2700000000098
91.27,3,2,86.1900024414062,0,91.2800000000098
91.28,3,2,86.1999969482422,0,91.2900000000098
91.29,3,2,86.2099990844727,0,91.3000000000098
91.3,3,2,86.2200012207031,0,91.3100000000098
91.31,3,2,86.2300033569336,0,91.3200000000098
91.32,3,2,86.2399978637695,0,91.3300000000098
91.33,3,2,86.25,0,91.3400000000098
91.34,3,2,86.2600021362305,0,91.3500000000098
91.35,3,2,86.2699966430664,0,91.3600000000098
91.36,3,2,86.2799987792969,0,91.3700000000098
91.37,3,2,86.2900009155273,0,91.3800000000098
91.38,3,2,86.3000030517578,0,91.3900000000098
91.39,3,2,86.3099975585938,0,91.4000000000099
91.4,3,2,86.3199996948242,0,91.4100000000099
91.41,3,2,86.3300018310547,0,91.4200000000099
91.42,3,2,86.3399963378906,0,91.4300000000099
91.43,3,2,86.3499984741211,0,91.4400000000099
91.44,3,2,86.3600006103516,0,91.4500000000099
91.45,3,2,86.370002746582,0,91.4600000000099
91.46,3,2,86.379997253418,0,91.4700000000099
91.47,3,2,86.3899993896484,0,91.4800000000099
91.48,3,2,86.4000015258789,0,91.4900000000099
91.49,3,2,86.4100036621094,0,91.5000000000099
91.5,3,2,86.4199981689453,0,91.5100000000099
91.51,3,2,86.4300003051758,0,91.5200000000099
91.52,3,2,86.4400024414062,0,91.5300000000099
91.53,3,2,86.4499969482422,0,91.5400000000099
91.54,3,2,86.4599990844727,0,91.5500000000099
91.55,3,2,86.4700012207031,0,91.5600000000099
91.56,3,2,86.4800033569336,0,91.5700000000099
91.57,3,2,86.4899978637695,0,91.5800000000099
91.58,3,2,86.5,0,91.59000000001
91.59,3,2,86.5100021362305,0,91.60000000001
91.6,3,2,86.5199966430664,0,91.61000000001
91.61,3,2,86.5299987792969,0,91.62000000001
91.62,3,2,86.5400009155273,0,91.63000000001
91.63,3,2,86.5500030517578,0,91.64000000001
91.64,3,2,86.5599975585938,0,91.65000000001
91.65,3,2,86.5699996948242,0,91.66000000001
91.66,3,2,86.5800018310547,0,91.67000000001
91.67,3,2,86.5899963378906,0,91.68000000001
91.68,3,2,86.5999984741211,0,91.69000000001
91.69,3,2,86.6100006103516,0,91.70000000001
91.7,3,2,86.620002746582,0,91.71000000001
91.71,3,2,86.629997253418,0,91.72000000001
91.72,3,2,86.6399993896484,0,91.73000000001
91.73,3,2,86.6500015258789,0,91.74000000001
91.74,3,2,86.6600036621094,0,91.75000000001
91.75,3,2,86.6699981689453,0,91.76000000001
91.76,3,2,86.6800003051758,0,91.77000000001
91.77,3,2,86.6900024414062,0,91.78000000001
91.78,3,2,86.6999969482422,0,91.7900000000101
91.79,3,2,86.7099990844727,0,91.8000000000101
91.8,3,2,86.7200012207031,0,91.8100000000101
91.81,3,2,86.7300033569336,0,91.8200000000101
91.82,3,2,86.7399978637695,0,91.8300000000101
91.83,3,2,86.75,0,91.8400000000101
91.84,3,2,86.7600021362305,0,91.8500000000101
91.85,3,2,86.7699966430664,0,91.8600000000101
91.86,3,2,86.7799987792969,0,91.8700000000101
91.87,3,2,86.7900009155273,0,91.8800000000101
91.88,3,2,86.8000030517578,0,91.8900000000101
91.89,3,2,86.8099975585938,0,91.9000000000101
91.9,3,2,86.8199996948242,0,91.9100000000101
91.91,3,2,86.8300018310547,0,91.9200000000101
91.92,3,2,86.8399963378906,0,91.9300000000101
91.93,3,2,86.8499984741211,0,91.9400000000101
91.94,3,2,86.8600006103516,0,91.9500000000101
91.95,3,2,86.870002746582,0,91.9600000000101
91.96,3,2,86.879997253418,0,91.9700000000101
91.97,3,2,86.8899993896484,0,91.9800000000102
91.98,3,2,86.9000015258789,0,91.9900000000102
91.99,3,2,86.9100036621094,0,92.0000000000102
92,3,2,86.9199981689453,0,92.0100000000102
92.01,3,2,86.9300003051758,0,92.0200000000102
92.02,3,2,86.9400024414062,0,92.0300000000102
92.03,3,2,86.9499969482422,0,92.0400000000102
92.04,3,2,86.9599990844727,0,92.0500000000102
92.05,3,2,86.9700012207031,0,92.0600000000102
92.06,3,2,86.9800033569336,0,92.0700000000102
92.07,3,2,86.9899978637695,0,92.0800000000102
92.08,3,2,87,0,92.0900000000102
92.09,3,2,87.0100021362305,0,92.1000000000102
92.1,3,2,87.0199966430664,0,92.1100000000102
92.11,3,2,87.0299987792969,0,92.1200000000102
92.12,3,2,87.0400009155273,0,92.1300000000102
92.13,3,2,87.0500030517578,0,92.1400000000102
92.14,3,2,87.0599975585938,0,92.1500000000102
92.15,3,2,87.0699996948242,0,92.1600000000102
92.16,3,2,87.0800018310547,0,92.1700000000102
92.17,3,2,87.0899963378906,0,92.1800000000103
92.18,3,2,87.0999984741211,0,92.1900000000103
92.19,3,2,87.1100006103516,0,92.2000000000103
92.2,3,2,87.120002746582,0,92.2100000000103
92.21,3,2,87.129997253418,0,92.2200000000103
92.22,3,2,87.1399993896484,0,92.2300000000103
92.23,3,2,87.1500015258789,0,92.2400000000103
92.24,3,2,87.1600036621094,0,92.2500000000103
92.25,3,2,87.1699981689453,0,92.2600000000103
92.26,3,2,87.1800003051758,0,92.2700000000103
92.27,3,2,87.1900024414062,0,92.2800000000103
92.28,3,2,87.1999969482422,0,92.2900000000103
92.29,3,2,87.2099990844727,0,92.3000000000103
92.3,3,2,87.2200012207031,0,92.3100000000103
92.31,3,2,87.2300033569336,0,92.3200000000103
92.32,3,2,87.2399978637695,0,92.3300000000103
92.33,3,2,87.25,0,92.3400000000103
92.34,3,2,87.2600021362305,0,92.3500000000103
92.35,3,2,87.2699966430664,0,92.3600000000103
92.36,3,2,87.2799987792969,0,92.3700000000104
92.37,3,2,87.2900009155273,0,92.3800000000104
92.38,3,2,87.3000030517578,0,92.3900000000104
92.39,3,2,87.3099975585938,0,92.4000000000104
92.4,3,2,87.3199996948242,0,92.4100000000104
92.41,3,2,87.3300018310547,0,92.4200000000104
92.42,3,2,87.3399963378906,0,92.4300000000104
92.43,3,2,87.3499984741211,0,92.4400000000104
92.44,3,2,87.3600006103516,0,92.4500000000104
92.45,3,2,87.370002746582,0,92.4600000000104
92.46,3,2,87.379997253418,0,92.4700000000104
92.47,3,2,87.3899993896484,0,92.4800000000104
92.48,3,2,87.4000015258789,0,92.4900000000104
92.49,3,2,87.4100036621094,0,92.5000000000104
92.5,3,2,87.4199981689453,0,92.5100000000104
92.51,3,2,87.4300003051758,0,92.5200000000104
92.52,3,2,87.4400024414062,0,92.5300000000104
92.53,3,2,87.4499969482422,0,92.5400000000104
92.54,3,2,87.4599990844727,0,92.5500000000104
92.55,3,2,87.4700012207031,0,92.5600000000104
92.56,3,2,87.4800033569336,0,92.5700000000105
92.57,3,2,87.4899978637695,0,92.5800000000105
92.58,3,2,87.5,0,92.5900000000105
92.59,3,2,87.5100021362305,0,92.6000000000105
92.6,3,2,87.5199966430664,0,92.6100000000105
92.61,3,2,87.5299987792969,0,92.6200000000105
92.62,3,2,87.5400009155273,0,92.6300000000105
92.63,3,2,87.5500030517578,0,92.6400000000105
92.64,3,2,87.5599975585938,0,92.6500000000105
92.65,3,2,87.5699996948242,0,92.6600000000105
92.66,3,2,87.5800018310547,0,92.6700000000105
92.67,3,2,87.5899963378906,0,92.6800000000105
92.68,3,2,87.5999984741211,0,92.6900000000105
92.69,3,2,87.6100006103516,0,92.7000000000105
92.7,3,2,87.620002746582,0,92.7100000000105
92.71,3,2,87.629997253418,0,92.7200000000105
92.72,3,2,87.6399993896484,0,92.7300000000105
92.73,3,2,87.6500015258789,0,92.7400000000105
92.74,3,2,87.6600036621094,0,92.7500000000105
92.75,3,2,87.6699981689453,0,92.7600000000105
92.76,3,2,87.6800003051758,0,92.7700000000106
92.77,3,2,87.6900024414062,0,92.7800000000106
92.78,3,2,87.6999969482422,0,92.7900000000106
92.79,3,2,87.7099990844727,0,92.8000000000106
92.8,3,2,87.7200012207031,0,92.8100000000106
92.81,3,2,87.7300033569336,0,92.8200000000106
92.82,3,2,87.7399978637695,0,92.8300000000106
92.83,3,2,87.75,0,92.8400000000106
92.84,3,2,87.7600021362305,0,92.8500000000106
92.85,3,2,87.7699966430664,0,92.8600000000106
92.86,3,2,87.7799987792969,0,92.8700000000106
92.87,3,2,87.7900009155273,0,92.8800000000106
92.88,3,2,87.8000030517578,0,92.8900000000106
92.89,3,2,87.8099975585938,0,92.9000000000106
92.9,3,2,87.8199996948242,0,92.9100000000106
92.91,3,2,87.8300018310547,0,92.9200000000106
92.92,3,2,87.8399963378906,0,92.9300000000106
92.93,3,2,87.8499984741211,0,92.9400000000106
92.94,3,2,87.8600006103516,0,92.9500000000106
92.95,3,2,87.870002746582,0,92.9600000000107
92.96,3,2,87.879997253418,0,92.9700000000107
92.97,3,2,87.8899993896484,0,92.9800000000107
92.98,3,2,87.9000015258789,0,92.9900000000107
92.99,3,2,87.9100036621094,0,93.0000000000107
93,3,2,87.9199981689453,0,93.0100000000107
93.01,3,2,87.9300003051758,0,93.0200000000107
93.02,3,2,87.9400024414062,0,93.0300000000107
93.03,3,2,87.9499969482422,0,93.0400000000107
93.04,3,2,87.9599990844727,0,93.0500000000107
93.05,3,2,87.9700012207031,0,93.0600000000107
93.06,3,2,87.9800033569336,0,93.0700000000107
93.07,3,2,87.9899978637695,0,93.0800000000107
93.08,3,2,88,0,93.0900000000107
93.09,3,2,88.0100021362305,0,93.1000000000107
93.1,3,2,88.0199966430664,0,93.1100000000107
93.11,3,2,88.0299987792969,0,93.1200000000107
93.12,3,2,88.0400009155273,0,93.1300000000107
93.13,3,2,88.0500030517578,0,93.1400000000107
93.14,3,2,88.0599975585938,0,93.1500000000107
93.15,3,2,88.0699996948242,0,93.1600000000108
93.16,3,2,88.0800018310547,0,93.1700000000108
93.17,3,2,88.0899963378906,0,93.1800000000108
93.18,3,2,88.0999984741211,0,93.1900000000108
93.19,3,2,88.1100006103516,0,93.2000000000108
93.2,3,2,88.120002746582,0,93.2100000000108
93.21,3,2,88.129997253418,0,93.2200000000108
93.22,3,2,88.1399993896484,0,93.2300000000108
93.23,3,2,88.1500015258789,0,93.2400000000108
93.24,3,2,88.1600036621094,0,93.2500000000108
93.25,3,2,88.1699981689453,0,93.2600000000108
93.26,3,2,88.1800003051758,0,93.2700000000108
93.27,3,2,88.1900024414062,0,93.2800000000108
93.28,3,2,88.1999969482422,0,93.2900000000108
93.29,3,2,88.2099990844727,0,93.3000000000108
93.3,3,2,88.2200012207031,0,93.3100000000108
93.31,3,2,88.2300033569336,0,93.3200000000108
93.32,3,2,88.2399978637695,0,93.3300000000108
93.33,3,2,88.25,0,93.3400000000108
93.34,3,2,88.2600021362305,0,93.3500000000109
93.35,3,2,88.2699966430664,0,93.3600000000109
93.36,3,2,88.2799987792969,0,93.3700000000109
93.37,3,2,88.2900009155273,0,93.3800000000109
93.38,3,2,88.3000030517578,0,93.3900000000109
93.39,3,2,88.3099975585938,0,93.4000000000109
93.4,3,2,88.3199996948242,0,93.4100000000109
93.41,3,2,88.3300018310547,0,93.4200000000109
93.42,3,2,88.3399963378906,0,93.4300000000109
93.43,3,2,88.3499984741211,0,93.4400000000109
93.44,3,2,88.3600006103516,0,93.4500000000109
93.45,3,2,88.370002746582,0,93.4600000000109
93.46,3,2,88.379997253418,0,93.4700000000109
93.47,3,2,88.3899993896484,0,93.4800000000109
93.48,3,2,88.4000015258789,0,93.4900000000109
93.49,3,2,88.4100036621094,0,93.5000000000109
93.5,3,2,88.4199981689453,0,93.5100000000109
93.51,3,2,88.4300003051758,0,93.5200000000109
93.52,3,2,88.4400024414062,0,93.5300000000109
93.53,3,2,88.4499969482422,0,93.5400000000109
93.54,3,2,88.4599990844727,0,93.550000000011
93.55,3,2,88.4700012207031,0,93.560000000011
93.56,3,2,88.4800033569336,0,93.570000000011
93.57,3,2,88.4899978637695,0,93.580000000011
93.58,3,2,88.5,0,93.590000000011
93.59,3,2,88.5100021362305,0,93.600000000011
93.6,3,2,88.5199966430664,0,93.610000000011
93.61,3,2,88.5299987792969,0,93.620000000011
93.62,3,2,88.5400009155273,0,93.630000000011
93.63,3,2,88.5500030517578,0,93.640000000011
93.64,3,2,88.5599975585938,0,93.650000000011
93.65,3,2,88.5699996948242,0,93.660000000011
93.66,3,2,88.5800018310547,0,93.670000000011
93.67,3,2,88.5899963378906,0,93.680000000011
93.68,3,2,88.5999984741211,0,93.690000000011
93.69,3,2,88.6100006103516,0,93.700000000011
93.7,3,2,88.620002746582,0,93.710000000011
93.71,3,2,88.629997253418,0,93.720000000011
93.72,3,2,88.6399993896484,0,93.730000000011
93.73,3,2,88.6500015258789,0,93.7400000000111
93.74,3,2,88.6600036621094,0,93.7500000000111
93.75,3,2,88.6699981689453,0,93.7600000000111
93.76,3,2,88.6800003051758,0,93.7700000000111
93.77,3,2,88.6900024414062,0,93.7800000000111
93.78,3,2,88.6999969482422,0,93.7900000000111
93.79,3,2,88.7099990844727,0,93.8000000000111
93.8,3,2,88.7200012207031,0,93.8100000000111
93.81,3,2,88.7300033569336,0,93.8200000000111
93.82,3,2,88.7399978637695,0,93.8300000000111
93.83,3,2,88.75,0,93.8400000000111
93.84,3,2,88.7600021362305,0,93.8500000000111
93.85,3,2,88.7699966430664,0,93.8600000000111
93.86,3,2,88.7799987792969,0,93.8700000000111
93.87,3,2,88.7900009155273,0,93.8800000000111
93.88,3,2,88.8000030517578,0,93.8900000000111
93.89,3,2,88.8099975585938,0,93.9000000000111
93.9,3,2,88.8199996948242,0,93.9100000000111
93.91,3,2,88.8300018310547,0,93.9200000000111
93.92,3,2,88.8399963378906,0,93.9300000000111
93.93,3,2,88.8499984741211,0,93.9400000000112
93.94,3,2,88.8600006103516,0,93.9500000000112
93.95,3,2,88.870002746582,0,93.9600000000112
93.96,3,2,88.879997253418,0,93.9700000000112
93.97,3,2,88.8899993896484,0,93.9800000000112
93.98,3,2,88.9000015258789,0,93.9900000000112
93.99,3,2,88.9100036621094,0,94.0000000000112
94,3,2,88.9199981689453,0,94.0100000000112
94.01,3,2,88.9300003051758,0,94.0200000000112
94.02,3,2,88.9400024414062,0,94.0300000000112
94.03,3,2,88.9499969482422,0,94.0400000000112
94.04,3,2,88.9599990844727,0,94.0500000000112
94.05,3,2,88.9700012207031,0,94.0600000000112
94.06,3,2,88.9800033569336,0,94.0700000000112
94.07,3,2,88.9899978637695,0,94.0800000000112
94.08,3,2,89,0,94.0900000000112
94.09,3,2,89.0100021362305,0,94.1000000000112
94.1,3,2,89.0199966430664,0,94.1100000000112
94.11,3,2,89.0299987792969,0,94.1200000000112
94.12,3,2,89.0400009155273,0,94.1300000000113
94.13,3,2,89.0500030517578,0,94.1400000000113
94.14,3,2,89.0599975585938,0,94.1500000000113
94.15,3,2,89.0699996948242,0,94.1600000000113
94.16,3,2,89.0800018310547,0,94.1700000000113
94.17,3,2,89.0899963378906,0,94.1800000000113
94.18,3,2,89.0999984741211,0,94.1900000000113
94.19,3,2,89.1100006103516,0,94.2000000000113
94.2,3,2,89.120002746582,0,94.2100000000113
94.21,3,2,89.129997253418,0,94.2200000000113
94.22,3,2,89.1399993896484,0,94.2300000000113
94.23,3,2,89.1500015258789,0,94.2400000000113
94.24,3,2,89.1600036621094,0,94.2500000000113
94.25,3,2,89.1699981689453,0,94.2600000000113
94.26,3,2,89.1800003051758,0,94.2700000000113
94.27,3,2,89.1900024414062,0,94.2800000000113
94.28,3,2,89.1999969482422,0,94.2900000000113
94.29,3,2,89.2099990844727,0,94.3000000000113
94.3,3,2,89.2200012207031,0,94.3100000000113
94.31,3,2,89.2300033569336,0,94.3200000000113
94.32,3,2,89.2399978637695,0,94.3300000000114
94.33,3,2,89.25,0,94.3400000000114
94.34,3,2,89.2600021362305,0,94.3500000000114
94.35,3,2,89.2699966430664,0,94.3600000000114
94.36,3,2,89.2799987792969,0,94.3700000000114
94.37,3,2,89.2900009155273,0,94.3800000000114
94.38,3,2,89.3000030517578,0,94.3900000000114
94.39,3,2,89.3099975585938,0,94.4000000000114
94.4,3,2,89.3199996948242,0,94.4100000000114
94.41,3,2,89.3300018310547,0,94.4200000000114
94.42,3,2,89.3399963378906,0,94.4300000000114
94.43,3,2,89.3499984741211,0,94.4400000000114
94.44,3,2,89.3600006103516,0,94.4500000000114
94.45,3,2,89.370002746582,0,94.4600000000114
94.46,3,2,89.379997253418,0,94.4700000000114
94.47,3,2,89.3899993896484,0,94.4800000000114
94.48,3,2,89.4000015258789,0,94.4900000000114
94.49,3,2,89.4100036621094,0,94.5000000000114
94.5,3,2,89.4199981689453,0,94.5100000000114
94.51,3,2,89.4300003051758,0,94.5200000000114
94.52,3,2,89.4400024414062,0,94.5300000000115
94.53,3,2,89.4499969482422,0,94.5400000000115
94.54,3,2,89.4599990844727,0,94.5500000000115
94.55,3,2,89.4700012207031,0,94.5600000000115
94.56,3,2,89.4800033569336,0,94.5700000000115
94.57,3,2,89.4899978637695,0,94.5800000000115
94.58,3,2,89.5,0,94.5900000000115
94.59,3,2,89.5100021362305,0,94.6000000000115
94.6,3,2,89.5199966430664,0,94.6100000000115
94.61,3,2,89.5299987792969,0,94.6200000000115
94.62,3,2,89.5400009155273,0,94.6300000000115
94.63,3,2,89.5500030517578,0,94.6400000000115
94.64,3,2,89.5599975585938,0,94.6500000000115
94.65,3,2,89.5699996948242,0,94.6600000000115
94.66,3,2,89.5800018310547,0,94.6700000000115
94.67,3,2,89.5899963378906,0,94.6800000000115
94.68,3,2,89.5999984741211,0,94.6900000000115
94.69,3,2,89.6100006103516,0,94.7000000000115
94.7,3,2,89.620002746582,0,94.7100000000115
94.71,3,2,89.629997253418,0,94.7200000000116
94.72,3,2,89.6399993896484,0,94.7300000000116
94.73,3,2,89.6500015258789,0,94.7400000000116
94.74,3,2,89.6600036621094,0,94.7500000000116
94.75,3,2,89.6699981689453,0,94.7600000000116
94.76,3,2,89.6800003051758,0,94.7700000000116
94.77,3,2,89.6900024414062,0,94.7800000000116
94.78,3,2,89.6999969482422,0,94.7900000000116
94.79,3,2,89.7099990844727,0,94.8000000000116
94.8,3,2,89.7200012207031,0,94.8100000000116
94.81,3,2,89.7300033569336,0,94.8200000000116
94.82,3,2,89.7399978637695,0,94.8300000000116
94.83,3,2,89.75,0,94.8400000000116
94.84,3,2,89.7600021362305,0,94.8500000000116
94.85,3,2,89.7699966430664,0,94.8600000000116
94.86,3,2,89.7799987792969,0,94.8700000000116
94.87,3,2,89.7900009155273,0,94.8800000000116
94.88,3,2,89.8000030517578,0,94.8900000000116
94.89,3,2,89.8099975585938,0,94.9000000000116
94.9,3,2,89.8199996948242,0,94.9100000000116
94.91,3,2,89.8300018310547,0,94.9200000000117
94.92,3,2,89.8399963378906,0,94.9300000000117
94.93,3,2,89.8499984741211,0,94.9400000000117
94.94,3,2,89.8600006103516,0,94.9500000000117
94.95,3,2,89.870002746582,0,94.9600000000117
94.96,3,2,89.879997253418,0,94.9700000000117
94.97,3,2,89.8899993896484,0,94.9800000000117
94.98,3,2,89.9000015258789,0,94.9900000000117
94.99,3,2,89.9100036621094,0,95.0000000000117
95,3,2,89.9199981689453,0,95.0100000000117
95.01,3,2,89.9300003051758,0,95.0200000000117
95.02,3,2,89.9400024414062,0,95.0300000000117
95.03,3,2,89.9499969482422,0,95.0400000000117
95.04,3,2,89.9599990844727,0,95.0500000000117
95.05,3,2,89.9700012207031,0,95.0600000000117
95.06,3,2,89.9800033569336,0,95.0700000000117
95.07,3,2,89.9899978637695,0,95.0800000000117
95.08,3,2,90,0,95.0900000000117
95.09,3,2,90.0100021362305,0,95.1000000000117
95.1,3,2,90.0199966430664,0,95.1100000000118
95.11,3,2,90.0299987792969,0,95.1200000000118
95.12,3,2,90.0400009155273,0,95.1300000000118
95.13,3,2,90.0500030517578,0,95.1400000000118
95.14,3,2,90.0599975585938,0,95.1500000000118
95.15,3,2,90.0699996948242,0,95.1600000000118
95.16,3,2,90.0800018310547,0,95.1700000000118
95.17,3,2,90.0899963378906,0,95.1800000000118
95.18,3,2,90.0999984741211,0,95.1900000000118
95.19,3,2,90.1100006103516,0,95.2000000000118
95.2,3,2,90.120002746582,0,95.2100000000118
95.21,3,2,90.129997253418,0,95.2200000000118
95.22,3,2,90.1399993896484,0,95.2300000000118
95.23,3,2,90.1500015258789,0,95.2400000000118
95.24,3,2,90.1600036621094,0,95.2500000000118
95.25,3,2,90.1699981689453,0,95.2600000000118
95.26,3,2,90.1800003051758,0,95.2700000000118
95.27,3,2,90.1900024414062,0,95.2800000000118
95.28,3,2,90.1999969482422,0,95.2900000000118
95.29,3,2,90.2099990844727,0,95.3000000000118
95.3,3,2,90.2200012207031,0,95.3100000000119
95.31,3,2,90.2300033569336,0,95.3200000000119
95.32,3,2,90.2399978637695,0,95.3300000000119
95.33,3,2,90.25,0,95.3400000000119
95.34,3,2,90.2600021362305,0,95.3500000000119
95.35,3,2,90.2699966430664,0,95.3600000000119
95.36,3,2,90.2799987792969,0,95.3700000000119
95.37,3,2,90.2900009155273,0,95.3800000000119
95.38,3,2,90.3000030517578,0,95.3900000000119
95.39,3,2,90.3099975585938,0,95.4000000000119
95.4,3,2,90.3199996948242,0,95.4100000000119
95.41,3,2,90.3300018310547,0,95.4200000000119
95.42,3,2,90.3399963378906,0,95.4300000000119
95.43,3,2,90.3499984741211,0,95.4400000000119
95.44,3,2,90.3600006103516,0,95.4500000000119
95.45,3,2,90.370002746582,0,95.4600000000119
95.46,3,2,90.379997253418,0,95.4700000000119
95.47,3,2,90.3899993896484,0,95.4800000000119
95.48,3,2,90.4000015258789,0,95.4900000000119
95.49,3,2,90.4100036621094,0,95.500000000012
95.5,3,2,90.4199981689453,0,95.510000000012
95.51,3,2,90.4300003051758,0,95.520000000012
95.52,3,2,90.4400024414062,0,95.530000000012
95.53,3,2,90.4499969482422,0,95.540000000012
95.54,3,2,90.4599990844727,0,95.550000000012
95.55,3,2,90.4700012207031,0,95.560000000012
95.56,3,2,90.4800033569336,0,95.570000000012
95.57,3,2,90.4899978637695,0,95.580000000012
95.58,3,2,90.5,0,95.590000000012
95.59,3,2,90.5100021362305,0,95.600000000012
95.6,3,2,90.5199966430664,0,95.610000000012
95.61,3,2,90.5299987792969,0,95.620000000012
95.62,3,2,90.5400009155273,0,95.630000000012
95.63,3,2,90.5500030517578,0,95.640000000012
95.64,3,2,90.5599975585938,0,95.650000000012
95.65,3,2,90.5699996948242,0,95.660000000012
95.66,3,2,90.5800018310547,0,95.670000000012
95.67,3,2,90.5899963378906,0,95.680000000012
95.68,3,2,90.5999984741211,0,95.690000000012
95.69,3,2,90.6100006103516,0,95.7000000000121
95.7,3,2,90.620002746582,0,95.7100000000121
95.71,3,2,90.629997253418,0,95.7200000000121
95.72,3,2,90.6399993896484,0,95.7300000000121
95.73,3,2,90.6500015258789,0,95.7400000000121
95.74,3,2,90.6600036621094,0,95.7500000000121
95.75,3,2,90.6699981689453,0,95.7600000000121
95.76,3,2,90.6800003051758,0,95.7700000000121
95.77,3,2,90.6900024414062,0,95.7800000000121
95.78,3,2,90.6999969482422,0,95.7900000000121
95.79,3,2,90.7099990844727,0,95.8000000000121
95.8,3,2,90.7200012207031,0,95.8100000000121
95.81,3,2,90.7300033569336,0,95.8200000000121
95.82,3,2,90.7399978637695,0,95.8300000000121
95.83,3,2,90.75,0,95.8400000000121
95.84,3,2,90.7600021362305,0,95.8500000000121
95.85,3,2,90.7699966430664,0,95.8600000000121
95.86,3,2,90.7799987792969,0,95.8700000000121
95.87,3,2,90.7900009155273,0,95.8800000000121
95.88,3,2,90.8000030517578,0,95.8900000000122
95.89,3,2,90.8099975585938,0,95.9000000000122
95.9,3,2,90.8199996948242,0,95.9100000000122
95.91,3,2,90.8300018310547,0,95.9200000000122
95.92,3,2,90.8399963378906,0,95.9300000000122
95.93,3,2,90.8499984741211,0,95.9400000000122
95.94,3,2,90.8600006103516,0,95.9500000000122
95.95,3,2,90.870002746582,0,95.9600000000122
95.96,3,2,90.879997253418,0,95.9700000000122
95.97,3,2,90.8899993896484,0,95.9800000000122
95.98,3,2,90.9000015258789,0,95.9900000000122
95.99,3,2,90.9100036621094,0,96.0000000000122
96,3,2,90.9199981689453,0,96.0100000000122
96.01,3,2,90.9300003051758,0,96.0200000000122
96.02,3,2,90.9400024414062,0,96.0300000000122
96.03,3,2,90.9499969482422,0,96.0400000000122
96.04,3,2,90.9599990844727,0,96.0500000000122
96.05,3,2,90.9700012207031,0,96.0600000000122
96.06,3,2,90.9800033569336,0,96.0700000000122
96.07,3,2,90.9899978637695,0,96.0800000000122
96.08,3,2,91,0,96.0900000000123
96.09,3,2,91.0100021362305,0,96.1000000000123
96.1,3,2,91.0199966430664,0,96.1100000000123
96.11,3,2,91.0299987792969,0,96.1200000000123
96.12,3,2,91.0400009155273,0,96.1300000000123
96.13,3,2,91.0500030517578,0,96.1400000000123
96.14,3,2,91.0599975585938,0,96.1500000000123
96.15,3,2,91.0699996948242,0,96.1600000000123
96.16,3,2,91.0800018310547,0,96.1700000000123
96.17,3,2,91.0899963378906,0,96.1800000000123
96.18,3,2,91.0999984741211,0,96.1900000000123
96.19,3,2,91.1100006103516,0,96.2000000000123
96.2,3,2,91.120002746582,0,96.2100000000123
96.21,3,2,91.129997253418,0,96.2200000000123
96.22,3,2,91.1399993896484,0,96.2300000000123
96.23,3,2,91.1500015258789,0,96.2400000000123
96.24,3,2,91.1600036621094,0,96.2500000000123
96.25,3,2,91.1699981689453,0,96.2600000000123
96.26,3,2,91.1800003051758,0,96.2700000000123
96.27,3,2,91.1900024414062,0,96.2800000000124
96.28,3,2,91.1999969482422,0,96.2900000000124
96.29,3,2,91.2099990844727,0,96.3000000000124
96.3,3,2,91.2200012207031,0,96.3100000000124
96.31,3,2,91.2300033569336,0,96.3200000000124
96.32,3,2,91.2399978637695,0,96.3300000000124
96.33,3,2,91.25,0,96.3400000000124
96.34,3,2,91.2600021362305,0,96.3500000000124
96.35,3,2,91.2699966430664,0,96.3600000000124
96.36,3,2,91.2799987792969,0,96.3700000000124
96.37,3,2,91.2900009155273,0,96.3800000000124
96.38,3,2,91.3000030517578,0,96.3900000000124
96.39,3,2,91.3099975585938,0,96.4000000000124
96.4,3,2,91.3199996948242,0,96.4100000000124
96.41,3,2,91.3300018310547,0,96.4200000000124
96.42,3,2,91.3399963378906,0,96.4300000000124
96.43,3,2,91.3499984741211,0,96.4400000000124
96.44,3,2,91.3600006103516,0,96.4500000000124
96.45,3,2,91.370002746582,0,96.4600000000124
96.46,3,2,91.379997253418,0,96.4700000000124
96.47,3,2,91.3899993896484,0,96.4800000000125
96.48,3,2,91.4000015258789,0,96.4900000000125
96.49,3,2,91.4100036621094,0,96.5000000000125
96.5,3,2,91.4199981689453,0,96.5100000000125
96.51,3,2,91.4300003051758,0,96.5200000000125
96.52,3,2,91.4400024414062,0,96.5300000000125
96.53,3,2,91.4499969482422,0,96.5400000000125
96.54,3,2,91.4599990844727,0,96.5500000000125
96.55,3,2,91.4700012207031,0,96.5600000000125
96.56,3,2,91.4800033569336,0,96.5700000000125
96.57,3,2,91.4899978637695,0,96.5800000000125
96.58,3,2,91.5,0,96.5900000000125
96.59,3,2,91.5100021362305,0,96.6000000000125
96.6,3,2,91.5199966430664,0,96.6100000000125
96.61,3,2,91.5299987792969,0,96.6200000000125
96.62,3,2,91.5400009155273,0,96.6300000000125
96.63,3,2,91.5500030517578,0,96.6400000000125
96.64,3,2,91.5599975585938,0,96.6500000000125
96.65,3,2,91.5699996948242,0,96.6600000000125
96.66,3,2,91.5800018310547,0,96.6700000000125
96.67,3,2,91.5899963378906,0,96.6800000000126
96.68,3,2,91.5999984741211,0,96.6900000000126
96.69,3,2,91.6100006103516,0,96.7000000000126
96.7,3,2,91.620002746582,0,96.7100000000126
96.71,3,2,91.629997253418,0,96.7200000000126
96.72,3,2,91.6399993896484,0,96.7300000000126
96.73,3,2,91.6500015258789,0,96.7400000000126
96.74,3,2,91.6600036621094,0,96.7500000000126
96.75,3,2,91.6699981689453,0,96.7600000000126
96.76,3,2,91.6800003051758,0,96.7700000000126
96.77,3,2,91.6900024414062,0,96.7800000000126
96.78,3,2,91.6999969482422,0,96.7900000000126
96.79,3,2,91.7099990844727,0,96.8000000000126
96.8,3,2,91.7200012207031,0,96.8100000000126
96.81,3,2,91.7300033569336,0,96.8200000000126
96.82,3,2,91.7399978637695,0,96.8300000000126
96.83,3,2,91.75,0,96.8400000000126
96.84,3,2,91.7600021362305,0,96.8500000000126
96.85,3,2,91.7699966430664,0,96.8600000000126
96.86,3,2,91.7799987792969,0,96.8700000000127
96.87,3,2,91.7900009155273,0,96.8800000000127
96.88,3,2,91.8000030517578,0,96.8900000000127
96.89,3,2,91.8099975585938,0,96.9000000000127
96.9,3,2,91.8199996948242,0,96.9100000000127
96.91,3,2,91.8300018310547,0,96.9200000000127
96.92,3,2,91.8399963378906,0,96.9300000000127
96.93,3,2,91.8499984741211,0,96.9400000000127
96.94,3,2,91.8600006103516,0,96.9500000000127
96.95,3,2,91.870002746582,0,96.9600000000127
96.96,3,2,91.879997253418,0,96.9700000000127
96.97,3,2,91.8899993896484,0,96.9800000000127
96.98,3,2,91.9000015258789,0,96.9900000000127
96.99,3,2,91.9100036621094,0,97.0000000000127
97,3,2,91.9199981689453,0,97.0100000000127
97.01,3,2,91.9300003051758,0,97.0200000000127
97.02,3,2,91.9400024414062,0,97.0300000000127
97.03,3,2,91.9499969482422,0,97.0400000000127
97.04,3,2,91.9599990844727,0,97.0500000000127
97.05,3,2,91.9700012207031,0,97.0600000000127
97.06,3,2,91.9800033569336,0,97.0700000000128
97.07,3,2,91.9899978637695,0,97.0800000000128
97.08,3,2,92,0,97.0900000000128
97.09,3,2,92.0100021362305,0,97.1000000000128
97.1,3,2,92.0199966430664,0,97.1100000000128
97.11,3,2,92.0299987792969,0,97.1200000000128
97.12,3,2,92.0400009155273,0,97.1300000000128
97.13,3,2,92.0500030517578,0,97.1400000000128
97.14,3,2,92.0599975585938,0,97.1500000000128
97.15,3,2,92.0699996948242,0,97.1600000000128
97.16,3,2,92.0800018310547,0,97.1700000000128
97.17,3,2,92.0899963378906,0,97.1800000000128
97.18,3,2,92.0999984741211,0,97.1900000000128
97.19,3,2,92.1100006103516,0,97.2000000000128
97.2,3,2,92.120002746582,0,97.2100000000128
97.21,3,2,92.129997253418,0,97.2200000000128
97.22,3,2,92.1399993896484,0,97.2300000000128
97.23,3,2,92.1500015258789,0,97.2400000000128
97.24,3,2,92.1600036621094,0,97.2500000000128
97.25,3,2,92.1699981689453,0,97.2600000000129
97.26,3,2,92.1800003051758,0,97.2700000000129
97.27,3,2,92.1900024414062,0,97.2800000000129
97.28,3,2,92.1999969482422,0,97.2900000000129
97.29,3,2,92.2099990844727,0,97.3000000000129
97.3,3,2,92.2200012207031,0,97.3100000000129
97.31,3,2,92.2300033569336,0,97.3200000000129
97.32,3,2,92.2399978637695,0,97.3300000000129
97.33,3,2,92.25,0,97.3400000000129
97.34,3,2,92.2600021362305,0,97.3500000000129
97.35,3,2,92.2699966430664,0,97.3600000000129
97.36,3,2,92.2799987792969,0,97.3700000000129
97.37,3,2,92.2900009155273,0,97.3800000000129
97.38,3,2,92.3000030517578,0,97.3900000000129
97.39,3,2,92.3099975585938,0,97.4000000000129
97.4,3,2,92.3199996948242,0,97.4100000000129
97.41,3,2,92.3300018310547,0,97.4200000000129
97.42,3,2,92.3399963378906,0,97.4300000000129
97.43,3,2,92.3499984741211,0,97.4400000000129
97.44,3,2,92.3600006103516,0,97.4500000000129
97.45,3,2,92.370002746582,0,97.460000000013
97.46,3,2,92.379997253418,0,97.470000000013
97.47,3,2,92.3899993896484,0,97.480000000013
97.48,3,2,92.4000015258789,0,97.490000000013
97.49,3,2,92.4100036621094,0,97.500000000013
97.5,3,2,92.4199981689453,0,97.510000000013
97.51,3,2,92.4300003051758,0,97.520000000013
97.52,3,2,92.4400024414062,0,97.530000000013
97.53,3,2,92.4499969482422,0,97.540000000013
97.54,3,2,92.4599990844727,0,97.550000000013
97.55,3,2,92.4700012207031,0,97.560000000013
97.56,3,2,92.4800033569336,0,97.570000000013
97.57,3,2,92.4899978637695,0,97.580000000013
97.58,3,2,92.5,0,97.590000000013
97.59,3,2,92.5100021362305,0,97.600000000013
97.6,3,2,92.5199966430664,0,97.610000000013
97.61,3,2,92.5299987792969,0,97.620000000013
97.62,3,2,92.5400009155273,0,97.630000000013
97.63,3,2,92.5500030517578,0,97.640000000013
97.64,3,2,92.5599975585938,0,97.6500000000131
97.65,3,2,92.5699996948242,0,97.6600000000131
97.66,3,2,92.5800018310547,0,97.6700000000131
97.67,3,2,92.5899963378906,0,97.6800000000131
97.68,3,2,92.5999984741211,0,97.6900000000131
97.69,3,2,92.6100006103516,0,97.7000000000131
97.7,3,2,92.620002746582,0,97.7100000000131
97.71,3,2,92.629997253418,0,97.7200000000131
97.72,3,2,92.6399993896484,0,97.7300000000131
97.73,3,2,92.6500015258789,0,97.7400000000131
97.74,3,2,92.6600036621094,0,97.7500000000131
97.75,3,2,92.6699981689453,0,97.7600000000131
97.76,3,2,92.6800003051758,0,97.7700000000131
97.77,3,2,92.6900024414062,0,97.7800000000131
97.78,3,2,92.6999969482422,0,97.7900000000131
97.79,3,2,92.7099990844727,0,97.8000000000131
97.8,3,2,92.7200012207031,0,97.8100000000131
97.81,3,2,92.7300033569336,0,97.8200000000131
97.82,3,2,92.7399978637695,0,97.8300000000131
97.83,3,2,92.75,0,97.8400000000131
97.84,3,2,92.7600021362305,0,97.8500000000132
97.85,3,2,92.7699966430664,0,97.8600000000132
97.86,3,2,92.7799987792969,0,97.8700000000132
97.87,3,2,92.7900009155273,0,97.8800000000132
97.88,3,2,92.8000030517578,0,97.8900000000132
97.89,3,2,92.8099975585938,0,97.9000000000132
97.9,3,2,92.8199996948242,0,97.9100000000132
97.91,3,2,92.8300018310547,0,97.9200000000132
97.92,3,2,92.8399963378906,0,97.9300000000132
97.93,3,2,92.8499984741211,0,97.9400000000132
97.94,3,2,92.8600006103516,0,97.9500000000132
97.95,3,2,92.870002746582,0,97.9600000000132
97.96,3,2,92.879997253418,0,97.9700000000132
97.97,3,2,92.8899993896484,0,97.9800000000132
97.98,3,2,92.9000015258789,0,97.9900000000132
97.99,3,2,92.9100036621094,0,98.0000000000132
98,3,2,92.9199981689453,0,98.0100000000132
98.01,3,2,92.9300003051758,0,98.0200000000132
98.02,3,2,92.9400024414062,0,98.0300000000132
98.03,3,2,92.9499969482422,0,98.0400000000133
98.04,3,2,92.9599990844727,0,98.0500000000133
98.05,3,2,92.9700012207031,0,98.0600000000133
98.06,3,2,92.9800033569336,0,98.0700000000133
98.07,3,2,92.9899978637695,0,98.0800000000133
98.08,3,2,93,0,98.0900000000133
98.09,3,2,93.0100021362305,0,98.1000000000133
98.1,3,2,93.0199966430664,0,98.1100000000133
98.11,3,2,93.0299987792969,0,98.1200000000133
98.12,3,2,93.0400009155273,0,98.1300000000133
98.13,3,2,93.0500030517578,0,98.1400000000133
98.14,3,2,93.0599975585938,0,98.1500000000133
98.15,3,2,93.0699996948242,0,98.1600000000133
98.16,3,2,93.0800018310547,0,98.1700000000133
98.17,3,2,93.0899963378906,0,98.1800000000133
98.18,3,2,93.0999984741211,0,98.1900000000133
98.19,3,2,93.1100006103516,0,98.2000000000133
98.2,3,2,93.120002746582,0,98.2100000000133
98.21,3,2,93.129997253418,0,98.2200000000133
98.22,3,2,93.1399993896484,0,98.2300000000133
98.23,3,2,93.1500015258789,0,98.2400000000134
98.24,3,2,93.1600036621094,0,98.2500000000134
98.25,3,2,93.1699981689453,0,98.2600000000134
98.26,3,2,93.1800003051758,0,98.2700000000134
98.27,3,2,93.1900024414062,0,98.2800000000134
98.28,3,2,93.1999969482422,0,98.2900000000134
98.29,3,2,93.2099990844727,0,98.3000000000134
98.3,3,2,93.2200012207031,0,98.3100000000134
98.31,3,2,93.2300033569336,0,98.3200000000134
98.32,3,2,93.2399978637695,0,98.3300000000134
98.33,3,2,93.25,0,98.3400000000134
98.34,3,2,93.2600021362305,0,98.3500000000134
98.35,3,2,93.2699966430664,0,98.3600000000134
98.36,3,2,93.2799987792969,0,98.3700000000134
98.37,3,2,93.2900009155273,0,98.3800000000134
98.38,3,2,93.3000030517578,0,98.3900000000134
98.39,3,2,93.3099975585938,0,98.4000000000134
98.4,3,2,93.3199996948242,0,98.4100000000134
98.41,3,2,93.3300018310547,0,98.4200000000134
98.42,3,2,93.3399963378906,0,98.4300000000135
98.43,3,2,93.3499984741211,0,98.4400000000135
98.44,3,2,93.3600006103516,0,98.4500000000135
98.45,3,2,93.370002746582,0,98.4600000000135
98.46,3,2,93.379997253418,0,98.4700000000135
98.47,3,2,93.3899993896484,0,98.4800000000135
98.48,3,2,93.4000015258789,0,98.4900000000135
98.49,3,2,93.4100036621094,0,98.5000000000135
98.5,3,2,93.4199981689453,0,98.5100000000135
98.51,3,2,93.4300003051758,0,98.5200000000135
98.52,3,2,93.4400024414062,0,98.5300000000135
98.53,3,2,93.4499969482422,0,98.5400000000135
98.54,3,2,93.4599990844727,0,98.5500000000135
98.55,3,2,93.4700012207031,0,98.5600000000135
98.56,3,2,93.4800033569336,0,98.5700000000135
98.57,3,2,93.4899978637695,0,98.5800000000135
98.58,3,2,93.5,0,98.5900000000135
98.59,3,2,93.5100021362305,0,98.6000000000135
98.6,3,2,93.5199966430664,0,98.6100000000135
98.61,3,2,93.5299987792969,0,98.6200000000135
98.62,3,2,93.5400009155273,0,98.6300000000136
98.63,3,2,93.5500030517578,0,98.6400000000136
98.64,3,2,93.5599975585938,0,98.6500000000136
98.65,3,2,93.5699996948242,0,98.6600000000136
98.66,3,2,93.5800018310547,0,98.6700000000136
98.67,3,2,93.5899963378906,0,98.6800000000136
98.68,3,2,93.5999984741211,0,98.6900000000136
98.69,3,2,93.6100006103516,0,98.7000000000136
98.7,3,2,93.620002746582,0,98.7100000000136
98.71,3,2,93.629997253418,0,98.7200000000136
98.72,3,2,93.6399993896484,0,98.7300000000136
98.73,3,2,93.6500015258789,0,98.7400000000136
98.74,3,2,93.6600036621094,0,98.7500000000136
98.75,3,2,93.6699981689453,0,98.7600000000136
98.76,3,2,93.6800003051758,0,98.7700000000136
98.77,3,2,93.6900024414062,0,98.7800000000136
98.78,3,2,93.6999969482422,0,98.7900000000136
98.79,3,2,93.7099990844727,0,98.8000000000136
98.8,3,2,93.7200012207031,0,98.8100000000136
98.81,3,2,93.7300033569336,0,98.8200000000136
98.82,3,2,93.7399978637695,0,98.8300000000137
98.83,3,2,93.75,0,98.8400000000137
98.84,3,2,93.7600021362305,0,98.8500000000137
98.85,3,2,93.7699966430664,0,98.8600000000137
98.86,3,2,93.7799987792969,0,98.8700000000137
98.87,3,2,93.7900009155273,0,98.8800000000137
98.88,3,2,93.8000030517578,0,98.8900000000137
98.89,3,2,93.8099975585938,0,98.9000000000137
98.9,3,2,93.8199996948242,0,98.9100000000137
98.91,3,2,93.8300018310547,0,98.9200000000137
98.92,3,2,93.8399963378906,0,98.9300000000137
98.93,3,2,93.8499984741211,0,98.9400000000137
98.94,3,2,93.8600006103516,0,98.9500000000137
98.95,3,2,93.870002746582,0,98.9600000000137
98.96,3,2,93.879997253418,0,98.9700000000137
98.97,3,2,93.8899993896484,0,98.9800000000137
98.98,3,2,93.9000015258789,0,98.9900000000137
98.99,3,2,93.9100036621094,0,99.0000000000137
99,3,2,93.9199981689453,0,99.0100000000137
99.01,3,2,93.9300003051758,0,99.0200000000138
99.02,3,2,93.9400024414062,0,99.0300000000138
99.03,3,2,93.9499969482422,0,99.0400000000138
99.04,3,2,93.9599990844727,0,99.0500000000138
99.05,3,2,93.9700012207031,0,99.0600000000138
99.06,3,2,93.9800033569336,0,99.0700000000138
99.07,3,2,93.9899978637695,0,99.0800000000138
99.08,3,2,94,0,99.0900000000138
99.09,3,2,94.0100021362305,0,99.1000000000138
99.1,3,2,94.0199966430664,0,99.1100000000138
99.11,3,2,94.0299987792969,0,99.1200000000138
99.12,3,2,94.0400009155273,0,99.1300000000138
99.13,3,2,94.0500030517578,0,99.1400000000138
99.14,3,2,94.0599975585938,0,99.1500000000138
99.15,3,2,94.0699996948242,0,99.1600000000138
99.16,3,2,94.0800018310547,0,99.1700000000138
99.17,3,2,94.0899963378906,0,99.1800000000138
99.18,3,2,94.0999984741211,0,99.1900000000138
99.19,3,2,94.1100006103516,0,99.2000000000138
99.2,3,2,94.120002746582,0,99.2100000000138
99.21,3,2,94.129997253418,0,99.2200000000139
99.22,3,2,94.1399993896484,0,99.2300000000139
99.23,3,2,94.1500015258789,0,99.2400000000139
99.24,3,2,94.1600036621094,0,99.2500000000139
99.25,3,2,94.1699981689453,0,99.2600000000139
99.26,3,2,94.1800003051758,0,99.2700000000139
99.27,3,2,94.1900024414062,0,99.2800000000139
99.28,3,2,94.1999969482422,0,99.2900000000139
99.29,3,2,94.2099990844727,0,99.3000000000139
99.3,3,2,94.2200012207031,0,99.3100000000139
99.31,3,2,94.2300033569336,0,99.3200000000139
99.32,3,2,94.2399978637695,0,99.3300000000139
99.33,3,2,94.25,0,99.3400000000139
99.34,3,2,94.2600021362305,0,99.3500000000139
99.35,3,2,94.2699966430664,0,99.3600000000139
99.36,3,2,94.2799987792969,0,99.3700000000139
99.37,3,2,94.2900009155273,0,99.3800000000139
99.38,3,2,94.3000030517578,0,99.3900000000139
99.39,3,2,94.3099975585938,0,99.4000000000139
99.4,3,2,94.3199996948242,0,99.410000000014
99.41,3,2,94.3300018310547,0,99.420000000014
99.42,3,2,94.3399963378906,0,99.430000000014
99.43,3,2,94.3499984741211,0,99.440000000014
99.44,3,2,94.3600006103516,0,99.450000000014
99.45,3,2,94.370002746582,0,99.460000000014
99.46,3,2,94.379997253418,0,99.470000000014
99.47,3,2,94.3899993896484,0,99.480000000014
99.48,3,2,94.4000015258789,0,99.490000000014
99.49,3,2,94.4100036621094,0,99.500000000014
99.5,3,2,94.4199981689453,0,99.510000000014
99.51,3,2,94.4300003051758,0,99.520000000014
99.52,3,2,94.4400024414062,0,99.530000000014
99.53,3,2,94.4499969482422,0,99.540000000014
99.54,3,2,94.4599990844727,0,99.550000000014
99.55,3,2,94.4700012207031,0,99.560000000014
99.56,3,2,94.4800033569336,0,99.570000000014
99.57,3,2,94.4899978637695,0,99.580000000014
99.58,3,2,94.5,0,99.590000000014
99.59,3,2,94.5100021362305,0,99.600000000014
99.6,3,2,94.5199966430664,0,99.6100000000141
99.61,3,2,94.5299987792969,0,99.6200000000141
99.62,3,2,94.5400009155273,0,99.6300000000141
99.63,3,2,94.5500030517578,0,99.6400000000141
99.64,3,2,94.5599975585938,0,99.6500000000141
99.65,3,2,94.5699996948242,0,99.6600000000141
99.66,3,2,94.5800018310547,0,99.6700000000141
99.67,3,2,94.5899963378906,0,99.6800000000141
99.68,3,2,94.5999984741211,0,99.6900000000141
99.69,3,2,94.6100006103516,0,99.7000000000141
99.7,3,2,94.620002746582,0,99.7100000000141
99.71,3,2,94.629997253418,0,99.7200000000141
99.72,3,2,94.6399993896484,0,99.7300000000141
99.73,3,2,94.6500015258789,0,99.7400000000141
99.74,3,2,94.6600036621094,0,99.7500000000141
99.75,3,2,94.6699981689453,0,99.7600000000141
99.76,3,2,94.6800003051758,0,99.7700000000141
99.77,3,2,94.6900024414062,0,99.7800000000141
99.78,3,2,94.6999969482422,0,99.7900000000141
99.79,3,2,94.7099990844727,0,99.8000000000142
99.8,3,2,94.7200012207031,0,99.8100000000142
99.81,3,2,94.7300033569336,0,99.8200000000142
99.82,3,2,94.7399978637695,0,99.8300000000142
99.83,3,2,94.75,0,99.8400000000142
99.84,3,2,94.7600021362305,0,99.8500000000142
99.85,3,2,94.7699966430664,0,99.8600000000142
99.86,3,2,94.7799987792969,0,99.8700000000142
99.87,3,2,94.7900009155273,0,99.8800000000142
99.88,3,2,94.8000030517578,0,99.8900000000142
99.89,3,2,94.8099975585938,0,99.9000000000142
99.9,3,2,94.8199996948242,0,99.9100000000142
99.91,3,2,94.8300018310547,0,99.9200000000142
99.92,3,2,94.8399963378906,0,99.9300000000142
99.93,3,2,94.8499984741211,0,99.9400000000142
99.94,3,2,94.8600006103516,0,99.9500000000142
99.95,3,2,94.870002746582,0,99.9600000000142
99.96,3,2,94.879997253418,0,99.9700000000142
99.97,3,2,94.8899993896484,0,99.9800000000142
99.98,3,2,94.9000015258789,0,99.9900000000142
99.99,3,2,94.9100036621094,0,100.000000000014
100,3,2,94.9199981689453,0,100.010000000014
100.01,3,2,94.9300003051758,0,100.020000000014
100.02,3,2,94.9400024414062,0,100.030000000014
100.03,3,2,94.9499969482422,0,100.040000000014
100.04,3,2,94.9599990844727,0,100.050000000014
100.05,3,2,94.9700012207031,0,100.060000000014
100.06,3,2,94.9800033569336,0,100.070000000014
100.07,3,2,94.9899978637695,0,100.080000000014
100.08,3,2,95,0,100.090000000014
100.09,3,2,95.0100021362305,0,100.100000000014
100.1,3,2,95.0199966430664,0,100.110000000014
100.11,3,2,95.0299987792969,0,100.120000000014
100.12,3,2,95.0400009155273,0,100.130000000014
100.13,3,2,95.0500030517578,0,100.140000000014
100.14,3,2,95.0599975585938,0,100.150000000014
100.15,3,2,95.0699996948242,0,100.160000000014
100.16,3,2,95.0800018310547,0,100.170000000014
100.17,3,2,95.0899963378906,0,100.180000000014
100.18,3,2,95.0999984741211,0,100.190000000014
100.19,3,2,95.1100006103516,0,100.200000000014
100.2,3,2,95.120002746582,0,100.210000000014
100.21,3,2,95.129997253418,0,100.220000000014
100.22,3,2,95.1399993896484,0,100.230000000014
100.23,3,2,95.1500015258789,0,100.240000000014
100.24,3,2,95.1600036621094,0,100.250000000014
100.25,3,2,95.1699981689453,0,100.260000000014
100.26,3,2,95.1800003051758,0,100.270000000014
100.27,3,2,95.1900024414062,0,100.280000000014
100.28,3,2,95.1999969482422,0,100.290000000014
100.29,3,2,95.2099990844727,0,100.300000000014
100.3,3,2,95.2200012207031,0,100.310000000014
100.31,3,2,95.2300033569336,0,100.320000000014
100.32,3,2,95.2399978637695,0,100.330000000014
100.33,3,2,95.25,0,100.340000000014
100.34,3,2,95.2600021362305,0,100.350000000014
100.35,3,2,95.2699966430664,0,100.360000000014
100.36,3,2,95.2799987792969,0,100.370000000014
100.37,3,2,95.2900009155273,0,100.380000000014
100.38,3,2,95.3000030517578,0,100.390000000014
100.39,3,2,95.3099975585938,0,100.400000000014
100.4,3,2,95.3199996948242,0,100.410000000014
100.41,3,2,95.3300018310547,0,100.420000000014
100.42,3,2,95.3399963378906,0,100.430000000014
100.43,3,2,95.3499984741211,0,100.440000000014
100.44,3,2,95.3600006103516,0,100.450000000014
100.45,3,2,95.370002746582,0,100.460000000014
100.46,3,2,95.379997253418,0,100.470000000014
100.47,3,2,95.3899993896484,0,100.480000000014
100.48,3,2,95.4000015258789,0,100.490000000015
100.49,3,2,95.4100036621094,0,100.500000000015
100.5,3,2,95.4199981689453,0,100.510000000015
100.51,3,2,95.4300003051758,0,100.520000000015
100.52,3,2,95.4400024414062,0,100.530000000015
100.53,3,2,95.4499969482422,0,100.540000000015
100.54,3,2,95.4599990844727,0,100.550000000015
100.55,3,2,95.4700012207031,0,100.560000000015
100.56,3,2,95.4800033569336,0,100.570000000015
100.57,3,2,95.4899978637695,0,100.580000000015
100.58,3,2,95.5,0,100.590000000015
100.59,3,2,95.5100021362305,0,100.600000000015
100.6,3,2,95.5199966430664,0,100.610000000015
100.61,3,2,95.5299987792969,0,100.620000000015
100.62,3,2,95.5400009155273,0,100.630000000015
100.63,3,2,95.5500030517578,0,100.640000000015
100.64,3,2,95.5599975585938,0,100.650000000015
100.65,3,2,95.5699996948242,0,100.660000000015
100.66,3,2,95.5800018310547,0,100.670000000015
100.67,3,2,95.5899963378906,0,100.680000000015
100.68,3,2,95.5999984741211,0,100.690000000015
100.69,3,2,95.6100006103516,0,100.700000000015
100.7,3,2,95.620002746582,0,100.710000000015
100.71,3,2,95.629997253418,0,100.720000000015
100.72,3,2,95.6399993896484,0,100.730000000015
100.73,3,2,95.6500015258789,0,100.740000000015
100.74,3,2,95.6600036621094,0,100.750000000015
100.75,3,2,95.6699981689453,0,100.760000000015
100.76,3,2,95.6800003051758,0,100.770000000015
100.77,3,2,95.6900024414062,0,100.780000000015
100.78,3,2,95.6999969482422,0,100.790000000015
100.79,3,2,95.7099990844727,0,100.800000000015
100.8,3,2,95.7200012207031,0,100.810000000015
100.81,3,2,95.7300033569336,0,100.820000000015
100.82,3,2,95.7399978637695,0,100.830000000015
100.83,3,2,95.75,0,100.840000000015
100.84,3,2,95.7600021362305,0,100.850000000015
100.85,3,2,95.7699966430664,0,100.860000000015
100.86,3,2,95.7799987792969,0,100.870000000015
100.87,3,2,95.7900009155273,0,100.880000000015
100.88,3,2,95.8000030517578,0,100.890000000015
100.89,3,2,95.8099975585938,0,100.900000000015
100.9,3,2,95.8199996948242,0,100.910000000015
100.91,3,2,95.8300018310547,0,100.920000000015
100.92,3,2,95.8399963378906,0,100.930000000015
100.93,3,2,95.8499984741211,0,100.940000000015
100.94,3,2,95.8600006103516,0,100.950000000015
100.95,3,2,95.870002746582,0,100.960000000015
100.96,3,2,95.879997253418,0,100.970000000015
100.97,3,2,95.8899993896484,0,100.980000000015
100.98,3,2,95.9000015258789,0,100.990000000015
100.99,3,2,95.9100036621094,0,101.000000000015
101,3,2,95.9199981689453,0,101.010000000015
101.01,3,2,95.9300003051758,0,101.020000000015
101.02,3,2,95.9400024414062,0,101.030000000015
101.03,3,2,95.9499969482422,0,101.040000000015
101.04,3,2,95.9599990844727,0,101.050000000015
101.05,3,2,95.9700012207031,0,101.060000000015
101.06,3,2,95.9800033569336,0,101.070000000015
101.07,3,2,95.9899978637695,0,101.080000000015
101.08,3,2,96,0,101.090000000015
101.09,3,2,96.0100021362305,0,101.100000000015
101.1,3,2,96.0199966430664,0,101.110000000015
101.11,3,2,96.0299987792969,0,101.120000000015
101.12,3,2,96.0400009155273,0,101.130000000015
101.13,3,2,96.0500030517578,0,101.140000000015
101.14,3,2,96.0599975585938,0,101.150000000015
101.15,3,2,96.0699996948242,0,101.160000000015
101.16,3,2,96.0800018310547,0,101.170000000015
101.17,3,2,96.0899963378906,0,101.180000000015
101.18,3,2,96.0999984741211,0,101.190000000015
101.19,3,2,96.1100006103516,0,101.200000000015
101.2,3,2,96.120002746582,0,101.210000000015
101.21,3,2,96.129997253418,0,101.220000000015
101.22,3,2,96.1399993896484,0,101.230000000015
101.23,3,2,96.1500015258789,0,101.240000000015
101.24,3,2,96.1600036621094,0,101.250000000015
101.25,3,2,96.1699981689453,0,101.260000000015
101.26,3,2,96.1800003051758,0,101.270000000015
101.27,3,2,96.1900024414062,0,101.280000000015
101.28,3,2,96.1999969482422,0,101.290000000015
101.29,3,2,96.2099990844727,0,101.300000000015
101.3,3,2,96.2200012207031,0,101.310000000015
101.31,3,2,96.2300033569336,0,101.320000000015
101.32,3,2,96.2399978637695,0,101.330000000015
101.33,3,2,96.25,0,101.340000000015
101.34,3,2,96.2600021362305,0,101.350000000015
101.35,3,2,96.2699966430664,0,101.360000000015
101.36,3,2,96.2799987792969,0,101.370000000015
101.37,3,2,96.2900009155273,0,101.380000000015
101.38,3,2,96.3000030517578,0,101.390000000015
101.39,3,2,96.3099975585938,0,101.400000000015
101.4,3,2,96.3199996948242,0,101.410000000015
101.41,3,2,96.3300018310547,0,101.420000000015
101.42,3,2,96.3399963378906,0,101.430000000015
101.43,3,2,96.3499984741211,0,101.440000000015
101.44,3,2,96.3600006103516,0,101.450000000015
101.45,3,2,96.370002746582,0,101.460000000015
101.46,3,2,96.379997253418,0,101.470000000015
101.47,3,2,96.3899993896484,0,101.480000000015
101.48,3,2,96.4000015258789,0,101.490000000015
101.49,3,2,96.4100036621094,0,101.500000000015
101.5,3,2,96.4199981689453,0,101.510000000015
101.51,3,2,96.4300003051758,0,101.520000000015
101.52,3,2,96.4400024414062,0,101.530000000015
101.53,3,2,96.4499969482422,0,101.540000000015
101.54,3,2,96.4599990844727,0,101.550000000015
101.55,3,2,96.4700012207031,0,101.560000000015
101.56,3,2,96.4800033569336,0,101.570000000015
101.57,3,2,96.4899978637695,0,101.580000000015
101.58,3,2,96.5,0,101.590000000015
101.59,3,2,96.5100021362305,0,101.600000000015
101.6,3,2,96.5199966430664,0,101.610000000015
101.61,3,2,96.5299987792969,0,101.620000000015
101.62,3,2,96.5400009155273,0,101.630000000015
101.63,3,2,96.5500030517578,0,101.640000000015
101.64,3,2,96.5599975585938,0,101.650000000015
101.65,3,2,96.5699996948242,0,101.660000000015
101.66,3,2,96.5800018310547,0,101.670000000015
101.67,3,2,96.5899963378906,0,101.680000000015
101.68,3,2,96.5999984741211,0,101.690000000015
101.69,3,2,96.6100006103516,0,101.700000000015
101.7,3,2,96.620002746582,0,101.710000000015
101.71,3,2,96.629997253418,0,101.720000000015
101.72,3,2,96.6399993896484,0,101.730000000015
101.73,3,2,96.6500015258789,0,101.740000000015
101.74,3,2,96.6600036621094,0,101.750000000015
101.75,3,2,96.6699981689453,0,101.760000000015
101.76,3,2,96.6800003051758,0,101.770000000015
101.77,3,2,96.6900024414062,0,101.780000000015
101.78,3,2,96.6999969482422,0,101.790000000015
101.79,3,2,96.7099990844727,0,101.800000000015
101.8,3,2,96.7200012207031,0,101.810000000015
101.81,3,2,96.7300033569336,0,101.820000000015
101.82,3,2,96.7399978637695,0,101.830000000015
101.83,3,2,96.75,0,101.840000000015
101.84,3,2,96.7600021362305,0,101.850000000015
101.85,3,2,96.7699966430664,0,101.860000000015
101.86,3,2,96.7799987792969,0,101.870000000015
101.87,3,2,96.7900009155273,0,101.880000000015
101.88,3,2,96.8000030517578,0,101.890000000015
101.89,3,2,96.8099975585938,0,101.900000000015
101.9,3,2,96.8199996948242,0,101.910000000015
101.91,3,2,96.8300018310547,0,101.920000000015
101.92,3,2,96.8399963378906,0,101.930000000015
101.93,3,2,96.8499984741211,0,101.940000000015
101.94,3,2,96.8600006103516,0,101.950000000015
101.95,3,2,96.870002746582,0,101.960000000015
101.96,3,2,96.879997253418,0,101.970000000015
101.97,3,2,96.8899993896484,0,101.980000000015
101.98,3,2,96.9000015258789,0,101.990000000015
101.99,3,2,96.9100036621094,0,102.000000000015
102,3,2,96.9199981689453,0,102.010000000015
102.01,3,2,96.9300003051758,0,102.020000000015
102.02,3,2,96.9400024414062,0,102.030000000015
102.03,3,2,96.9499969482422,0,102.040000000015
102.04,3,2,96.9599990844727,0,102.050000000015
102.05,3,2,96.9700012207031,0,102.060000000015
102.06,3,2,96.9800033569336,0,102.070000000015
102.07,3,2,96.9899978637695,0,102.080000000015
102.08,3,2,97,0,102.090000000015
102.09,3,2,97.0100021362305,0,102.100000000015
102.1,3,2,97.0199966430664,0,102.110000000015
102.11,3,2,97.0299987792969,0,102.120000000015
102.12,3,2,97.0400009155273,0,102.130000000015
102.13,3,2,97.0500030517578,0,102.140000000015
102.14,3,2,97.0599975585938,0,102.150000000015
102.15,3,2,97.0699996948242,0,102.160000000015
102.16,3,2,97.0800018310547,0,102.170000000015
102.17,3,2,97.0899963378906,0,102.180000000015
102.18,3,2,97.0999984741211,0,102.190000000015
102.19,3,2,97.1100006103516,0,102.200000000015
102.2,3,2,97.120002746582,0,102.210000000015
102.21,3,2,97.129997253418,0,102.220000000015
102.22,3,2,97.1399993896484,0,102.230000000015
102.23,3,2,97.1500015258789,0,102.240000000015
102.24,3,2,97.1600036621094,0,102.250000000015
102.25,3,2,97.1699981689453,0,102.260000000015
102.26,3,2,97.1800003051758,0,102.270000000015
102.27,3,2,97.1900024414062,0,102.280000000015
102.28,3,2,97.1999969482422,0,102.290000000015
102.29,3,2,97.2099990844727,0,102.300000000015
102.3,3,2,97.2200012207031,0,102.310000000015
102.31,3,2,97.2300033569336,0,102.320000000015
102.32,3,2,97.2399978637695,0,102.330000000015
102.33,3,2,97.25,0,102.340000000015
102.34,3,2,97.2600021362305,0,102.350000000015
102.35,3,2,97.2699966430664,0,102.360000000015
102.36,3,2,97.2799987792969,0,102.370000000015
102.37,3,2,97.2900009155273,0,102.380000000015
102.38,3,2,97.3000030517578,0,102.390000000015
102.39,3,2,97.3099975585938,0,102.400000000015
102.4,3,2,97.3199996948242,0,102.410000000015
102.41,3,2,97.3300018310547,0,102.420000000015
102.42,3,2,97.3399963378906,0,102.430000000015
102.43,3,2,97.3499984741211,0,102.440000000016
102.44,3,2,97.3600006103516,0,102.450000000016
102.45,3,2,97.370002746582,0,102.460000000016
102.46,3,2,97.379997253418,0,102.470000000016
102.47,3,2,97.3899993896484,0,102.480000000016
102.48,3,2,97.4000015258789,0,102.490000000016
102.49,3,2,97.4100036621094,0,102.500000000016
102.5,3,2,97.4199981689453,0,102.510000000016
102.51,3,2,97.4300003051758,0,102.520000000016
102.52,3,2,97.4400024414062,0,102.530000000016
102.53,3,2,97.4499969482422,0,102.540000000016
102.54,3,2,97.4599990844727,0,102.550000000016
102.55,3,2,97.4700012207031,0,102.560000000016
102.56,3,2,97.4800033569336,0,102.570000000016
102.57,3,2,97.4899978637695,0,102.580000000016
102.58,3,2,97.5,0,102.590000000016
102.59,3,2,97.5100021362305,0,102.600000000016
102.6,3,2,97.5199966430664,0,102.610000000016
102.61,3,2,97.5299987792969,0,102.620000000016
102.62,3,2,97.5400009155273,0,102.630000000016
102.63,3,2,97.5500030517578,0,102.640000000016
102.64,3,2,97.5599975585938,0,102.650000000016
102.65,3,2,97.5699996948242,0,102.660000000016
102.66,3,2,97.5800018310547,0,102.670000000016
102.67,3,2,97.5899963378906,0,102.680000000016
102.68,3,2,97.5999984741211,0,102.690000000016
102.69,3,2,97.6100006103516,0,102.700000000016
102.7,3,2,97.620002746582,0,102.710000000016
102.71,3,2,97.629997253418,0,102.720000000016
102.72,3,2,97.6399993896484,0,102.730000000016
102.73,3,2,97.6500015258789,0,102.740000000016
102.74,3,2,97.6600036621094,0,102.750000000016
102.75,3,2,97.6699981689453,0,102.760000000016
102.76,3,2,97.6800003051758,0,102.770000000016
102.77,3,2,97.6900024414062,0,102.780000000016
102.78,3,2,97.6999969482422,0,102.790000000016
102.79,3,2,97.7099990844727,0,102.800000000016
102.8,3,2,97.7200012207031,0,102.810000000016
102.81,3,2,97.7300033569336,0,102.820000000016
102.82,3,2,97.7399978637695,0,102.830000000016
102.83,3,2,97.75,0,102.840000000016
102.84,3,2,97.7600021362305,0,102.850000000016
102.85,3,2,97.7699966430664,0,102.860000000016
102.86,3,2,97.7799987792969,0,102.870000000016
102.87,3,2,97.7900009155273,0,102.880000000016
102.88,3,2,97.8000030517578,0,102.890000000016
102.89,3,2,97.8099975585938,0,102.900000000016
102.9,3,2,97.8199996948242,0,102.910000000016
102.91,3,2,97.8300018310547,0,102.920000000016
102.92,3,2,97.8399963378906,0,102.930000000016
102.93,3,2,97.8499984741211,0,102.940000000016
102.94,3,2,97.8600006103516,0,102.950000000016
102.95,3,2,97.870002746582,0,102.960000000016
102.96,3,2,97.879997253418,0,102.970000000016
102.97,3,2,97.8899993896484,0,102.980000000016
102.98,3,2,97.9000015258789,0,102.990000000016
102.99,3,2,97.9100036621094,0,103.000000000016
103,3,2,97.9199981689453,0,103.010000000016
103.01,3,2,97.9300003051758,0,103.020000000016
103.02,3,2,97.9400024414062,0,103.030000000016
103.03,3,2,97.9499969482422,0,103.040000000016
103.04,3,2,97.9599990844727,0,103.050000000016
103.05,3,2,97.9700012207031,0,103.060000000016
103.06,3,2,97.9800033569336,0,103.070000000016
103.07,3,2,97.9899978637695,0,103.080000000016
103.08,3,2,98,0,103.090000000016
103.09,3,2,98.0100021362305,0,103.100000000016
103.1,3,2,98.0199966430664,0,103.110000000016
103.11,3,2,98.0299987792969,0,103.120000000016
103.12,3,2,98.0400009155273,0,103.130000000016
103.13,3,2,98.0500030517578,0,103.140000000016
103.14,3,2,98.0599975585938,0,103.150000000016
103.15,3,2,98.0699996948242,0,103.160000000016
103.16,3,2,98.0800018310547,0,103.170000000016
103.17,3,2,98.0899963378906,0,103.180000000016
103.18,3,2,98.0999984741211,0,103.190000000016
103.19,3,2,98.1100006103516,0,103.200000000016
103.2,3,2,98.120002746582,0,103.210000000016
103.21,3,2,98.129997253418,0,103.220000000016
103.22,3,2,98.1399993896484,0,103.230000000016
103.23,3,2,98.1500015258789,0,103.240000000016
103.24,3,2,98.1600036621094,0,103.250000000016
103.25,3,2,98.1699981689453,0,103.260000000016
103.26,3,2,98.1800003051758,0,103.270000000016
103.27,3,2,98.1900024414062,0,103.280000000016
103.28,3,2,98.1999969482422,0,103.290000000016
103.29,3,2,98.2099990844727,0,103.300000000016
103.3,3,2,98.2200012207031,0,103.310000000016
103.31,3,2,98.2300033569336,0,103.320000000016
103.32,3,2,98.2399978637695,0,103.330000000016
103.33,3,2,98.25,0,103.340000000016
103.34,3,2,98.2600021362305,0,103.350000000016
103.35,3,2,98.2699966430664,0,103.360000000016
103.36,3,2,98.2799987792969,0,103.370000000016
103.37,3,2,98.2900009155273,0,103.380000000016
103.38,3,2,98.3000030517578,0,103.390000000016
103.39,3,2,98.3099975585938,0,103.400000000016
103.4,3,2,98.3199996948242,0,103.410000000016
103.41,3,2,98.3300018310547,0,103.420000000016
103.42,3,2,98.3399963378906,0,103.430000000016
103.43,3,2,98.3499984741211,0,103.440000000016
103.44,3,2,98.3600006103516,0,103.450000000016
103.45,3,2,98.370002746582,0,103.460000000016
103.46,3,2,98.379997253418,0,103.470000000016
103.47,3,2,98.3899993896484,0,103.480000000016
103.48,3,2,98.4000015258789,0,103.490000000016
103.49,3,2,98.4100036621094,0,103.500000000016
103.5,3,2,98.4199981689453,0,103.510000000016
103.51,3,2,98.4300003051758,0,103.520000000016
103.52,3,2,98.4400024414062,0,103.530000000016
103.53,3,2,98.4499969482422,0,103.540000000016
103.54,3,2,98.4599990844727,0,103.550000000016
103.55,3,2,98.4700012207031,0,103.560000000016
103.56,3,2,98.4800033569336,0,103.570000000016
103.57,3,2,98.4899978637695,0,103.580000000016
103.58,3,2,98.5,0,103.590000000016
103.59,3,2,98.5100021362305,0,103.600000000016
103.6,3,2,98.5199966430664,0,103.610000000016
103.61,3,2,98.5299987792969,0,103.620000000016
103.62,3,2,98.5400009155273,0,103.630000000016
103.63,3,2,98.5500030517578,0,103.640000000016
103.64,3,2,98.5599975585938,0,103.650000000016
103.65,3,2,98.5699996948242,0,103.660000000016
103.66,3,2,98.5800018310547,0,103.670000000016
103.67,3,2,98.5899963378906,0,103.680000000016
103.68,3,2,98.5999984741211,0,103.690000000016
103.69,3,2,98.6100006103516,0,103.700000000016
103.7,3,2,98.620002746582,0,103.710000000016
103.71,3,2,98.629997253418,0,103.720000000016
103.72,3,2,98.6399993896484,0,103.730000000016
103.73,3,2,98.6500015258789,0,103.740000000016
103.74,3,2,98.6600036621094,0,103.750000000016
103.75,3,2,98.6699981689453,0,103.760000000016
103.76,3,2,98.6800003051758,0,103.770000000016
103.77,3,2,98.6900024414062,0,103.780000000016
103.78,3,2,98.6999969482422,0,103.790000000016
103.79,3,2,98.7099990844727,0,103.800000000016
103.8,3,2,98.7200012207031,0,103.810000000016
103.81,3,2,98.7300033569336,0,103.820000000016
103.82,3,2,98.7399978637695,0,103.830000000016
103.83,3,2,98.75,0,103.840000000016
103.84,3,2,98.7600021362305,0,103.850000000016
103.85,3,2,98.7699966430664,0,103.860000000016
103.86,3,2,98.7799987792969,0,103.870000000016
103.87,3,2,98.7900009155273,0,103.880000000016
103.88,3,2,98.8000030517578,0,103.890000000016
103.89,3,2,98.8099975585938,0,103.900000000016
103.9,3,2,98.8199996948242,0,103.910000000016
103.91,3,2,98.8300018310547,0,103.920000000016
103.92,3,2,98.8399963378906,0,103.930000000016
103.93,3,2,98.8499984741211,0,103.940000000016
103.94,3,2,98.8600006103516,0,103.950000000016
103.95,3,2,98.870002746582,0,103.960000000016
103.96,3,2,98.879997253418,0,103.970000000016
103.97,3,2,98.8899993896484,0,103.980000000016
103.98,3,2,98.9000015258789,0,103.990000000016
103.99,3,2,98.9100036621094,0,104.000000000016
104,3,2,98.9199981689453,0,104.010000000016
104.01,3,2,98.9300003051758,0,104.020000000016
104.02,3,2,98.9400024414062,0,104.030000000016
104.03,3,2,98.9499969482422,0,104.040000000016
104.04,3,2,98.9599990844727,0,104.050000000016
104.05,3,2,98.9700012207031,0,104.060000000016
104.06,3,2,98.9800033569336,0,104.070000000016
104.07,3,2,98.9899978637695,0,104.080000000016
104.08,3,2,99,0,104.090000000016
104.09,3,2,99.0100021362305,0,104.100000000016
104.1,3,2,99.0199966430664,0,104.110000000016
104.11,3,2,99.0299987792969,0,104.120000000016
104.12,3,2,99.0400009155273,0,104.130000000016
104.13,3,2,99.0500030517578,0,104.140000000016
104.14,3,2,99.0599975585938,0,104.150000000016
104.15,3,2,99.0699996948242,0,104.160000000016
104.16,3,2,99.0800018310547,0,104.170000000016
104.17,3,2,99.0899963378906,0,104.180000000016
104.18,3,2,99.0999984741211,0,104.190000000016
104.19,3,2,99.1100006103516,0,104.200000000016
104.2,3,2,99.120002746582,0,104.210000000016
104.21,3,2,99.129997253418,0,104.220000000016
104.22,3,2,99.1399993896484,0,104.230000000016
104.23,3,2,99.1500015258789,0,104.240000000016
104.24,3,2,99.1600036621094,0,104.250000000016
104.25,3,2,99.1699981689453,0,104.260000000016
104.26,3,2,99.1800003051758,0,104.270000000016
104.27,3,2,99.1900024414062,0,104.280000000016
104.28,3,2,99.1999969482422,0,104.290000000016
104.29,3,2,99.2099990844727,0,104.300000000016
104.3,3,2,99.2200012207031,0,104.310000000016
104.31,3,2,99.2300033569336,0,104.320000000016
104.32,3,2,99.2399978637695,0,104.330000000016
104.33,3,2,99.25,0,104.340000000016
104.34,3,2,99.2600021362305,0,104.350000000016
104.35,3,2,99.2699966430664,0,104.360000000016
104.36,3,2,99.2799987792969,0,104.370000000016
104.37,3,2,99.2900009155273,0,104.380000000016
104.38,3,2,99.3000030517578,0,104.390000000016
104.39,3,2,99.3099975585938,0,104.400000000017
104.4,3,2,99.3199996948242,0,104.410000000017
104.41,3,2,99.3300018310547,0,104.420000000017
104.42,3,2,99.3399963378906,0,104.430000000017
104.43,3,2,99.3499984741211,0,104.440000000017
104.44,3,2,99.3600006103516,0,104.450000000017
104.45,3,2,99.370002746582,0,104.460000000017
104.46,3,2,99.379997253418,0,104.470000000017
104.47,3,2,99.3899993896484,0,104.480000000017
104.48,3,2,99.4000015258789,0,104.490000000017
104.49,3,2,99.4100036621094,0,104.500000000017
104.5,3,2,99.4199981689453,0,104.510000000017
104.51,3,2,99.4300003051758,0,104.520000000017
104.52,3,2,99.4400024414062,0,104.530000000017
104.53,3,2,99.4499969482422,0,104.540000000017
104.54,3,2,99.4599990844727,0,104.550000000017
104.55,3,2,99.4700012207031,0,104.560000000017
104.56,3,2,99.4800033569336,0,104.570000000017
104.57,3,2,99.4899978637695,0,104.580000000017
104.58,3,2,99.5,0,104.590000000017
104.59,3,2,99.5100021362305,0,104.600000000017
104.6,3,2,99.5199966430664,0,104.610000000017
104.61,3,2,99.5299987792969,0,104.620000000017
104.62,3,2,99.5400009155273,0,104.630000000017
104.63,3,2,99.5500030517578,0,104.640000000017
104.64,3,2,99.5599975585938,0,104.650000000017
104.65,3,2,99.5699996948242,0,104.660000000017
104.66,3,2,99.5800018310547,0,104.670000000017
104.67,3,2,99.5899963378906,0,104.680000000017
104.68,3,2,99.5999984741211,0,104.690000000017
104.69,3,2,99.6100006103516,0,104.700000000017
104.7,3,2,99.620002746582,0,104.710000000017
104.71,3,2,99.629997253418,0,104.720000000017
104.72,3,2,99.6399993896484,0,104.730000000017
104.73,3,2,99.6500015258789,0,104.740000000017
104.74,3,2,99.6600036621094,0,104.750000000017
104.75,3,2,99.6699981689453,0,104.760000000017
104.76,3,2,99.6800003051758,0,104.770000000017
104.77,3,2,99.6900024414062,0,104.780000000017
104.78,3,2,99.6999969482422,0,104.790000000017
104.79,3,2,99.7099990844727,0,104.800000000017
104.8,3,2,99.7200012207031,0,104.810000000017
104.81,3,2,99.7300033569336,0,104.820000000017
104.82,3,2,99.7399978637695,0,104.830000000017
104.83,3,2,99.75,0,104.840000000017
104.84,3,2,99.7600021362305,0,104.850000000017
104.85,3,2,99.7699966430664,0,104.860000000017
104.86,3,2,99.7799987792969,0,104.870000000017
104.87,3,2,99.7900009155273,0,104.880000000017
104.88,3,2,99.8000030517578,0,104.890000000017
104.89,3,2,99.8099975585938,0,104.900000000017
104.9,3,2,99.8199996948242,0,104.910000000017
104.91,3,2,99.8300018310547,0,104.920000000017
104.92,3,2,99.8399963378906,0,104.930000000017
104.93,3,2,99.8499984741211,0,104.940000000017
104.94,3,2,99.8600006103516,0,104.950000000017
104.95,3,2,99.870002746582,0,104.960000000017
104.96,3,2,99.879997253418,0,104.970000000017
104.97,3,2,99.8899993896484,0,104.980000000017
104.98,3,2,99.9000015258789,0,104.990000000017
104.99,3,2,99.9100036621094,0,105.000000000017
105,3,2,99.9199981689453,0,105.010000000017
105.01,3,2,99.9199981689453,0,105.010000000017
105.02,3,2,99.9400024414062,0,105.030000000017
105.03,3,2,99.9499969482422,0,105.040000000017
105.04,3,2,99.9499969482422,0,105.040000000017
105.05,3,2,99.9700012207031,0,105.060000000017
105.06,3,2,99.9800033569336,0,105.070000000017
105.07,3,2,99.9800033569336,0,105.070000000017
105.08,3,2,100,0,105.090000000017
105.09,3,2,100.01000213623,0,105.100000000017
105.1,3,2,100.01000213623,0,105.100000000017
105.11,3,2,100.029998779297,0,105.120000000017
105.12,3,2,100.040000915527,0,105.130000000017
105.13,3,2,100.050003051758,0,105.140000000017
105.14,3,2,100.059997558594,0,105.150000000017
105.15,3,2,100.059997558594,0,105.150000000017
105.16,3,2,100.080001831055,0,105.170000000017
105.17,3,2,100.089996337891,0,105.180000000017
105.18,3,2,100.089996337891,0,105.180000000017
105.19,3,2,100.110000610352,0,105.200000000017
105.2,3,2,100.120002746582,0,105.210000000017
105.21,3,2,100.120002746582,0,105.210000000017
105.22,3,2,100.139999389648,0,105.230000000017
105.23,3,2,100.150001525879,0,105.240000000017
105.24,3,2,100.150001525879,0,105.240000000017
105.25,3,2,100.169998168945,0,105.260000000017
105.26,3,2,100.169998168945,0,105.260000000017
105.27,3,2,100.190002441406,0,105.280000000017
105.28,3,2,100.199996948242,0,105.290000000017
105.29,3,2,100.199996948242,0,105.290000000017
105.3,3,2,100.220001220703,0,105.310000000017
105.31,3,2,100.230003356934,0,105.320000000017
105.32,3,2,100.230003356934,0,105.320000000017
105.33,3,2,100.25,0,105.340000000017
105.34,3,2,100.26000213623,0,105.350000000017
105.35,3,2,100.26000213623,0,105.350000000017
105.36,3,2,100.279998779297,0,105.370000000017
105.37,3,2,100.290000915527,0,105.380000000017
105.38,3,2,100.300003051758,0,105.390000000017
105.39,3,2,100.309997558594,0,105.400000000017
105.4,3,2,100.309997558594,0,105.400000000017
105.41,3,2,100.330001831055,0,105.420000000017
105.42,3,2,100.339996337891,0,105.430000000017
105.43,3,2,100.339996337891,0,105.430000000017
105.44,3,2,100.360000610352,0,105.450000000017
105.45,3,2,100.370002746582,0,105.460000000017
105.46,3,2,100.370002746582,0,105.460000000017
105.47,3,2,100.389999389648,0,105.480000000017
105.48,3,2,100.400001525879,0,105.490000000017
105.49,3,2,100.400001525879,0,105.490000000017
105.5,3,2,100.419998168945,0,105.510000000017
105.51,3,2,100.419998168945,0,105.510000000017
105.52,3,2,100.440002441406,0,105.530000000017
105.53,3,2,100.449996948242,0,105.540000000017
105.54,3,2,100.449996948242,0,105.540000000017
105.55,3,2,100.470001220703,0,105.560000000017
105.56,3,2,100.480003356934,0,105.570000000017
105.57,3,2,100.480003356934,0,105.570000000017
105.58,3,2,100.5,0,105.590000000017
105.59,3,2,100.51000213623,0,105.600000000017
105.6,3,2,100.51000213623,0,105.600000000017
105.61,3,2,100.529998779297,0,105.620000000017
105.62,3,2,100.540000915527,0,105.630000000017
105.63,3,2,100.550003051758,0,105.640000000017
105.64,3,2,100.559997558594,0,105.650000000017
105.65,3,2,100.559997558594,0,105.650000000017
105.66,3,2,100.580001831055,0,105.670000000017
105.67,3,2,100.589996337891,0,105.680000000017
105.68,3,2,100.589996337891,0,105.680000000017
105.69,3,2,100.610000610352,0,105.700000000017
105.7,3,2,100.620002746582,0,105.710000000017
105.71,3,2,100.620002746582,0,105.710000000017
105.72,3,2,100.639999389648,0,105.730000000017
105.73,3,2,100.650001525879,0,105.740000000017
105.74,3,2,100.650001525879,0,105.740000000017
105.75,3,2,100.669998168945,0,105.760000000017
105.76,3,2,100.669998168945,0,105.760000000017
105.77,3,2,100.690002441406,0,105.780000000017
105.78,3,2,100.699996948242,0,105.790000000017
105.79,3,2,100.699996948242,0,105.790000000017
105.8,3,2,100.720001220703,0,105.810000000017
105.81,3,2,100.730003356934,0,105.820000000017
105.82,3,2,100.730003356934,0,105.820000000017
105.83,3,2,100.75,0,105.840000000017
105.84,3,2,100.76000213623,0,105.850000000017
105.85,3,2,100.76000213623,0,105.850000000017
105.86,3,2,100.779998779297,0,105.870000000017
105.87,3,2,100.790000915527,0,105.880000000017
105.88,3,2,100.800003051758,0,105.890000000017
105.89,3,2,100.809997558594,0,105.900000000017
105.9,3,2,100.809997558594,0,105.900000000017
105.91,3,2,100.830001831055,0,105.920000000017
105.92,3,2,100.839996337891,0,105.930000000017
105.93,3,2,100.839996337891,0,105.930000000017
105.94,3,2,100.860000610352,0,105.950000000017
105.95,3,2,100.870002746582,0,105.960000000017
105.96,3,2,100.870002746582,0,105.960000000017
105.97,3,2,100.889999389648,0,105.980000000017
105.98,3,2,100.900001525879,0,105.990000000017
105.99,3,2,100.900001525879,0,105.990000000017
106,3,2,100.919998168945,0,106.010000000017
106.01,3,2,100.919998168945,0,106.010000000017
106.02,3,2,100.940002441406,0,106.030000000017
106.03,3,2,100.949996948242,0,106.040000000017
106.04,3,2,100.949996948242,0,106.040000000017
106.05,3,2,100.970001220703,0,106.060000000017
106.06,3,2,100.980003356934,0,106.070000000017
106.07,3,2,100.980003356934,0,106.070000000017
106.08,3,2,101,0,106.090000000017
106.09,3,2,101.01000213623,0,106.100000000017
106.1,3,2,101.01000213623,0,106.100000000017
106.11,3,2,101.029998779297,0,106.120000000017
106.12,3,2,101.040000915527,0,106.130000000017
106.13,3,2,101.050003051758,0,106.140000000017
106.14,3,2,101.059997558594,0,106.150000000017
106.15,3,2,101.059997558594,0,106.150000000017
106.16,3,2,101.080001831055,0,106.170000000017
106.17,3,2,101.089996337891,0,106.180000000017
106.18,3,2,101.089996337891,0,106.180000000017
106.19,3,2,101.110000610352,0,106.200000000017
106.2,3,2,101.120002746582,0,106.210000000017
106.21,3,2,101.120002746582,0,106.210000000017
106.22,3,2,101.139999389648,0,106.230000000017
106.23,3,2,101.150001525879,0,106.240000000017
106.24,3,2,101.150001525879,0,106.240000000017
106.25,3,2,101.169998168945,0,106.260000000017
106.26,3,2,101.169998168945,0,106.260000000017
106.27,3,2,101.190002441406,0,106.280000000017
106.28,3,2,101.199996948242,0,106.290000000017
106.29,3,2,101.199996948242,0,106.290000000017
106.3,3,2,101.220001220703,0,106.310000000017
106.31,3,2,101.230003356934,0,106.320000000017
106.32,3,2,101.230003356934,0,106.320000000017
106.33,3,2,101.25,0,106.340000000017
106.34,3,2,101.26000213623,0,106.350000000018
106.35,3,2,101.26000213623,0,106.350000000018
106.36,3,2,101.279998779297,0,106.370000000018
106.37,3,2,101.290000915527,0,106.380000000018
106.38,3,2,101.300003051758,0,106.390000000018
106.39,3,2,101.309997558594,0,106.400000000018
106.4,3,2,101.309997558594,0,106.400000000018
106.41,3,2,101.330001831055,0,106.420000000018
106.42,3,2,101.339996337891,0,106.430000000018
106.43,3,2,101.339996337891,0,106.430000000018
106.44,3,2,101.360000610352,0,106.450000000018
106.45,3,2,101.370002746582,0,106.460000000018
106.46,3,2,101.370002746582,0,106.460000000018
106.47,3,2,101.389999389648,0,106.480000000018
106.48,3,2,101.400001525879,0,106.490000000018
106.49,3,2,101.400001525879,0,106.490000000018
106.5,3,2,101.419998168945,0,106.510000000018
106.51,3,2,101.419998168945,0,106.510000000018
106.52,3,2,101.440002441406,0,106.530000000018
106.53,3,2,101.449996948242,0,106.540000000018
106.54,3,2,101.449996948242,0,106.540000000018
106.55,3,2,101.470001220703,0,106.560000000018
106.56,3,2,101.480003356934,0,106.570000000018
106.57,3,2,101.480003356934,0,106.570000000018
106.58,3,2,101.5,0,106.590000000018
106.59,3,2,101.51000213623,0,106.600000000018
106.6,3,2,101.51000213623,0,106.600000000018
106.61,3,2,101.529998779297,0,106.620000000018
106.62,3,2,101.540000915527,0,106.630000000018
106.63,3,2,101.550003051758,0,106.640000000018
106.64,3,2,101.559997558594,0,106.650000000018
106.65,3,2,101.559997558594,0,106.650000000018
106.66,3,2,101.580001831055,0,106.670000000018
106.67,3,2,101.589996337891,0,106.680000000018
106.68,3,2,101.589996337891,0,106.680000000018
106.69,3,2,101.610000610352,0,106.700000000018
106.7,3,2,101.620002746582,0,106.710000000018
106.71,3,2,101.620002746582,0,106.710000000018
106.72,3,2,101.639999389648,0,106.730000000018
106.73,3,2,101.650001525879,0,106.740000000018
106.74,3,2,101.650001525879,0,106.740000000018
106.75,3,2,101.669998168945,0,106.760000000018
106.76,3,2,101.669998168945,0,106.760000000018
106.77,3,2,101.690002441406,0,106.780000000018
106.78,3,2,101.699996948242,0,106.790000000018
106.79,3,2,101.699996948242,0,106.790000000018
106.8,3,2,101.720001220703,0,106.810000000018
106.81,3,2,101.730003356934,0,106.820000000018
106.82,3,2,101.730003356934,0,106.820000000018
106.83,3,2,101.75,0,106.840000000018
106.84,3,2,101.76000213623,0,106.850000000018
106.85,3,2,101.76000213623,0,106.850000000018
106.86,3,2,101.779998779297,0,106.870000000018
106.87,3,2,101.790000915527,0,106.880000000018
106.88,3,2,101.800003051758,0,106.890000000018
106.89,3,2,101.809997558594,0,106.900000000018
106.9,3,2,101.809997558594,0,106.900000000018
106.91,3,2,101.830001831055,0,106.920000000018
106.92,3,2,101.839996337891,0,106.930000000018
106.93,3,2,101.839996337891,0,106.930000000018
106.94,3,2,101.860000610352,0,106.950000000018
106.95,3,2,101.870002746582,0,106.960000000018
106.96,3,2,101.870002746582,0,106.960000000018
106.97,3,2,101.889999389648,0,106.980000000018
106.98,3,2,101.900001525879,0,106.990000000018
106.99,3,2,101.900001525879,0,106.990000000018
107,3,2,101.919998168945,0,107.010000000018
107.01,3,2,101.919998168945,0,107.010000000018
107.02,3,2,101.940002441406,0,107.030000000018
107.03,3,2,101.949996948242,0,107.040000000018
107.04,3,2,101.949996948242,0,107.040000000018
107.05,3,2,101.970001220703,0,107.060000000018
107.06,3,2,101.980003356934,0,107.070000000018
107.07,3,2,101.980003356934,0,107.070000000018
107.08,3,2,102,0,107.090000000018
107.09,3,2,102.01000213623,0,107.100000000018
107.1,3,2,102.01000213623,0,107.100000000018
107.11,3,2,102.029998779297,0,107.120000000018
107.12,3,2,102.040000915527,0,107.130000000018
107.13,3,2,102.050003051758,0,107.140000000018
107.14,3,2,102.059997558594,0,107.150000000018
107.15,3,2,102.059997558594,0,107.150000000018
107.16,3,2,102.080001831055,0,107.170000000018
107.17,3,2,102.089996337891,0,107.180000000018
107.18,3,2,102.089996337891,0,107.180000000018
107.19,3,2,102.110000610352,0,107.200000000018
107.2,3,2,102.120002746582,0,107.210000000018
107.21,3,2,102.120002746582,0,107.210000000018
107.22,3,2,102.139999389648,0,107.230000000018
107.23,3,2,102.150001525879,0,107.240000000018
107.24,3,2,102.150001525879,0,107.240000000018
107.25,3,2,102.169998168945,0,107.260000000018
107.26,3,2,102.169998168945,0,107.260000000018
107.27,3,2,102.190002441406,0,107.280000000018
107.28,3,2,102.199996948242,0,107.290000000018
107.29,3,2,102.199996948242,0,107.290000000018
107.3,3,2,102.220001220703,0,107.310000000018
107.31,3,2,102.230003356934,0,107.320000000018
107.32,3,2,102.230003356934,0,107.320000000018
107.33,3,2,102.25,0,107.340000000018
107.34,3,2,102.26000213623,0,107.350000000018
107.35,3,2,102.26000213623,0,107.350000000018
107.36,3,2,102.279998779297,0,107.370000000018
107.37,3,2,102.290000915527,0,107.380000000018
107.38,3,2,102.300003051758,0,107.390000000018
107.39,3,2,102.309997558594,0,107.400000000018
107.4,3,2,102.309997558594,0,107.400000000018
107.41,3,2,102.330001831055,0,107.420000000018
107.42,3,2,102.339996337891,0,107.430000000018
107.43,3,2,102.339996337891,0,107.430000000018
107.44,3,2,102.360000610352,0,107.450000000018
107.45,3,2,102.370002746582,0,107.460000000018
107.46,3,2,102.370002746582,0,107.460000000018
107.47,3,2,102.389999389648,0,107.480000000018
107.48,3,2,102.400001525879,0,107.490000000018
107.49,3,2,102.400001525879,0,107.490000000018
107.5,3,2,102.419998168945,0,107.510000000018
107.51,3,2,102.419998168945,0,107.510000000018
107.52,3,2,102.440002441406,0,107.530000000018
107.53,3,2,102.449996948242,0,107.540000000018
107.54,3,2,102.449996948242,0,107.540000000018
107.55,3,2,102.470001220703,0,107.560000000018
107.56,3,2,102.480003356934,0,107.570000000018
107.57,3,2,102.480003356934,0,107.570000000018
107.58,3,2,102.5,0,107.590000000018
107.59,3,2,102.51000213623,0,107.600000000018
107.6,3,2,102.51000213623,0,107.600000000018
107.61,3,2,102.529998779297,0,107.620000000018
107.62,3,2,102.540000915527,0,107.630000000018
107.63,3,2,102.550003051758,0,107.640000000018
107.64,3,2,102.559997558594,0,107.650000000018
107.65,3,2,102.559997558594,0,107.650000000018
107.66,3,2,102.580001831055,0,107.670000000018
107.67,3,2,102.589996337891,0,107.680000000018
107.68,3,2,102.589996337891,0,107.680000000018
107.69,3,2,102.610000610352,0,107.700000000018
107.7,3,2,102.620002746582,0,107.710000000018
107.71,3,2,102.620002746582,0,107.710000000018
107.72,3,2,102.639999389648,0,107.730000000018
107.73,3,2,102.650001525879,0,107.740000000018
107.74,3,2,102.650001525879,0,107.740000000018
107.75,3,2,102.669998168945,0,107.760000000018
107.76,3,2,102.669998168945,0,107.760000000018
107.77,3,2,102.690002441406,0,107.780000000018
107.78,3,2,102.699996948242,0,107.790000000018
107.79,3,2,102.699996948242,0,107.790000000018
107.8,3,2,102.720001220703,0,107.810000000018
107.81,3,2,102.730003356934,0,107.820000000018
107.82,3,2,102.730003356934,0,107.820000000018
107.83,3,2,102.75,0,107.840000000018
107.84,3,2,102.76000213623,0,107.850000000018
107.85,3,2,102.76000213623,0,107.850000000018
107.86,3,2,102.779998779297,0,107.870000000018
107.87,3,2,102.790000915527,0,107.880000000018
107.88,3,2,102.800003051758,0,107.890000000018
107.89,3,2,102.809997558594,0,107.900000000018
107.9,3,2,102.809997558594,0,107.900000000018
107.91,3,2,102.830001831055,0,107.920000000018
107.92,3,2,102.839996337891,0,107.930000000018
107.93,3,2,102.839996337891,0,107.930000000018
107.94,3,2,102.860000610352,0,107.950000000018
107.95,3,2,102.870002746582,0,107.960000000018
107.96,3,2,102.870002746582,0,107.960000000018
107.97,3,2,102.889999389648,0,107.980000000018
107.98,3,2,102.900001525879,0,107.990000000018
107.99,3,2,102.900001525879,0,107.990000000018
108,3,2,102.919998168945,0,108.010000000018
108.01,3,2,102.919998168945,0,108.010000000018
108.02,3,2,102.940002441406,0,108.030000000018
108.03,3,2,102.949996948242,0,108.040000000018
108.04,3,2,102.949996948242,0,108.040000000018
108.05,3,2,102.970001220703,0,108.060000000018
108.06,3,2,102.980003356934,0,108.070000000018
108.07,3,2,102.980003356934,0,108.070000000018
108.08,3,2,103,0,108.090000000018
108.09,3,2,103.01000213623,0,108.100000000018
108.1,3,2,103.01000213623,0,108.100000000018
108.11,3,2,103.029998779297,0,108.120000000018
108.12,3,2,103.040000915527,0,108.130000000018
108.13,3,2,103.050003051758,0,108.140000000018
108.14,3,2,103.059997558594,0,108.150000000018
108.15,3,2,103.059997558594,0,108.150000000018
108.16,3,2,103.080001831055,0,108.170000000018
108.17,3,2,103.089996337891,0,108.180000000018
108.18,3,2,103.089996337891,0,108.180000000018
108.19,3,2,103.110000610352,0,108.200000000018
108.2,3,2,103.120002746582,0,108.210000000018
108.21,3,2,103.120002746582,0,108.210000000018
108.22,3,2,103.139999389648,0,108.230000000018
108.23,3,2,103.150001525879,0,108.240000000018
108.24,3,2,103.150001525879,0,108.240000000018
108.25,3,2,103.169998168945,0,108.260000000018
108.26,3,2,103.169998168945,0,108.260000000018
108.27,3,2,103.190002441406,0,108.280000000018
108.28,3,2,103.199996948242,0,108.290000000018
108.29,3,2,103.199996948242,0,108.290000000018
108.3,3,2,103.220001220703,0,108.310000000019
108.31,3,2,103.230003356934,0,108.320000000019
108.32,3,2,103.230003356934,0,108.320000000019
108.33,3,2,103.25,0,108.340000000019
108.34,3,2,103.26000213623,0,108.350000000019
108.35,3,2,103.26000213623,0,108.350000000019
108.36,3,2,103.279998779297,0,108.370000000019
108.37,3,2,103.290000915527,0,108.380000000019
108.38,3,2,103.300003051758,0,108.390000000019
108.39,3,2,103.309997558594,0,108.400000000019
108.4,3,2,103.309997558594,0,108.400000000019
108.41,3,2,103.330001831055,0,108.420000000019
108.42,3,2,103.339996337891,0,108.430000000019
108.43,3,2,103.339996337891,0,108.430000000019
108.44,3,2,103.360000610352,0,108.450000000019
108.45,3,2,103.370002746582,0,108.460000000019
108.46,3,2,103.370002746582,0,108.460000000019
108.47,3,2,103.389999389648,0,108.480000000019
108.48,3,2,103.400001525879,0,108.490000000019
108.49,3,2,103.400001525879,0,108.490000000019
108.5,3,2,103.419998168945,0,108.510000000019
108.51,3,2,103.419998168945,0,108.510000000019
108.52,3,2,103.440002441406,0,108.530000000019
108.53,3,2,103.449996948242,0,108.540000000019
108.54,3,2,103.449996948242,0,108.540000000019
108.55,3,2,103.470001220703,0,108.560000000019
108.56,3,2,103.480003356934,0,108.570000000019
108.57,3,2,103.480003356934,0,108.570000000019
108.58,3,2,103.5,0,108.590000000019
108.59,3,2,103.51000213623,0,108.600000000019
108.6,3,2,103.51000213623,0,108.600000000019
108.61,3,2,103.529998779297,0,108.620000000019
108.62,3,2,103.540000915527,0,108.630000000019
108.63,3,2,103.550003051758,0,108.640000000019
108.64,3,2,103.559997558594,0,108.650000000019
108.65,3,2,103.559997558594,0,108.650000000019
108.66,3,2,103.580001831055,0,108.670000000019
108.67,3,2,103.589996337891,0,108.680000000019
108.68,3,2,103.589996337891,0,108.680000000019
108.69,3,2,103.610000610352,0,108.700000000019
108.7,3,2,103.620002746582,0,108.710000000019
108.71,3,2,103.620002746582,0,108.710000000019
108.72,3,2,103.639999389648,0,108.730000000019
108.73,3,2,103.650001525879,0,108.740000000019
108.74,3,2,103.650001525879,0,108.740000000019
108.75,3,2,103.669998168945,0,108.760000000019
108.76,3,2,103.669998168945,0,108.760000000019
108.77,3,2,103.690002441406,0,108.780000000019
108.78,3,2,103.699996948242,0,108.790000000019
108.79,3,2,103.699996948242,0,108.790000000019
108.8,3,2,103.720001220703,0,108.810000000019
108.81,3,2,103.730003356934,0,108.820000000019
108.82,3,2,103.730003356934,0,108.820000000019
108.83,3,2,103.75,0,108.840000000019
108.84,3,2,103.76000213623,0,108.850000000019
108.85,3,2,103.76000213623,0,108.850000000019
108.86,3,2,103.779998779297,0,108.870000000019
108.87,3,2,103.790000915527,0,108.880000000019
108.88,3,2,103.800003051758,0,108.890000000019
108.89,3,2,103.809997558594,0,108.900000000019
108.9,3,2,103.809997558594,0,108.900000000019
108.91,3,2,103.830001831055,0,108.920000000019
108.92,3,2,103.839996337891,0,108.930000000019
108.93,3,2,103.839996337891,0,108.930000000019
108.94,3,2,103.860000610352,0,108.950000000019
108.95,3,2,103.870002746582,0,108.960000000019
108.96,3,2,103.870002746582,0,108.960000000019
108.97,3,2,103.889999389648,0,108.980000000019
108.98,3,2,103.900001525879,0,108.990000000019
108.99,3,2,103.900001525879,0,108.990000000019
109,3,2,103.919998168945,0,109.010000000019
109.01,3,2,103.919998168945,0,109.010000000019
109.02,3,2,103.940002441406,0,109.030000000019
109.03,3,2,103.949996948242,0,109.040000000019
109.04,3,2,103.949996948242,0,109.040000000019
109.05,3,2,103.970001220703,0,109.060000000019
109.06,3,2,103.980003356934,0,109.070000000019
109.07,3,2,103.980003356934,0,109.070000000019
109.08,3,2,104,0,109.090000000019
109.09,3,2,104.01000213623,0,109.100000000019
109.1,3,2,104.01000213623,0,109.100000000019
109.11,3,2,104.029998779297,0,109.120000000019
109.12,3,2,104.040000915527,0,109.130000000019
109.13,3,2,104.050003051758,0,109.140000000019
109.14,3,2,104.059997558594,0,109.150000000019
109.15,3,2,104.059997558594,0,109.150000000019
109.16,3,2,104.080001831055,0,109.170000000019
109.17,3,2,104.089996337891,0,109.180000000019
109.18,3,2,104.089996337891,0,109.180000000019
109.19,3,2,104.110000610352,0,109.200000000019
109.2,3,2,104.120002746582,0,109.210000000019
109.21,3,2,104.120002746582,0,109.210000000019
109.22,3,2,104.139999389648,0,109.230000000019
109.23,3,2,104.150001525879,0,109.240000000019
109.24,3,2,104.150001525879,0,109.240000000019
109.25,3,2,104.169998168945,0,109.260000000019
109.26,3,2,104.169998168945,0,109.260000000019
109.27,3,2,104.190002441406,0,109.280000000019
109.28,3,2,104.199996948242,0,109.290000000019
109.29,3,2,104.199996948242,0,109.290000000019
109.3,3,2,104.220001220703,0,109.310000000019
109.31,3,2,104.230003356934,0,109.320000000019
109.32,3,2,104.230003356934,0,109.320000000019
109.33,3,2,104.25,0,109.340000000019
109.34,3,2,104.26000213623,0,109.350000000019
109.35,3,2,104.26000213623,0,109.350000000019
109.36,3,2,104.279998779297,0,109.370000000019
109.37,3,2,104.290000915527,0,109.380000000019
109.38,3,2,104.300003051758,0,109.390000000019
109.39,3,2,104.309997558594,0,109.400000000019
109.4,3,2,104.309997558594,0,109.400000000019
109.41,3,2,104.330001831055,0,109.420000000019
109.42,3,2,104.339996337891,0,109.430000000019
109.43,3,2,104.339996337891,0,109.430000000019
109.44,3,2,104.360000610352,0,109.450000000019
109.45,3,2,104.370002746582,0,109.460000000019
109.46,3,2,104.370002746582,0,109.460000000019
109.47,3,2,104.389999389648,0,109.480000000019
109.48,3,2,104.400001525879,0,109.490000000019
109.49,3,2,104.400001525879,0,109.490000000019
109.5,3,2,104.419998168945,0,109.510000000019
109.51,3,2,104.419998168945,0,109.510000000019
109.52,3,2,104.440002441406,0,109.530000000019
109.53,3,2,104.449996948242,0,109.540000000019
109.54,3,2,104.449996948242,0,109.540000000019
109.55,3,2,104.470001220703,0,109.560000000019
109.56,3,2,104.480003356934,0,109.570000000019
109.57,3,2,104.480003356934,0,109.570000000019
109.58,3,2,104.5,0,109.590000000019
109.59,3,2,104.51000213623,0,109.600000000019
109.6,3,2,104.51000213623,0,109.600000000019
109.61,3,2,104.529998779297,0,109.620000000019
109.62,3,2,104.540000915527,0,109.630000000019
109.63,3,2,104.550003051758,0,109.640000000019
109.64,3,2,104.559997558594,0,109.650000000019
109.65,3,2,104.559997558594,0,109.650000000019
109.66,3,2,104.580001831055,0,109.670000000019
109.67,3,2,104.589996337891,0,109.680000000019
109.68,3,2,104.589996337891,0,109.680000000019
109.69,3,2,104.610000610352,0,109.700000000019
109.7,3,2,104.620002746582,0,109.710000000019
109.71,3,2,104.620002746582,0,109.710000000019
109.72,3,2,104.639999389648,0,109.730000000019
109.73,3,2,104.650001525879,0,109.740000000019
109.74,3,2,104.650001525879,0,109.740000000019
109.75,3,2,104.669998168945,0,109.760000000019
109.76,3,2,104.669998168945,0,109.760000000019
109.77,3,2,104.690002441406,0,109.780000000019
109.78,3,2,104.699996948242,0,109.790000000019
109.79,3,2,104.699996948242,0,109.790000000019
109.8,3,2,104.720001220703,0,109.810000000019
109.81,3,2,104.730003356934,0,109.820000000019
109.82,3,2,104.730003356934,0,109.820000000019
109.83,3,2,104.75,0,109.840000000019
109.84,3,2,104.76000213623,0,109.850000000019
109.85,3,2,104.76000213623,0,109.850000000019
109.86,3,2,104.779998779297,0,109.870000000019
109.87,3,2,104.790000915527,0,109.880000000019
109.88,3,2,104.800003051758,0,109.890000000019
109.89,3,2,104.809997558594,0,109.900000000019
109.9,3,2,104.809997558594,0,109.900000000019
109.91,3,2,104.830001831055,0,109.920000000019
109.92,3,2,104.839996337891,0,109.930000000019
109.93,3,2,104.839996337891,0,109.930000000019
109.94,3,2,104.860000610352,0,109.950000000019
109.95,3,2,104.870002746582,0,109.960000000019
109.96,3,2,104.870002746582,0,109.960000000019
109.97,3,2,104.889999389648,0,109.980000000019
109.98,3,2,104.900001525879,0,109.990000000019
109.99,3,2,104.900001525879,0,109.990000000019
110,3,2,104.919998168945,0,110.010000000019
110.01,3,2,104.919998168945,0,110.010000000019
110.02,3,2,104.940002441406,0,110.030000000019
110.03,3,2,104.949996948242,0,110.040000000019
110.04,3,2,104.949996948242,0,110.040000000019
110.05,3,2,104.970001220703,0,110.060000000019
110.06,3,2,104.980003356934,0,110.070000000019
110.07,3,2,104.980003356934,0,110.070000000019
110.08,3,2,105,0,110.090000000019
110.09,3,2,105.01000213623,0,110.100000000019
110.1,3,2,105.01000213623,0,110.100000000019
110.11,3,2,105.029998779297,0,110.120000000019
110.12,3,2,105.040000915527,0,110.130000000019
110.13,3,2,105.050003051758,0,110.140000000019
110.14,3,2,105.059997558594,0,110.150000000019
110.15,3,2,105.059997558594,0,110.150000000019
110.16,3,2,105.080001831055,0,110.170000000019
110.17,3,2,105.089996337891,0,110.180000000019
110.18,3,2,105.089996337891,0,110.180000000019
110.19,3,2,105.110000610352,0,110.200000000019
110.2,3,2,105.120002746582,0,110.210000000019
110.21,3,2,105.120002746582,0,110.210000000019
110.22,3,2,105.139999389648,0,110.230000000019
110.23,3,2,105.150001525879,0,110.240000000019
110.24,3,2,105.150001525879,0,110.240000000019
110.25,3,2,105.169998168945,0,110.26000000002
110.26,3,2,105.169998168945,0,110.26000000002
110.27,3,2,105.190002441406,0,110.28000000002
110.28,3,2,105.199996948242,0,110.29000000002
110.29,3,2,105.199996948242,0,110.29000000002
110.3,3,2,105.220001220703,0,110.31000000002
110.31,3,2,105.230003356934,0,110.32000000002
110.32,3,2,105.230003356934,0,110.32000000002
110.33,3,2,105.25,0,110.34000000002
110.34,3,2,105.26000213623,0,110.35000000002
110.35,3,2,105.26000213623,0,110.35000000002
110.36,3,2,105.279998779297,0,110.37000000002
110.37,3,2,105.290000915527,0,110.38000000002
110.38,3,2,105.300003051758,0,110.39000000002
110.39,3,2,105.309997558594,0,110.40000000002
110.4,3,2,105.309997558594,0,110.40000000002
110.41,3,2,105.330001831055,0,110.42000000002
110.42,3,2,105.339996337891,0,110.43000000002
110.43,3,2,105.339996337891,0,110.43000000002
110.44,3,2,105.360000610352,0,110.45000000002
110.45,3,2,105.370002746582,0,110.46000000002
110.46,3,2,105.370002746582,0,110.46000000002
110.47,3,2,105.389999389648,0,110.48000000002
110.48,3,2,105.400001525879,0,110.49000000002
110.49,3,2,105.400001525879,0,110.49000000002
110.5,3,2,105.419998168945,0,110.51000000002
110.51,3,2,105.419998168945,0,110.51000000002
110.52,3,2,105.440002441406,0,110.53000000002
110.53,3,2,105.449996948242,0,110.54000000002
110.54,3,2,105.449996948242,0,110.54000000002
110.55,3,2,105.470001220703,0,110.56000000002
110.56,3,2,105.480003356934,0,110.57000000002
110.57,3,2,105.480003356934,0,110.57000000002
110.58,3,2,105.5,0,110.59000000002
110.59,3,2,105.51000213623,0,110.60000000002
110.6,3,2,105.51000213623,0,110.60000000002
110.61,3,2,105.529998779297,0,110.62000000002
110.62,3,2,105.540000915527,0,110.63000000002
110.63,3,2,105.550003051758,0,110.64000000002
110.64,3,2,105.559997558594,0,110.65000000002
110.65,3,2,105.559997558594,0,110.65000000002
110.66,3,2,105.580001831055,0,110.67000000002
110.67,3,2,105.589996337891,0,110.68000000002
110.68,3,2,105.589996337891,0,110.68000000002
110.69,3,2,105.610000610352,0,110.70000000002
110.7,3,2,105.620002746582,0,110.71000000002
110.71,3,2,105.620002746582,0,110.71000000002
110.72,3,2,105.639999389648,0,110.73000000002
110.73,3,2,105.650001525879,0,110.74000000002
110.74,3,2,105.650001525879,0,110.74000000002
110.75,3,2,105.669998168945,0,110.76000000002
110.76,3,2,105.669998168945,0,110.76000000002
110.77,3,2,105.690002441406,0,110.78000000002
110.78,3,2,105.699996948242,0,110.79000000002
110.79,3,2,105.699996948242,0,110.79000000002
110.8,3,2,105.720001220703,0,110.81000000002
110.81,3,2,105.730003356934,0,110.82000000002
110.82,3,2,105.730003356934,0,110.82000000002
110.83,3,2,105.75,0,110.84000000002
110.84,3,2,105.76000213623,0,110.85000000002
110.85,3,2,105.76000213623,0,110.85000000002
110.86,3,2,105.779998779297,0,110.87000000002
110.87,3,2,105.790000915527,0,110.88000000002
110.88,3,2,105.800003051758,0,110.89000000002
110.89,3,2,105.809997558594,0,110.90000000002
110.9,3,2,105.809997558594,0,110.90000000002
110.91,3,2,105.830001831055,0,110.92000000002
110.92,3,2,105.839996337891,0,110.93000000002
110.93,3,2,105.839996337891,0,110.93000000002
110.94,3,2,105.860000610352,0,110.95000000002
110.95,3,2,105.870002746582,0,110.96000000002
110.96,3,2,105.870002746582,0,110.96000000002
110.97,3,2,105.889999389648,0,110.98000000002
110.98,3,2,105.900001525879,0,110.99000000002
110.99,3,2,105.900001525879,0,110.99000000002
111,3,2,105.919998168945,0,111.01000000002
111.01,3,2,105.919998168945,0,111.01000000002
111.02,3,2,105.940002441406,0,111.03000000002
111.03,3,2,105.949996948242,0,111.04000000002
111.04,3,2,105.949996948242,0,111.04000000002
111.05,3,2,105.970001220703,0,111.06000000002
111.06,3,2,105.980003356934,0,111.07000000002
111.07,3,2,105.980003356934,0,111.07000000002
111.08,3,2,106,0,111.09000000002
111.09,3,2,106.01000213623,0,111.10000000002
111.1,3,2,106.01000213623,0,111.10000000002
111.11,3,2,106.029998779297,0,111.12000000002
111.12,3,2,106.040000915527,0,111.13000000002
111.13,3,2,106.050003051758,0,111.14000000002
111.14,3,2,106.059997558594,0,111.15000000002
111.15,3,2,106.059997558594,0,111.15000000002
111.16,3,2,106.080001831055,0,111.17000000002
111.17,3,2,106.089996337891,0,111.18000000002
111.18,3,2,106.089996337891,0,111.18000000002
111.19,3,2,106.110000610352,0,111.20000000002
111.2,3,2,106.120002746582,0,111.21000000002
111.21,3,2,106.120002746582,0,111.21000000002
111.22,3,2,106.139999389648,0,111.23000000002
111.23,3,2,106.150001525879,0,111.24000000002
111.24,3,2,106.150001525879,0,111.24000000002
111.25,3,2,106.169998168945,0,111.26000000002
111.26,3,2,106.169998168945,0,111.26000000002
111.27,3,2,106.190002441406,0,111.28000000002
111.28,3,2,106.199996948242,0,111.29000000002
111.29,3,2,106.199996948242,0,111.29000000002
111.3,3,2,106.220001220703,0,111.31000000002
111.31,3,2,106.230003356934,0,111.32000000002
111.32,3,2,106.230003356934,0,111.32000000002
111.33,3,2,106.25,0,111.34000000002
111.34,3,2,106.26000213623,0,111.35000000002
111.35,3,2,106.26000213623,0,111.35000000002
111.36,3,2,106.279998779297,0,111.37000000002
111.37,3,2,106.290000915527,0,111.38000000002
111.38,3,2,106.300003051758,0,111.39000000002
111.39,3,2,106.309997558594,0,111.40000000002
111.4,3,2,106.309997558594,0,111.40000000002
111.41,3,2,106.330001831055,0,111.42000000002
111.42,3,2,106.339996337891,0,111.43000000002
111.43,3,2,106.339996337891,0,111.43000000002
111.44,3,2,106.360000610352,0,111.45000000002
111.45,3,2,106.370002746582,0,111.46000000002
111.46,3,2,106.370002746582,0,111.46000000002
111.47,3,2,106.389999389648,0,111.48000000002
111.48,3,2,106.400001525879,0,111.49000000002
111.49,3,2,106.400001525879,0,111.49000000002
111.5,3,2,106.419998168945,0,111.51000000002
111.51,3,2,106.419998168945,0,111.51000000002
111.52,3,2,106.440002441406,0,111.53000000002
111.53,3,2,106.449996948242,0,111.54000000002
111.54,3,2,106.449996948242,0,111.54000000002
111.55,3,2,106.470001220703,0,111.56000000002
111.56,3,2,106.480003356934,0,111.57000000002
111.57,3,2,106.480003356934,0,111.57000000002
111.58,3,2,106.5,0,111.59000000002
111.59,3,2,106.51000213623,0,111.60000000002
111.6,3,2,106.51000213623,0,111.60000000002
111.61,3,2,106.529998779297,0,111.62000000002
111.62,3,2,106.540000915527,0,111.63000000002
111.63,3,2,106.550003051758,0,111.64000000002
111.64,3,2,106.559997558594,0,111.65000000002
111.65,3,2,106.559997558594,0,111.65000000002
111.66,3,2,106.580001831055,0,111.67000000002
111.67,3,2,106.589996337891,0,111.68000000002
111.68,3,2,106.589996337891,0,111.68000000002
111.69,3,2,106.610000610352,0,111.70000000002
111.7,3,2,106.620002746582,0,111.71000000002
111.71,3,2,106.620002746582,0,111.71000000002
111.72,3,2,106.639999389648,0,111.73000000002
111.73,3,2,106.650001525879,0,111.74000000002
111.74,3,2,106.650001525879,0,111.74000000002
111.75,3,2,106.669998168945,0,111.76000000002
111.76,3,2,106.669998168945,0,111.76000000002
111.77,3,2,106.690002441406,0,111.78000000002
111.78,3,2,106.699996948242,0,111.79000000002
111.79,3,2,106.699996948242,0,111.79000000002
111.8,3,2,106.720001220703,0,111.81000000002
111.81,3,2,106.730003356934,0,111.82000000002
111.82,3,2,106.730003356934,0,111.82000000002
111.83,3,2,106.75,0,111.84000000002
111.84,3,2,106.76000213623,0,111.85000000002
111.85,3,2,106.76000213623,0,111.85000000002
111.86,3,2,106.779998779297,0,111.87000000002
111.87,3,2,106.790000915527,0,111.88000000002
111.88,3,2,106.800003051758,0,111.89000000002
111.89,3,2,106.809997558594,0,111.90000000002
111.9,3,2,106.809997558594,0,111.90000000002
111.91,3,2,106.830001831055,0,111.92000000002
111.92,3,2,106.839996337891,0,111.93000000002
111.93,3,2,106.839996337891,0,111.93000000002
111.94,3,2,106.860000610352,0,111.95000000002
111.95,3,2,106.870002746582,0,111.96000000002
111.96,3,2,106.870002746582,0,111.96000000002
111.97,3,2,106.889999389648,0,111.98000000002
111.98,3,2,106.900001525879,0,111.99000000002
111.99,3,2,106.900001525879,0,111.99000000002
112,3,2,106.919998168945,0,112.01000000002
112.01,3,2,106.919998168945,0,112.01000000002
112.02,3,2,106.940002441406,0,112.03000000002
112.03,3,2,106.949996948242,0,112.04000000002
112.04,3,2,106.949996948242,0,112.04000000002
112.05,3,2,106.970001220703,0,112.06000000002
112.06,3,2,106.980003356934,0,112.07000000002
112.07,3,2,106.980003356934,0,112.07000000002
112.08,3,2,107,0,112.09000000002
112.09,3,2,107.01000213623,0,112.10000000002
112.1,3,2,107.01000213623,0,112.10000000002
112.11,3,2,107.029998779297,0,112.12000000002
112.12,3,2,107.040000915527,0,112.13000000002
112.13,3,2,107.050003051758,0,112.14000000002
112.14,3,2,107.059997558594,0,112.15000000002
112.15,3,2,107.059997558594,0,112.15000000002
112.16,3,2,107.080001831055,0,112.17000000002
112.17,3,2,107.089996337891,0,112.18000000002
112.18,3,2,107.089996337891,0,112.18000000002
112.19,3,2,107.110000610352,0,112.20000000002
112.2,3,2,107.120002746582,0,112.210000000021
112.21,3,2,107.120002746582,0,112.210000000021
112.22,3,2,107.139999389648,0,112.230000000021
112.23,3,2,107.150001525879,0,112.240000000021
112.24,3,2,107.150001525879,0,112.240000000021
112.25,3,2,107.169998168945,0,112.260000000021
112.26,3,2,107.169998168945,0,112.260000000021
112.27,3,2,107.190002441406,0,112.280000000021
112.28,3,2,107.199996948242,0,112.290000000021
112.29,3,2,107.199996948242,0,112.290000000021
112.3,3,2,107.220001220703,0,112.310000000021
112.31,3,2,107.230003356934,0,112.320000000021
112.32,3,2,107.230003356934,0,112.320000000021
112.33,3,2,107.25,0,112.340000000021
112.34,3,2,107.26000213623,0,112.350000000021
112.35,3,2,107.26000213623,0,112.350000000021
112.36,3,2,107.279998779297,0,112.370000000021
112.37,3,2,107.290000915527,0,112.380000000021
112.38,3,2,107.300003051758,0,112.390000000021
112.39,3,2,107.309997558594,0,112.400000000021
112.4,3,2,107.309997558594,0,112.400000000021
112.41,3,2,107.330001831055,0,112.420000000021
112.42,3,2,107.339996337891,0,112.430000000021
112.43,3,2,107.339996337891,0,112.430000000021
112.44,3,2,107.360000610352,0,112.450000000021
112.45,3,2,107.370002746582,0,112.460000000021
112.46,3,2,107.370002746582,0,112.460000000021
112.47,3,2,107.389999389648,0,112.480000000021
112.48,3,2,107.400001525879,0,112.490000000021
112.49,3,2,107.400001525879,0,112.490000000021
112.5,3,2,107.419998168945,0,112.510000000021
112.51,3,2,107.419998168945,0,112.510000000021
112.52,3,2,107.440002441406,0,112.530000000021
112.53,3,2,107.449996948242,0,112.540000000021
112.54,3,2,107.449996948242,0,112.540000000021
112.55,3,2,107.470001220703,0,112.560000000021
112.56,3,2,107.480003356934,0,112.570000000021
112.57,3,2,107.480003356934,0,112.570000000021
112.58,3,2,107.5,0,112.590000000021
112.59,3,2,107.51000213623,0,112.600000000021
112.6,3,2,107.51000213623,0,112.600000000021
112.61,3,2,107.529998779297,0,112.620000000021
112.62,3,2,107.540000915527,0,112.630000000021
112.63,3,2,107.550003051758,0,112.640000000021
112.64,3,2,107.559997558594,0,112.650000000021
112.65,3,2,107.559997558594,0,112.650000000021
112.66,3,2,107.580001831055,0,112.670000000021
112.67,3,2,107.589996337891,0,112.680000000021
112.68,3,2,107.589996337891,0,112.680000000021
112.69,3,2,107.610000610352,0,112.700000000021
112.7,3,2,107.620002746582,0,112.710000000021
112.71,3,2,107.620002746582,0,112.710000000021
112.72,3,2,107.639999389648,0,112.730000000021
112.73,3,2,107.650001525879,0,112.740000000021
112.74,3,2,107.650001525879,0,112.740000000021
112.75,3,2,107.669998168945,0,112.760000000021
112.76,3,2,107.669998168945,0,112.760000000021
112.77,3,2,107.690002441406,0,112.780000000021
112.78,3,2,107.699996948242,0,112.790000000021
112.79,3,2,107.699996948242,0,112.790000000021
112.8,3,2,107.720001220703,0,112.810000000021
112.81,3,2,107.730003356934,0,112.820000000021
112.82,3,2,107.730003356934,0,112.820000000021
112.83,3,2,107.75,0,112.840000000021
112.84,3,2,107.76000213623,0,112.850000000021
112.85,3,2,107.76000213623,0,112.850000000021
112.86,3,2,107.779998779297,0,112.870000000021
112.87,3,2,107.790000915527,0,112.880000000021
112.88,3,2,107.800003051758,0,112.890000000021
112.89,3,2,107.809997558594,0,112.900000000021
112.9,3,2,107.809997558594,0,112.900000000021
112.91,3,2,107.830001831055,0,112.920000000021
112.92,3,2,107.839996337891,0,112.930000000021
112.93,3,2,107.839996337891,0,112.930000000021
112.94,3,2,107.860000610352,0,112.950000000021
112.95,3,2,107.870002746582,0,112.960000000021
112.96,3,2,107.870002746582,0,112.960000000021
112.97,3,2,107.889999389648,0,112.980000000021
112.98,3,2,107.900001525879,0,112.990000000021
112.99,3,2,107.900001525879,0,112.990000000021
113,3,2,107.919998168945,0,113.010000000021
113.01,3,2,107.919998168945,0,113.010000000021
113.02,3,2,107.940002441406,0,113.030000000021
113.03,3,2,107.949996948242,0,113.040000000021
113.04,3,2,107.949996948242,0,113.040000000021
113.05,3,2,107.970001220703,0,113.060000000021
113.06,3,2,107.980003356934,0,113.070000000021
113.07,3,2,107.980003356934,0,113.070000000021
113.08,3,2,108,0,113.090000000021
113.09,3,2,108.01000213623,0,113.100000000021
113.1,3,2,108.01000213623,0,113.100000000021
113.11,3,2,108.029998779297,0,113.120000000021
113.12,3,2,108.040000915527,0,113.130000000021
113.13,3,2,108.050003051758,0,113.140000000021
113.14,3,2,108.059997558594,0,113.150000000021
113.15,3,2,108.059997558594,0,113.150000000021
113.16,3,2,108.080001831055,0,113.170000000021
113.17,3,2,108.089996337891,0,113.180000000021
113.18,3,2,108.089996337891,0,113.180000000021
113.19,3,2,108.110000610352,0,113.200000000021
113.2,3,2,108.120002746582,0,113.210000000021
113.21,3,2,108.120002746582,0,113.210000000021
113.22,3,2,108.139999389648,0,113.230000000021
113.23,3,2,108.150001525879,0,113.240000000021
113.24,3,2,108.150001525879,0,113.240000000021
113.25,3,2,108.169998168945,0,113.260000000021
113.26,3,2,108.169998168945,0,113.260000000021
113.27,3,2,108.190002441406,0,113.280000000021
113.28,3,2,108.199996948242,0,113.290000000021
113.29,3,2,108.199996948242,0,113.290000000021
113.3,3,2,108.220001220703,0,113.310000000021
113.31,3,2,108.230003356934,0,113.320000000021
113.32,3,2,108.230003356934,0,113.320000000021
113.33,3,2,108.25,0,113.340000000021
113.34,3,2,108.26000213623,0,113.350000000021
113.35,3,2,108.26000213623,0,113.350000000021
113.36,3,2,108.279998779297,0,113.370000000021
113.37,3,2,108.290000915527,0,113.380000000021
113.38,3,2,108.300003051758,0,113.390000000021
113.39,3,2,108.309997558594,0,113.400000000021
113.4,3,2,108.309997558594,0,113.400000000021
113.41,3,2,108.330001831055,0,113.420000000021
113.42,3,2,108.339996337891,0,113.430000000021
113.43,3,2,108.339996337891,0,113.430000000021
113.44,3,2,108.360000610352,0,113.450000000021
113.45,3,2,108.370002746582,0,113.460000000021
113.46,3,2,108.370002746582,0,113.460000000021
113.47,3,2,108.389999389648,0,113.480000000021
113.48,3,2,108.400001525879,0,113.490000000021
113.49,3,2,108.400001525879,0,113.490000000021
113.5,3,2,108.419998168945,0,113.510000000021
113.51,3,2,108.419998168945,0,113.510000000021
113.52,3,2,108.440002441406,0,113.530000000021
113.53,3,2,108.449996948242,0,113.540000000021
113.54,3,2,108.449996948242,0,113.540000000021
113.55,3,2,108.470001220703,0,113.560000000021
113.56,3,2,108.480003356934,0,113.570000000021
113.57,3,2,108.480003356934,0,113.570000000021
113.58,3,2,108.5,0,113.590000000021
113.59,3,2,108.51000213623,0,113.600000000021
113.6,3,2,108.51000213623,0,113.600000000021
113.61,3,2,108.529998779297,0,113.620000000021
113.62,3,2,108.540000915527,0,113.630000000021
113.63,3,2,108.550003051758,0,113.640000000021
113.64,3,2,108.559997558594,0,113.650000000021
113.65,3,2,108.559997558594,0,113.650000000021
113.66,3,2,108.580001831055,0,113.670000000021
113.67,3,2,108.589996337891,0,113.680000000021
113.68,3,2,108.589996337891,0,113.680000000021
113.69,3,2,108.610000610352,0,113.700000000021
113.7,3,2,108.620002746582,0,113.710000000021
113.71,3,2,108.620002746582,0,113.710000000021
113.72,3,2,108.639999389648,0,113.730000000021
113.73,3,2,108.650001525879,0,113.740000000021
113.74,3,2,108.650001525879,0,113.740000000021
113.75,3,2,108.669998168945,0,113.760000000021
113.76,3,2,108.669998168945,0,113.760000000021
113.77,3,2,108.690002441406,0,113.780000000021
113.78,3,2,108.699996948242,0,113.790000000021
113.79,3,2,108.699996948242,0,113.790000000021
113.8,3,2,108.720001220703,0,113.810000000021
113.81,3,2,108.730003356934,0,113.820000000021
113.82,3,2,108.730003356934,0,113.820000000021
113.83,3,2,108.75,0,113.840000000021
113.84,3,2,108.76000213623,0,113.850000000021
113.85,3,2,108.76000213623,0,113.850000000021
113.86,3,2,108.779998779297,0,113.870000000021
113.87,3,2,108.790000915527,0,113.880000000021
113.88,3,2,108.800003051758,0,113.890000000021
113.89,3,2,108.809997558594,0,113.900000000021
113.9,3,2,108.809997558594,0,113.900000000021
113.91,3,2,108.830001831055,0,113.920000000021
113.92,3,2,108.839996337891,0,113.930000000021
113.93,3,2,108.839996337891,0,113.930000000021
113.94,3,2,108.860000610352,0,113.950000000021
113.95,3,2,108.870002746582,0,113.960000000021
113.96,3,2,108.870002746582,0,113.960000000021
113.97,3,2,108.889999389648,0,113.980000000021
113.98,3,2,108.900001525879,0,113.990000000021
113.99,3,2,108.900001525879,0,113.990000000021
114,3,2,108.919998168945,0,114.010000000021
114.01,3,2,108.919998168945,0,114.010000000021
114.02,3,2,108.940002441406,0,114.030000000021
114.03,3,2,108.949996948242,0,114.040000000021
114.04,3,2,108.949996948242,0,114.040000000021
114.05,3,2,108.970001220703,0,114.060000000021
114.06,3,2,108.980003356934,0,114.070000000021
114.07,3,2,108.980003356934,0,114.070000000021
114.08,3,2,109,0,114.090000000021
114.09,3,2,109.01000213623,0,114.100000000021
114.1,3,2,109.01000213623,0,114.100000000021
114.11,3,2,109.029998779297,0,114.120000000021
114.12,3,2,109.040000915527,0,114.130000000021
114.13,3,2,109.050003051758,0,114.140000000021
114.14,3,2,109.059997558594,0,114.150000000021
114.15,3,2,109.059997558594,0,114.150000000021
114.16,3,2,109.080001831055,0,114.170000000022
114.17,3,2,109.089996337891,0,114.180000000022
114.18,3,2,109.089996337891,0,114.180000000022
114.19,3,2,109.110000610352,0,114.200000000022
114.2,3,2,109.120002746582,0,114.210000000022
114.21,3,2,109.120002746582,0,114.210000000022
114.22,3,2,109.139999389648,0,114.230000000022
114.23,3,2,109.150001525879,0,114.240000000022
114.24,3,2,109.150001525879,0,114.240000000022
114.25,3,2,109.169998168945,0,114.260000000022
114.26,3,2,109.169998168945,0,114.260000000022
114.27,3,2,109.190002441406,0,114.280000000022
114.28,3,2,109.199996948242,0,114.290000000022
114.29,3,2,109.199996948242,0,114.290000000022
114.3,3,2,109.220001220703,0,114.310000000022
114.31,3,2,109.230003356934,0,114.320000000022
114.32,3,2,109.230003356934,0,114.320000000022
114.33,3,2,109.25,0,114.340000000022
114.34,3,2,109.26000213623,0,114.350000000022
114.35,3,2,109.26000213623,0,114.350000000022
114.36,3,2,109.279998779297,0,114.370000000022
114.37,3,2,109.290000915527,0,114.380000000022
114.38,3,2,109.300003051758,0,114.390000000022
114.39,3,2,109.309997558594,0,114.400000000022
114.4,3,2,109.309997558594,0,114.400000000022
114.41,3,2,109.330001831055,0,114.420000000022
114.42,3,2,109.339996337891,0,114.430000000022
114.43,3,2,109.339996337891,0,114.430000000022
114.44,3,2,109.360000610352,0,114.450000000022
114.45,3,2,109.370002746582,0,114.460000000022
114.46,3,2,109.370002746582,0,114.460000000022
114.47,3,2,109.389999389648,0,114.480000000022
114.48,3,2,109.400001525879,0,114.490000000022
114.49,3,2,109.400001525879,0,114.490000000022
114.5,3,2,109.419998168945,0,114.510000000022
114.51,3,2,109.430000305176,0,114.520000000022
114.52,3,2,109.440002441406,0,114.530000000022
114.53,3,2,109.449996948242,0,114.540000000022
114.54,3,2,109.449996948242,0,114.540000000022
114.55,3,2,109.470001220703,0,114.560000000022
114.56,3,2,109.480003356934,0,114.570000000022
114.57,3,2,109.480003356934,0,114.570000000022
114.58,3,2,109.5,0,114.590000000022
114.59,3,2,109.51000213623,0,114.600000000022
114.6,3,2,109.51000213623,0,114.600000000022
114.61,3,2,109.529998779297,0,114.620000000022
114.62,3,2,109.540000915527,0,114.630000000022
114.63,3,2,109.550003051758,0,114.640000000022
114.64,3,2,109.559997558594,0,114.650000000022
114.65,3,2,109.559997558594,0,114.650000000022
114.66,3,2,109.580001831055,0,114.670000000022
114.67,3,2,109.589996337891,0,114.680000000022
114.68,3,2,109.589996337891,0,114.680000000022
114.69,3,2,109.610000610352,0,114.700000000022
114.7,3,2,109.620002746582,0,114.710000000022
114.71,3,2,109.620002746582,0,114.710000000022
114.72,3,2,109.639999389648,0,114.730000000022
114.73,3,2,109.650001525879,0,114.740000000022
114.74,3,2,109.650001525879,0,114.740000000022
114.75,3,2,109.669998168945,0,114.760000000022
114.76,3,2,109.680000305176,0,114.770000000022
114.77,3,2,109.690002441406,0,114.780000000022
114.78,3,2,109.699996948242,0,114.790000000022
114.79,3,2,109.699996948242,0,114.790000000022
114.8,3,2,109.720001220703,0,114.810000000022
114.81,3,2,109.730003356934,0,114.820000000022
114.82,3,2,109.730003356934,0,114.820000000022
114.83,3,2,109.75,0,114.840000000022
114.84,3,2,109.76000213623,0,114.850000000022
114.85,3,2,109.76000213623,0,114.850000000022
114.86,3,2,109.779998779297,0,114.870000000022
114.87,3,2,109.790000915527,0,114.880000000022
114.88,3,2,109.800003051758,0,114.890000000022
114.89,3,2,109.809997558594,0,114.900000000022
114.9,3,2,109.809997558594,0,114.900000000022
114.91,3,2,109.830001831055,0,114.920000000022
114.92,3,2,109.839996337891,0,114.930000000022
114.93,3,2,109.839996337891,0,114.930000000022
114.94,3,2,109.860000610352,0,114.950000000022
114.95,3,2,109.870002746582,0,114.960000000022
114.96,3,2,109.870002746582,0,114.960000000022
114.97,3,2,109.889999389648,0,114.980000000022
114.98,3,2,109.900001525879,0,114.990000000022
114.99,3,2,109.900001525879,0,114.990000000022
115,3,2,109.919998168945,0,115.010000000022
115.01,3,2,109.930000305176,0,115.020000000022
115.02,3,2,109.940002441406,0,115.030000000022
115.03,3,2,109.949996948242,0,115.040000000022
115.04,3,2,109.949996948242,0,115.040000000022
115.05,3,2,109.970001220703,0,115.060000000022
115.06,3,2,109.980003356934,0,115.070000000022
115.07,3,2,109.980003356934,0,115.070000000022
115.08,3,2,110,0,115.090000000022
115.09,3,2,110.01000213623,0,115.100000000022
115.1,3,2,110.01000213623,0,115.100000000022
115.11,3,2,110.029998779297,0,115.120000000022
115.12,3,2,110.040000915527,0,115.130000000022
115.13,3,2,110.050003051758,0,115.140000000022
115.14,3,2,110.059997558594,0,115.150000000022
115.15,3,2,110.059997558594,0,115.150000000022
115.16,3,2,110.080001831055,0,115.170000000022
115.17,3,2,110.089996337891,0,115.180000000022
115.18,3,2,110.089996337891,0,115.180000000022
115.19,3,2,110.110000610352,0,115.200000000022
115.2,3,2,110.120002746582,0,115.210000000022
115.21,3,2,110.120002746582,0,115.210000000022
115.22,3,2,110.139999389648,0,115.230000000022
115.23,3,2,110.150001525879,0,115.240000000022
115.24,3,2,110.150001525879,0,115.240000000022
115.25,3,2,110.169998168945,0,115.260000000022
115.26,3,2,110.180000305176,0,115.270000000022
115.27,3,2,110.190002441406,0,115.280000000022
115.28,3,2,110.199996948242,0,115.290000000022
115.29,3,2,110.199996948242,0,115.290000000022
115.3,3,2,110.220001220703,0,115.310000000022
115.31,3,2,110.230003356934,0,115.320000000022
115.32,3,2,110.230003356934,0,115.320000000022
115.33,3,2,110.25,0,115.340000000022
115.34,3,2,110.26000213623,0,115.350000000022
115.35,3,2,110.26000213623,0,115.350000000022
115.36,3,2,110.279998779297,0,115.370000000022
115.37,3,2,110.290000915527,0,115.380000000022
115.38,3,2,110.300003051758,0,115.390000000022
115.39,3,2,110.309997558594,0,115.400000000022
115.4,3,2,110.309997558594,0,115.400000000022
115.41,3,2,110.330001831055,0,115.420000000022
115.42,3,2,110.339996337891,0,115.430000000022
115.43,3,2,110.339996337891,0,115.430000000022
115.44,3,2,110.360000610352,0,115.450000000022
115.45,3,2,110.370002746582,0,115.460000000022
115.46,3,2,110.370002746582,0,115.460000000022
115.47,3,2,110.389999389648,0,115.480000000022
115.48,3,2,110.400001525879,0,115.490000000022
115.49,3,2,110.400001525879,0,115.490000000022
115.5,3,2,110.419998168945,0,115.510000000022
115.51,3,2,110.430000305176,0,115.520000000022
115.52,3,2,110.440002441406,0,115.530000000022
115.53,3,2,110.449996948242,0,115.540000000022
115.54,3,2,110.449996948242,0,115.540000000022
115.55,3,2,110.470001220703,0,115.560000000022
115.56,3,2,110.480003356934,0,115.570000000022
115.57,3,2,110.480003356934,0,115.570000000022
115.58,3,2,110.5,0,115.590000000022
115.59,3,2,110.51000213623,0,115.600000000022
115.6,3,2,110.51000213623,0,115.600000000022
115.61,3,2,110.529998779297,0,115.620000000022
115.62,3,2,110.540000915527,0,115.630000000022
115.63,3,2,110.550003051758,0,115.640000000022
115.64,3,2,110.559997558594,0,115.650000000022
115.65,3,2,110.559997558594,0,115.650000000022
115.66,3,2,110.580001831055,0,115.670000000022
115.67,3,2,110.589996337891,0,115.680000000022
115.68,3,2,110.589996337891,0,115.680000000022
115.69,3,2,110.610000610352,0,115.700000000022
115.7,3,2,110.620002746582,0,115.710000000022
115.71,3,2,110.620002746582,0,115.710000000022
115.72,3,2,110.639999389648,0,115.730000000022
115.73,3,2,110.650001525879,0,115.740000000022
115.74,3,2,110.650001525879,0,115.740000000022
115.75,3,2,110.669998168945,0,115.760000000022
115.76,3,2,110.680000305176,0,115.770000000022
115.77,3,2,110.690002441406,0,115.780000000022
115.78,3,2,110.699996948242,0,115.790000000022
115.79,3,2,110.699996948242,0,115.790000000022
115.8,3,2,110.720001220703,0,115.810000000022
115.81,3,2,110.730003356934,0,115.820000000022
115.82,3,2,110.730003356934,0,115.820000000022
115.83,3,2,110.75,0,115.840000000022
115.84,3,2,110.76000213623,0,115.850000000022
115.85,3,2,110.76000213623,0,115.850000000022
115.86,3,2,110.779998779297,0,115.870000000022
115.87,3,2,110.790000915527,0,115.880000000022
115.88,3,2,110.800003051758,0,115.890000000022
115.89,3,2,110.809997558594,0,115.900000000022
115.9,3,2,110.809997558594,0,115.900000000022
115.91,3,2,110.830001831055,0,115.920000000022
115.92,3,2,110.839996337891,0,115.930000000022
115.93,3,2,110.839996337891,0,115.930000000022
115.94,3,2,110.860000610352,0,115.950000000022
115.95,3,2,110.870002746582,0,115.960000000022
115.96,3,2,110.870002746582,0,115.960000000022
115.97,3,2,110.889999389648,0,115.980000000022
115.98,3,2,110.900001525879,0,115.990000000022
115.99,3,2,110.900001525879,0,115.990000000022
116,3,2,110.919998168945,0,116.010000000022
116.01,3,2,110.930000305176,0,116.020000000022
116.02,3,2,110.940002441406,0,116.030000000022
116.03,3,2,110.949996948242,0,116.040000000022
116.04,3,2,110.949996948242,0,116.040000000022
116.05,3,2,110.970001220703,0,116.060000000022
116.06,3,2,110.980003356934,0,116.070000000022
116.07,3,2,110.980003356934,0,116.070000000022
116.08,3,2,111,0,116.090000000022
116.09,3,2,111.01000213623,0,116.100000000022
116.1,3,2,111.01000213623,0,116.100000000022
116.11,3,2,111.029998779297,0,116.120000000023
116.12,3,2,111.040000915527,0,116.130000000023
116.13,3,2,111.050003051758,0,116.140000000023
116.14,3,2,111.059997558594,0,116.150000000023
116.15,3,2,111.059997558594,0,116.150000000023
116.16,3,2,111.080001831055,0,116.170000000023
116.17,3,2,111.089996337891,0,116.180000000023
116.18,3,2,111.089996337891,0,116.180000000023
116.19,3,2,111.110000610352,0,116.200000000023
116.2,3,2,111.120002746582,0,116.210000000023
116.21,3,2,111.120002746582,0,116.210000000023
116.22,3,2,111.139999389648,0,116.230000000023
116.23,3,2,111.150001525879,0,116.240000000023
116.24,3,2,111.150001525879,0,116.240000000023
116.25,3,2,111.169998168945,0,116.260000000023
116.26,3,2,111.180000305176,0,116.270000000023
116.27,3,2,111.190002441406,0,116.280000000023
116.28,3,2,111.199996948242,0,116.290000000023
116.29,3,2,111.199996948242,0,116.290000000023
116.3,3,2,111.220001220703,0,116.310000000023
116.31,3,2,111.230003356934,0,116.320000000023
116.32,3,2,111.230003356934,0,116.320000000023
116.33,3,2,111.25,0,116.340000000023
116.34,3,2,111.26000213623,0,116.350000000023
116.35,3,2,111.26000213623,0,116.350000000023
116.36,3,2,111.279998779297,0,116.370000000023
116.37,3,2,111.290000915527,0,116.380000000023
116.38,3,2,111.300003051758,0,116.390000000023
116.39,3,2,111.309997558594,0,116.400000000023
116.4,3,2,111.309997558594,0,116.400000000023
116.41,3,2,111.330001831055,0,116.420000000023
116.42,3,2,111.339996337891,0,116.430000000023
116.43,3,2,111.339996337891,0,116.430000000023
116.44,3,2,111.360000610352,0,116.450000000023
116.45,3,2,111.370002746582,0,116.460000000023
116.46,3,2,111.370002746582,0,116.460000000023
116.47,3,2,111.389999389648,0,116.480000000023
116.48,3,2,111.400001525879,0,116.490000000023
116.49,3,2,111.400001525879,0,116.490000000023
116.5,3,2,111.419998168945,0,116.510000000023
116.51,3,2,111.430000305176,0,116.520000000023
116.52,3,2,111.440002441406,0,116.530000000023
116.53,3,2,111.449996948242,0,116.540000000023
116.54,3,2,111.449996948242,0,116.540000000023
116.55,3,2,111.470001220703,0,116.560000000023
116.56,3,2,111.480003356934,0,116.570000000023
116.57,3,2,111.480003356934,0,116.570000000023
116.58,3,2,111.5,0,116.590000000023
116.59,3,2,111.51000213623,0,116.600000000023
116.6,3,2,111.51000213623,0,116.600000000023
116.61,3,2,111.529998779297,0,116.620000000023
116.62,3,2,111.540000915527,0,116.630000000023
116.63,3,2,111.550003051758,0,116.640000000023
116.64,3,2,111.559997558594,0,116.650000000023
116.65,3,2,111.559997558594,0,116.650000000023
116.66,3,2,111.580001831055,0,116.670000000023
116.67,3,2,111.589996337891,0,116.680000000023
116.68,3,2,111.589996337891,0,116.680000000023
116.69,3,2,111.610000610352,0,116.700000000023
116.7,3,2,111.620002746582,0,116.710000000023
116.71,3,2,111.620002746582,0,116.710000000023
116.72,3,2,111.639999389648,0,116.730000000023
116.73,3,2,111.650001525879,0,116.740000000023
116.74,3,2,111.650001525879,0,116.740000000023
116.75,3,2,111.669998168945,0,116.760000000023
116.76,3,2,111.680000305176,0,116.770000000023
116.77,3,2,111.690002441406,0,116.780000000023
116.78,3,2,111.699996948242,0,116.790000000023
116.79,3,2,111.699996948242,0,116.790000000023
116.8,3,2,111.720001220703,0,116.810000000023
116.81,3,2,111.730003356934,0,116.820000000023
116.82,3,2,111.730003356934,0,116.820000000023
116.83,3,2,111.75,0,116.840000000023
116.84,3,2,111.76000213623,0,116.850000000023
116.85,3,2,111.76000213623,0,116.850000000023
116.86,3,2,111.779998779297,0,116.870000000023
116.87,3,2,111.790000915527,0,116.880000000023
116.88,3,2,111.800003051758,0,116.890000000023
116.89,3,2,111.809997558594,0,116.900000000023
116.9,3,2,111.809997558594,0,116.900000000023
116.91,3,2,111.830001831055,0,116.920000000023
116.92,3,2,111.839996337891,0,116.930000000023
116.93,3,2,111.839996337891,0,116.930000000023
116.94,3,2,111.860000610352,0,116.950000000023
116.95,3,2,111.870002746582,0,116.960000000023
116.96,3,2,111.870002746582,0,116.960000000023
116.97,3,2,111.889999389648,0,116.980000000023
116.98,3,2,111.900001525879,0,116.990000000023
116.99,3,2,111.900001525879,0,116.990000000023
117,3,2,111.919998168945,0,117.010000000023
117.01,3,2,111.930000305176,0,117.020000000023
117.02,3,2,111.940002441406,0,117.030000000023
117.03,3,2,111.949996948242,0,117.040000000023
117.04,3,2,111.949996948242,0,117.040000000023
117.05,3,2,111.970001220703,0,117.060000000023
117.06,3,2,111.980003356934,0,117.070000000023
117.07,3,2,111.980003356934,0,117.070000000023
117.08,3,2,112,0,117.090000000023
117.09,3,2,112.01000213623,0,117.100000000023
117.1,3,2,112.01000213623,0,117.100000000023
117.11,3,2,112.029998779297,0,117.120000000023
117.12,3,2,112.040000915527,0,117.130000000023
117.13,3,2,112.050003051758,0,117.140000000023
117.14,3,2,112.059997558594,0,117.150000000023
117.15,3,2,112.059997558594,0,117.150000000023
117.16,3,2,112.080001831055,0,117.170000000023
117.17,3,2,112.089996337891,0,117.180000000023
117.18,3,2,112.089996337891,0,117.180000000023
117.19,3,2,112.110000610352,0,117.200000000023
117.2,3,2,112.120002746582,0,117.210000000023
117.21,3,2,112.120002746582,0,117.210000000023
117.22,3,2,112.139999389648,0,117.230000000023
117.23,3,2,112.150001525879,0,117.240000000023
117.24,3,2,112.150001525879,0,117.240000000023
117.25,3,2,112.169998168945,0,117.260000000023
117.26,3,2,112.180000305176,0,117.270000000023
117.27,3,2,112.190002441406,0,117.280000000023
117.28,3,2,112.199996948242,0,117.290000000023
117.29,3,2,112.199996948242,0,117.290000000023
117.3,3,2,112.220001220703,0,117.310000000023
117.31,3,2,112.230003356934,0,117.320000000023
117.32,3,2,112.230003356934,0,117.320000000023
117.33,3,2,112.25,0,117.340000000023
117.34,3,2,112.26000213623,0,117.350000000023
117.35,3,2,112.26000213623,0,117.350000000023
117.36,3,2,112.279998779297,0,117.370000000023
117.37,3,2,112.290000915527,0,117.380000000023
117.38,3,2,112.300003051758,0,117.390000000023
117.39,3,2,112.309997558594,0,117.400000000023
117.4,3,2,112.309997558594,0,117.400000000023
117.41,3,2,112.330001831055,0,117.420000000023
117.42,3,2,112.339996337891,0,117.430000000023
117.43,3,2,112.339996337891,0,117.430000000023
117.44,3,2,112.360000610352,0,117.450000000023
117.45,3,2,112.370002746582,0,117.460000000023
117.46,3,2,112.370002746582,0,117.460000000023
117.47,3,2,112.389999389648,0,117.480000000023
117.48,3,2,112.400001525879,0,117.490000000023
117.49,3,2,112.400001525879,0,117.490000000023
117.5,3,2,112.419998168945,0,117.510000000023
117.51,3,2,112.430000305176,0,117.520000000023
117.52,3,2,112.440002441406,0,117.530000000023
117.53,3,2,112.449996948242,0,117.540000000023
117.54,3,2,112.449996948242,0,117.540000000023
117.55,3,2,112.470001220703,0,117.560000000023
117.56,3,2,112.480003356934,0,117.570000000023
117.57,3,2,112.480003356934,0,117.570000000023
117.58,3,2,112.5,0,117.590000000023
117.59,3,2,112.51000213623,0,117.600000000023
117.6,3,2,112.51000213623,0,117.600000000023
117.61,3,2,112.529998779297,0,117.620000000023
117.62,3,2,112.540000915527,0,117.630000000023
117.63,3,2,112.550003051758,0,117.640000000023
117.64,3,2,112.559997558594,0,117.650000000023
117.65,3,2,112.559997558594,0,117.650000000023
117.66,3,2,112.580001831055,0,117.670000000023
117.67,3,2,112.589996337891,0,117.680000000023
117.68,3,2,112.589996337891,0,117.680000000023
117.69,3,2,112.610000610352,0,117.700000000023
117.7,3,2,112.620002746582,0,117.710000000023
117.71,3,2,112.620002746582,0,117.710000000023
117.72,3,2,112.639999389648,0,117.730000000023
117.73,3,2,112.650001525879,0,117.740000000023
117.74,3,2,112.650001525879,0,117.740000000023
117.75,3,2,112.669998168945,0,117.760000000023
117.76,3,2,112.680000305176,0,117.770000000023
117.77,3,2,112.690002441406,0,117.780000000023
117.78,3,2,112.699996948242,0,117.790000000023
117.79,3,2,112.699996948242,0,117.790000000023
117.8,3,2,112.720001220703,0,117.810000000023
117.81,3,2,112.730003356934,0,117.820000000023
117.82,3,2,112.730003356934,0,117.820000000023
117.83,3,2,112.75,0,117.840000000023
117.84,3,2,112.76000213623,0,117.850000000023
117.85,3,2,112.76000213623,0,117.850000000023
117.86,3,2,112.779998779297,0,117.870000000023
117.87,3,2,112.790000915527,0,117.880000000023
117.88,3,2,112.800003051758,0,117.890000000023
117.89,3,2,112.809997558594,0,117.900000000023
117.9,3,2,112.809997558594,0,117.900000000023
117.91,3,2,112.830001831055,0,117.920000000023
117.92,3,2,112.839996337891,0,117.930000000023
117.93,3,2,112.839996337891,0,117.930000000023
117.94,3,2,112.860000610352,0,117.950000000023
117.95,3,2,112.870002746582,0,117.960000000023
117.96,3,2,112.870002746582,0,117.960000000023
117.97,3,2,112.889999389648,0,117.980000000023
117.98,3,2,112.900001525879,0,117.990000000023
117.99,3,2,112.900001525879,0,117.990000000023
118,3,2,112.919998168945,0,118.010000000023
118.01,3,2,112.930000305176,0,118.020000000023
118.02,3,2,112.940002441406,0,118.030000000023
118.03,3,2,112.949996948242,0,118.040000000023
118.04,3,2,112.949996948242,0,118.040000000023
118.05,3,2,112.970001220703,0,118.060000000023
118.06,3,2,112.980003356934,0,118.070000000023
118.07,3,2,112.980003356934,0,118.070000000023
118.08,3,2,113,0,118.090000000024
118.09,3,2,113.01000213623,0,118.100000000024
118.1,3,2,113.01000213623,0,118.100000000024
118.11,3,2,113.029998779297,0,118.120000000024
118.12,3,2,113.040000915527,0,118.130000000024
118.13,3,2,113.050003051758,0,118.140000000024
118.14,3,2,113.059997558594,0,118.150000000024
118.15,3,2,113.059997558594,0,118.150000000024
118.16,3,2,113.080001831055,0,118.170000000024
118.17,3,2,113.089996337891,0,118.180000000024
118.18,3,2,113.089996337891,0,118.180000000024
118.19,3,2,113.110000610352,0,118.200000000024
118.2,3,2,113.120002746582,0,118.210000000024
118.21,3,2,113.120002746582,0,118.210000000024
118.22,3,2,113.139999389648,0,118.230000000024
118.23,3,2,113.150001525879,0,118.240000000024
118.24,3,2,113.150001525879,0,118.240000000024
118.25,3,2,113.169998168945,0,118.260000000024
118.26,3,2,113.180000305176,0,118.270000000024
118.27,3,2,113.190002441406,0,118.280000000024
118.28,3,2,113.199996948242,0,118.290000000024
118.29,3,2,113.199996948242,0,118.290000000024
118.3,3,2,113.220001220703,0,118.310000000024
118.31,3,2,113.230003356934,0,118.320000000024
118.32,3,2,113.230003356934,0,118.320000000024
118.33,3,2,113.25,0,118.340000000024
118.34,3,2,113.26000213623,0,118.350000000024
118.35,3,2,113.26000213623,0,118.350000000024
118.36,3,2,113.279998779297,0,118.370000000024
118.37,3,2,113.290000915527,0,118.380000000024
118.38,3,2,113.300003051758,0,118.390000000024
118.39,3,2,113.309997558594,0,118.400000000024
118.4,3,2,113.309997558594,0,118.400000000024
118.41,3,2,113.330001831055,0,118.420000000024
118.42,3,2,113.339996337891,0,118.430000000024
118.43,3,2,113.339996337891,0,118.430000000024
118.44,3,2,113.360000610352,0,118.450000000024
118.45,3,2,113.370002746582,0,118.460000000024
118.46,3,2,113.370002746582,0,118.460000000024
118.47,3,2,113.389999389648,0,118.480000000024
118.48,3,2,113.400001525879,0,118.490000000024
118.49,3,2,113.400001525879,0,118.490000000024
118.5,3,2,113.419998168945,0,118.510000000024
118.51,3,2,113.430000305176,0,118.520000000024
118.52,3,2,113.440002441406,0,118.530000000024
118.53,3,2,113.449996948242,0,118.540000000024
118.54,3,2,113.449996948242,0,118.540000000024
118.55,3,2,113.470001220703,0,118.560000000024
118.56,3,2,113.480003356934,0,118.570000000024
118.57,3,2,113.480003356934,0,118.570000000024
118.58,3,2,113.5,0,118.590000000024
118.59,3,2,113.51000213623,0,118.600000000024
118.6,3,2,113.51000213623,0,118.600000000024
118.61,3,2,113.529998779297,0,118.620000000024
118.62,3,2,113.540000915527,0,118.630000000024
118.63,3,2,113.550003051758,0,118.640000000024
118.64,3,2,113.559997558594,0,118.650000000024
118.65,3,2,113.559997558594,0,118.650000000024
118.66,3,2,113.580001831055,0,118.670000000024
118.67,3,2,113.589996337891,0,118.680000000024
118.68,3,2,113.589996337891,0,118.680000000024
118.69,3,2,113.610000610352,0,118.700000000024
118.7,3,2,113.620002746582,0,118.710000000024
118.71,3,2,113.620002746582,0,118.710000000024
118.72,3,2,113.639999389648,0,118.730000000024
118.73,3,2,113.650001525879,0,118.740000000024
118.74,3,2,113.650001525879,0,118.740000000024
118.75,3,2,113.669998168945,0,118.760000000024
118.76,3,2,113.680000305176,0,118.770000000024
118.77,3,2,113.690002441406,0,118.780000000024
118.78,3,2,113.699996948242,0,118.790000000024
118.79,3,2,113.699996948242,0,118.790000000024
118.8,3,2,113.720001220703,0,118.810000000024
118.81,3,2,113.730003356934,0,118.820000000024
118.82,3,2,113.730003356934,0,118.820000000024
118.83,3,2,113.75,0,118.840000000024
118.84,3,2,113.76000213623,0,118.850000000024
118.85,3,2,113.76000213623,0,118.850000000024
118.86,3,2,113.779998779297,0,118.870000000024
118.87,3,2,113.790000915527,0,118.880000000024
118.88,3,2,113.800003051758,0,118.890000000024
118.89,3,2,113.809997558594,0,118.900000000024
118.9,3,2,113.809997558594,0,118.900000000024
118.91,3,2,113.830001831055,0,118.920000000024
118.92,3,2,113.839996337891,0,118.930000000024
118.93,3,2,113.839996337891,0,118.930000000024
118.94,3,2,113.860000610352,0,118.950000000024
118.95,3,2,113.870002746582,0,118.960000000024
118.96,3,2,113.870002746582,0,118.960000000024
118.97,3,2,113.889999389648,0,118.980000000024
118.98,3,2,113.900001525879,0,118.990000000024
118.99,3,2,113.900001525879,0,118.990000000024
119,3,2,113.919998168945,0,119.010000000024
119.01,3,2,113.930000305176,0,119.020000000024
119.02,3,2,113.940002441406,0,119.030000000024
119.03,3,2,113.949996948242,0,119.040000000024
119.04,3,2,113.949996948242,0,119.040000000024
119.05,3,2,113.970001220703,0,119.060000000024
119.06,3,2,113.980003356934,0,119.070000000024
119.07,3,2,113.980003356934,0,119.070000000024
119.08,3,2,114,0,119.090000000024
119.09,3,2,114.01000213623,0,119.100000000024
119.1,3,2,114.01000213623,0,119.100000000024
119.11,3,2,114.029998779297,0,119.120000000024
119.12,3,2,114.040000915527,0,119.130000000024
119.13,3,2,114.050003051758,0,119.140000000024
119.14,3,2,114.059997558594,0,119.150000000024
119.15,3,2,114.059997558594,0,119.150000000024
119.16,3,2,114.080001831055,0,119.170000000024
119.17,3,2,114.089996337891,0,119.180000000024
119.18,3,2,114.089996337891,0,119.180000000024
119.19,3,2,114.110000610352,0,119.200000000024
119.2,3,2,114.120002746582,0,119.210000000024
119.21,3,2,114.120002746582,0,119.210000000024
119.22,3,2,114.139999389648,0,119.230000000024
119.23,3,2,114.150001525879,0,119.240000000024
119.24,3,2,114.150001525879,0,119.240000000024
119.25,3,2,114.169998168945,0,119.260000000024
119.26,3,2,114.180000305176,0,119.270000000024
119.27,3,2,114.190002441406,0,119.280000000024
119.28,3,2,114.199996948242,0,119.290000000024
119.29,3,2,114.199996948242,0,119.290000000024
119.3,3,2,114.220001220703,0,119.310000000024
119.31,3,2,114.230003356934,0,119.320000000024
119.32,3,2,114.230003356934,0,119.320000000024
119.33,3,2,114.25,0,119.340000000024
119.34,3,2,114.26000213623,0,119.350000000024
119.35,3,2,114.26000213623,0,119.350000000024
119.36,3,2,114.279998779297,0,119.370000000024
119.37,3,2,114.290000915527,0,119.380000000024
119.38,3,2,114.300003051758,0,119.390000000024
119.39,3,2,114.309997558594,0,119.400000000024
119.4,3,2,114.309997558594,0,119.400000000024
119.41,3,2,114.330001831055,0,119.420000000024
119.42,3,2,114.339996337891,0,119.430000000024
119.43,3,2,114.339996337891,0,119.430000000024
119.44,3,2,114.360000610352,0,119.450000000024
119.45,3,2,114.370002746582,0,119.460000000024
119.46,3,2,114.370002746582,0,119.460000000024
119.47,3,2,114.389999389648,0,119.480000000024
119.48,3,2,114.400001525879,0,119.490000000024
119.49,3,2,114.400001525879,0,119.490000000024
119.5,3,2,114.419998168945,0,119.510000000024
119.51,3,2,114.430000305176,0,119.520000000024
119.52,3,2,114.440002441406,0,119.530000000024
119.53,3,2,114.449996948242,0,119.540000000024
119.54,3,2,114.449996948242,0,119.540000000024
119.55,3,2,114.470001220703,0,119.560000000024
119.56,3,2,114.480003356934,0,119.570000000024
119.57,3,2,114.480003356934,0,119.570000000024
119.58,3,2,114.5,0,119.590000000024
119.59,3,2,114.51000213623,0,119.600000000024
119.6,3,2,114.51000213623,0,119.600000000024
119.61,3,2,114.529998779297,0,119.620000000024
119.62,3,2,114.540000915527,0,119.630000000024
119.63,3,2,114.550003051758,0,119.640000000024
119.64,3,2,114.559997558594,0,119.650000000024
119.65,3,2,114.559997558594,0,119.650000000024
119.66,3,2,114.580001831055,0,119.670000000024
119.67,3,2,114.589996337891,0,119.680000000024
119.68,3,2,114.589996337891,0,119.680000000024
119.69,3,2,114.610000610352,0,119.700000000024
119.7,3,2,114.620002746582,0,119.710000000024
119.71,3,2,114.620002746582,0,119.710000000024
119.72,3,2,114.639999389648,0,119.730000000024
119.73,3,2,114.650001525879,0,119.740000000024
119.74,3,2,114.650001525879,0,119.740000000024
119.75,3,2,114.669998168945,0,119.760000000024
119.76,3,2,114.680000305176,0,119.770000000024
119.77,3,2,114.690002441406,0,119.780000000024
119.78,3,2,114.699996948242,0,119.790000000024
119.79,3,2,114.699996948242,0,119.790000000024
119.8,3,2,114.720001220703,0,119.810000000024
119.81,3,2,114.730003356934,0,119.820000000024
119.82,3,2,114.730003356934,0,119.820000000024
119.83,3,2,114.75,0,119.840000000024
119.84,3,2,114.76000213623,0,119.850000000024
119.85,3,2,114.76000213623,0,119.850000000024
119.86,3,2,114.779998779297,0,119.870000000024
119.87,3,2,114.790000915527,0,119.880000000024
119.88,3,2,114.800003051758,0,119.890000000024
119.89,3,2,114.809997558594,0,119.900000000024
119.9,3,2,114.809997558594,0,119.900000000024
119.91,3,2,114.830001831055,0,119.920000000024
119.92,3,2,114.839996337891,0,119.930000000024
119.93,3,2,114.839996337891,0,119.930000000024
119.94,3,2,114.860000610352,0,119.950000000024
119.95,3,2,114.870002746582,0,119.960000000024
119.96,3,2,114.870002746582,0,119.960000000024
119.97,3,2,114.889999389648,0,119.980000000024
119.98,3,2,114.900001525879,0,119.990000000024
119.99,3,2,114.900001525879,0,119.990000000024
120,3,2,114.919998168945,0,120.010000000024
120.01,3,2,114.930000305176,0,120.020000000024
120.02,3,2,114.940002441406,0,120.030000000025
120.03,3,2,114.949996948242,0,120.040000000025
120.04,3,2,114.949996948242,0,120.040000000025
120.05,3,2,114.970001220703,0,120.060000000025
120.06,3,2,114.980003356934,0,120.070000000025
120.07,3,2,114.980003356934,0,120.070000000025
120.08,3,2,115,0,120.090000000025
120.09,3,2,115.01000213623,0,120.100000000025
120.1,3,2,115.01000213623,0,120.100000000025
120.11,3,2,115.029998779297,0,120.120000000025
120.12,3,2,115.040000915527,0,120.130000000025
120.13,3,2,115.050003051758,0,120.140000000025
120.14,3,2,115.059997558594,0,120.150000000025
120.15,3,2,115.059997558594,0,120.150000000025
120.16,3,2,115.080001831055,0,120.170000000025
120.17,3,2,115.089996337891,0,120.180000000025
120.18,3,2,115.089996337891,0,120.180000000025
120.19,3,2,115.110000610352,0,120.200000000025
120.2,3,2,115.120002746582,0,120.210000000025
120.21,3,2,115.120002746582,0,120.210000000025
120.22,3,2,115.139999389648,0,120.230000000025
120.23,3,2,115.150001525879,0,120.240000000025
120.24,3,2,115.150001525879,0,120.240000000025
120.25,3,2,115.169998168945,0,120.260000000025
120.26,3,2,115.180000305176,0,120.270000000025
120.27,3,2,115.190002441406,0,120.280000000025
120.28,3,2,115.199996948242,0,120.290000000025
120.29,3,2,115.199996948242,0,120.290000000025
120.3,3,2,115.220001220703,0,120.310000000025
120.31,3,2,115.230003356934,0,120.320000000025
120.32,3,2,115.230003356934,0,120.320000000025
120.33,3,2,115.25,0,120.340000000025
120.34,3,2,115.26000213623,0,120.350000000025
120.35,3,2,115.26000213623,0,120.350000000025
120.36,3,2,115.279998779297,0,120.370000000025
120.37,3,2,115.290000915527,0,120.380000000025
120.38,3,2,115.300003051758,0,120.390000000025
120.39,3,2,115.309997558594,0,120.400000000025
120.4,3,2,115.309997558594,0,120.400000000025
120.41,3,2,115.330001831055,0,120.420000000025
120.42,3,2,115.339996337891,0,120.430000000025
120.43,3,2,115.339996337891,0,120.430000000025
120.44,3,2,115.360000610352,0,120.450000000025
120.45,3,2,115.370002746582,0,120.460000000025
120.46,3,2,115.370002746582,0,120.460000000025
120.47,3,2,115.389999389648,0,120.480000000025
120.48,3,2,115.400001525879,0,120.490000000025
120.49,3,2,115.400001525879,0,120.490000000025
120.5,3,2,115.419998168945,0,120.510000000025
120.51,3,2,115.430000305176,0,120.520000000025
120.52,3,2,115.440002441406,0,120.530000000025
120.53,3,2,115.449996948242,0,120.540000000025
120.54,3,2,115.449996948242,0,120.540000000025
120.55,3,2,115.470001220703,0,120.560000000025
120.56,3,2,115.480003356934,0,120.570000000025
120.57,3,2,115.480003356934,0,120.570000000025
120.58,3,2,115.5,0,120.590000000025
120.59,3,2,115.51000213623,0,120.600000000025
120.6,3,2,115.51000213623,0,120.600000000025
120.61,3,2,115.529998779297,0,120.620000000025
120.62,3,2,115.540000915527,0,120.630000000025
120.63,3,2,115.550003051758,0,120.640000000025
120.64,3,2,115.559997558594,0,120.650000000025
120.65,3,2,115.559997558594,0,120.650000000025
120.66,3,2,115.580001831055,0,120.670000000025
120.67,3,2,115.589996337891,0,120.680000000025
120.68,3,2,115.589996337891,0,120.680000000025
120.69,3,2,115.610000610352,0,120.700000000025
120.7,3,2,115.620002746582,0,120.710000000025
120.71,3,2,115.620002746582,0,120.710000000025
120.72,3,2,115.639999389648,0,120.730000000025
120.73,3,2,115.650001525879,0,120.740000000025
120.74,3,2,115.650001525879,0,120.740000000025
120.75,3,2,115.669998168945,0,120.760000000025
120.76,3,2,115.680000305176,0,120.770000000025
120.77,3,2,115.690002441406,0,120.780000000025
120.78,3,2,115.699996948242,0,120.790000000025
120.79,3,2,115.699996948242,0,120.790000000025
120.8,3,2,115.720001220703,0,120.810000000025
120.81,3,2,115.730003356934,0,120.820000000025
120.82,3,2,115.730003356934,0,120.820000000025
120.83,3,2,115.75,0,120.840000000025
120.84,3,2,115.76000213623,0,120.850000000025
120.85,3,2,115.76000213623,0,120.850000000025
120.86,3,2,115.779998779297,0,120.870000000025
120.87,3,2,115.790000915527,0,120.880000000025
120.88,3,2,115.800003051758,0,120.890000000025
120.89,3,2,115.809997558594,0,120.900000000025
120.9,3,2,115.809997558594,0,120.900000000025
120.91,3,2,115.830001831055,0,120.920000000025
120.92,3,2,115.839996337891,0,120.930000000025
120.93,3,2,115.839996337891,0,120.930000000025
120.94,3,2,115.860000610352,0,120.950000000025
120.95,3,2,115.870002746582,0,120.960000000025
120.96,3,2,115.870002746582,0,120.960000000025
120.97,3,2,115.889999389648,0,120.980000000025
120.98,3,2,115.900001525879,0,120.990000000025
120.99,3,2,115.900001525879,0,120.990000000025
121,3,2,115.919998168945,0,121.010000000025
121.01,3,2,115.930000305176,0,121.020000000025
121.02,3,2,115.940002441406,0,121.030000000025
121.03,3,2,115.949996948242,0,121.040000000025
121.04,3,2,115.949996948242,0,121.040000000025
121.05,3,2,115.970001220703,0,121.060000000025
121.06,3,2,115.980003356934,0,121.070000000025
121.07,3,2,115.980003356934,0,121.070000000025
121.08,3,2,116,0,121.090000000025
121.09,3,2,116.01000213623,0,121.100000000025
121.1,3,2,116.01000213623,0,121.100000000025
121.11,3,2,116.029998779297,0,121.120000000025
121.12,3,2,116.040000915527,0,121.130000000025
121.13,3,2,116.050003051758,0,121.140000000025
121.14,3,2,116.059997558594,0,121.150000000025
121.15,3,2,116.059997558594,0,121.150000000025
121.16,3,2,116.080001831055,0,121.170000000025
121.17,3,2,116.089996337891,0,121.180000000025
121.18,3,2,116.089996337891,0,121.180000000025
121.19,3,2,116.110000610352,0,121.200000000025
121.2,3,2,116.120002746582,0,121.210000000025
121.21,3,2,116.120002746582,0,121.210000000025
121.22,3,2,116.139999389648,0,121.230000000025
121.23,3,2,116.150001525879,0,121.240000000025
121.24,3,2,116.150001525879,0,121.240000000025
121.25,3,2,116.169998168945,0,121.260000000025
121.26,3,2,116.180000305176,0,121.270000000025
121.27,3,2,116.190002441406,0,121.280000000025
121.28,3,2,116.199996948242,0,121.290000000025
121.29,3,2,116.199996948242,0,121.290000000025
121.3,3,2,116.220001220703,0,121.310000000025
121.31,3,2,116.230003356934,0,121.320000000025
121.32,3,2,116.230003356934,0,121.320000000025
121.33,3,2,116.25,0,121.340000000025
121.34,3,2,116.26000213623,0,121.350000000025
121.35,3,2,116.26000213623,0,121.350000000025
121.36,3,2,116.279998779297,0,121.370000000025
121.37,3,2,116.290000915527,0,121.380000000025
121.38,3,2,116.300003051758,0,121.390000000025
121.39,3,2,116.309997558594,0,121.400000000025
121.4,3,2,116.309997558594,0,121.400000000025
121.41,3,2,116.330001831055,0,121.420000000025
121.42,3,2,116.339996337891,0,121.430000000025
121.43,3,2,116.339996337891,0,121.430000000025
121.44,3,2,116.360000610352,0,121.450000000025
121.45,3,2,116.370002746582,0,121.460000000025
121.46,3,2,116.370002746582,0,121.460000000025
121.47,3,2,116.389999389648,0,121.480000000025
121.48,3,2,116.400001525879,0,121.490000000025
121.49,3,2,116.400001525879,0,121.490000000025
121.5,3,2,116.419998168945,0,121.510000000025
121.51,3,2,116.430000305176,0,121.520000000025
121.52,3,2,116.440002441406,0,121.530000000025
121.53,3,2,116.449996948242,0,121.540000000025
121.54,3,2,116.449996948242,0,121.540000000025
121.55,3,2,116.470001220703,0,121.560000000025
121.56,3,2,116.480003356934,0,121.570000000025
121.57,3,2,116.480003356934,0,121.570000000025
121.58,3,2,116.5,0,121.590000000025
121.59,3,2,116.51000213623,0,121.600000000025
121.6,3,2,116.51000213623,0,121.600000000025
121.61,3,2,116.529998779297,0,121.620000000025
121.62,3,2,116.540000915527,0,121.630000000025
121.63,3,2,116.550003051758,0,121.640000000025
121.64,3,2,116.559997558594,0,121.650000000025
121.65,3,2,116.559997558594,0,121.650000000025
121.66,3,2,116.580001831055,0,121.670000000025
121.67,3,2,116.589996337891,0,121.680000000025
121.68,3,2,116.589996337891,0,121.680000000025
121.69,3,2,116.610000610352,0,121.700000000025
121.7,3,2,116.620002746582,0,121.710000000025
121.71,3,2,116.620002746582,0,121.710000000025
121.72,3,2,116.639999389648,0,121.730000000025
121.73,3,2,116.650001525879,0,121.740000000025
121.74,3,2,116.650001525879,0,121.740000000025
121.75,3,2,116.669998168945,0,121.760000000025
121.76,3,2,116.680000305176,0,121.770000000025
121.77,3,2,116.690002441406,0,121.780000000025
121.78,3,2,116.699996948242,0,121.790000000025
121.79,3,2,116.699996948242,0,121.790000000025
121.8,3,2,116.720001220703,0,121.810000000025
121.81,3,2,116.730003356934,0,121.820000000025
121.82,3,2,116.730003356934,0,121.820000000025
121.83,3,2,116.75,0,121.840000000025
121.84,3,2,116.76000213623,0,121.850000000025
121.85,3,2,116.76000213623,0,121.850000000025
121.86,3,2,116.779998779297,0,121.870000000025
121.87,3,2,116.790000915527,0,121.880000000025
121.88,3,2,116.800003051758,0,121.890000000025
121.89,3,2,116.809997558594,0,121.900000000025
121.9,3,2,116.809997558594,0,121.900000000025
121.91,3,2,116.830001831055,0,121.920000000025
121.92,3,2,116.839996337891,0,121.930000000025
121.93,3,2,116.839996337891,0,121.930000000025
121.94,3,2,116.860000610352,0,121.950000000025
121.95,3,2,116.870002746582,0,121.960000000025
121.96,3,2,116.870002746582,0,121.960000000025
121.97,3,2,116.889999389648,0,121.980000000025
121.98,3,2,116.900001525879,0,121.990000000026
121.99,3,2,116.900001525879,0,121.990000000026
122,3,2,116.919998168945,0,122.010000000026
122.01,3,2,116.930000305176,0,122.020000000026
122.02,3,2,116.940002441406,0,122.030000000026
122.03,3,2,116.949996948242,0,122.040000000026
122.04,3,2,116.949996948242,0,122.040000000026
122.05,3,2,116.970001220703,0,122.060000000026
122.06,3,2,116.980003356934,0,122.070000000026
122.07,3,2,116.980003356934,0,122.070000000026
122.08,3,2,117,0,122.090000000026
122.09,3,2,117.01000213623,0,122.100000000026
122.1,3,2,117.01000213623,0,122.100000000026
122.11,3,2,117.029998779297,0,122.120000000026
122.12,3,2,117.040000915527,0,122.130000000026
122.13,3,2,117.050003051758,0,122.140000000026
122.14,3,2,117.059997558594,0,122.150000000026
122.15,3,2,117.059997558594,0,122.150000000026
122.16,3,2,117.080001831055,0,122.170000000026
122.17,3,2,117.089996337891,0,122.180000000026
122.18,3,2,117.089996337891,0,122.180000000026
122.19,3,2,117.110000610352,0,122.200000000026
122.2,3,2,117.120002746582,0,122.210000000026
122.21,3,2,117.120002746582,0,122.210000000026
122.22,3,2,117.139999389648,0,122.230000000026
122.23,3,2,117.150001525879,0,122.240000000026
122.24,3,2,117.150001525879,0,122.240000000026
122.25,3,2,117.169998168945,0,122.260000000026
122.26,3,2,117.180000305176,0,122.270000000026
122.27,3,2,117.190002441406,0,122.280000000026
122.28,3,2,117.199996948242,0,122.290000000026
122.29,3,2,117.199996948242,0,122.290000000026
122.3,3,2,117.220001220703,0,122.310000000026
122.31,3,2,117.230003356934,0,122.320000000026
122.32,3,2,117.230003356934,0,122.320000000026
122.33,3,2,117.25,0,122.340000000026
122.34,3,2,117.26000213623,0,122.350000000026
122.35,3,2,117.26000213623,0,122.350000000026
122.36,3,2,117.279998779297,0,122.370000000026
122.37,3,2,117.290000915527,0,122.380000000026
122.38,3,2,117.300003051758,0,122.390000000026
122.39,3,2,117.309997558594,0,122.400000000026
122.4,3,2,117.309997558594,0,122.400000000026
122.41,3,2,117.330001831055,0,122.420000000026
122.42,3,2,117.339996337891,0,122.430000000026
122.43,3,2,117.339996337891,0,122.430000000026
122.44,3,2,117.360000610352,0,122.450000000026
122.45,3,2,117.370002746582,0,122.460000000026
122.46,3,2,117.370002746582,0,122.460000000026
122.47,3,2,117.389999389648,0,122.480000000026
122.48,3,2,117.400001525879,0,122.490000000026
122.49,3,2,117.400001525879,0,122.490000000026
122.5,3,2,117.419998168945,0,122.510000000026
122.51,3,2,117.430000305176,0,122.520000000026
122.52,3,2,117.440002441406,0,122.530000000026
122.53,3,2,117.449996948242,0,122.540000000026
122.54,3,2,117.449996948242,0,122.540000000026
122.55,3,2,117.470001220703,0,122.560000000026
122.56,3,2,117.480003356934,0,122.570000000026
122.57,3,2,117.480003356934,0,122.570000000026
122.58,3,2,117.5,0,122.590000000026
122.59,3,2,117.51000213623,0,122.600000000026
122.6,3,2,117.51000213623,0,122.600000000026
122.61,3,2,117.529998779297,0,122.620000000026
122.62,3,2,117.540000915527,0,122.630000000026
122.63,3,2,117.550003051758,0,122.640000000026
122.64,3,2,117.559997558594,0,122.650000000026
122.65,3,2,117.559997558594,0,122.650000000026
122.66,3,2,117.580001831055,0,122.670000000026
122.67,3,2,117.589996337891,0,122.680000000026
122.68,3,2,117.589996337891,0,122.680000000026
122.69,3,2,117.610000610352,0,122.700000000026
122.7,3,2,117.620002746582,0,122.710000000026
122.71,3,2,117.620002746582,0,122.710000000026
122.72,3,2,117.639999389648,0,122.730000000026
122.73,3,2,117.650001525879,0,122.740000000026
122.74,3,2,117.650001525879,0,122.740000000026
122.75,3,2,117.669998168945,0,122.760000000026
122.76,3,2,117.680000305176,0,122.770000000026
122.77,3,2,117.690002441406,0,122.780000000026
122.78,3,2,117.699996948242,0,122.790000000026
122.79,3,2,117.699996948242,0,122.790000000026
122.8,3,2,117.720001220703,0,122.810000000026
122.81,3,2,117.730003356934,0,122.820000000026
122.82,3,2,117.730003356934,0,122.820000000026
122.83,3,2,117.75,0,122.840000000026
122.84,3,2,117.76000213623,0,122.850000000026
122.85,3,2,117.76000213623,0,122.850000000026
122.86,3,2,117.779998779297,0,122.870000000026
122.87,3,2,117.790000915527,0,122.880000000026
122.88,3,2,117.800003051758,0,122.890000000026
122.89,3,2,117.809997558594,0,122.900000000026
122.9,3,2,117.809997558594,0,122.900000000026
122.91,3,2,117.830001831055,0,122.920000000026
122.92,3,2,117.839996337891,0,122.930000000026
122.93,3,2,117.839996337891,0,122.930000000026
122.94,3,2,117.860000610352,0,122.950000000026
122.95,3,2,117.870002746582,0,122.960000000026
122.96,3,2,117.870002746582,0,122.960000000026
122.97,3,2,117.889999389648,0,122.980000000026
122.98,3,2,117.900001525879,0,122.990000000026
122.99,3,2,117.900001525879,0,122.990000000026
123,3,2,117.919998168945,0,123.010000000026
123.01,3,2,117.930000305176,0,123.020000000026
123.02,3,2,117.940002441406,0,123.030000000026
123.03,3,2,117.949996948242,0,123.040000000026
123.04,3,2,117.949996948242,0,123.040000000026
123.05,3,2,117.970001220703,0,123.060000000026
123.06,3,2,117.980003356934,0,123.070000000026
123.07,3,2,117.980003356934,0,123.070000000026
123.08,3,2,118,0,123.090000000026
123.09,3,2,118.01000213623,0,123.100000000026
123.1,3,2,118.01000213623,0,123.100000000026
123.11,3,2,118.029998779297,0,123.120000000026
123.12,3,2,118.040000915527,0,123.130000000026
123.13,3,2,118.040000915527,0,123.130000000026
123.14,3,2,118.059997558594,0,123.150000000026
123.15,3,2,118.059997558594,0,123.150000000026
123.16,3,2,118.080001831055,0,123.170000000026
123.17,3,2,118.089996337891,0,123.180000000026
123.18,3,2,118.089996337891,0,123.180000000026
123.19,3,2,118.110000610352,0,123.200000000026
123.2,3,2,118.120002746582,0,123.210000000026
123.21,3,2,118.120002746582,0,123.210000000026
123.22,3,2,118.139999389648,0,123.230000000026
123.23,3,2,118.150001525879,0,123.240000000026
123.24,3,2,118.150001525879,0,123.240000000026
123.25,3,2,118.169998168945,0,123.260000000026
123.26,3,2,118.180000305176,0,123.270000000026
123.27,3,2,118.190002441406,0,123.280000000026
123.28,3,2,118.199996948242,0,123.290000000026
123.29,3,2,118.199996948242,0,123.290000000026
123.3,3,2,118.220001220703,0,123.310000000026
123.31,3,2,118.230003356934,0,123.320000000026
123.32,3,2,118.230003356934,0,123.320000000026
123.33,3,2,118.25,0,123.340000000026
123.34,3,2,118.26000213623,0,123.350000000026
123.35,3,2,118.26000213623,0,123.350000000026
123.36,3,2,118.279998779297,0,123.370000000026
123.37,3,2,118.290000915527,0,123.380000000026
123.38,3,2,118.290000915527,0,123.380000000026
123.39,3,2,118.309997558594,0,123.400000000026
123.4,3,2,118.309997558594,0,123.400000000026
123.41,3,2,118.330001831055,0,123.420000000026
123.42,3,2,118.339996337891,0,123.430000000026
123.43,3,2,118.339996337891,0,123.430000000026
123.44,3,2,118.360000610352,0,123.450000000026
123.45,3,2,118.370002746582,0,123.460000000026
123.46,3,2,118.370002746582,0,123.460000000026
123.47,3,2,118.389999389648,0,123.480000000026
123.48,3,2,118.400001525879,0,123.490000000026
123.49,3,2,118.400001525879,0,123.490000000026
123.5,3,2,118.419998168945,0,123.510000000026
123.51,3,2,118.430000305176,0,123.520000000026
123.52,3,2,118.440002441406,0,123.530000000026
123.53,3,2,118.449996948242,0,123.540000000026
123.54,3,2,118.449996948242,0,123.540000000026
123.55,3,2,118.470001220703,0,123.560000000026
123.56,3,2,118.480003356934,0,123.570000000026
123.57,3,2,118.480003356934,0,123.570000000026
123.58,3,2,118.5,0,123.590000000026
123.59,3,2,118.51000213623,0,123.600000000026
123.6,3,2,118.51000213623,0,123.600000000026
123.61,3,2,118.529998779297,0,123.620000000026
123.62,3,2,118.540000915527,0,123.630000000026
123.63,3,2,118.540000915527,0,123.630000000026
123.64,3,2,118.559997558594,0,123.650000000026
123.65,3,2,118.559997558594,0,123.650000000026
123.66,3,2,118.580001831055,0,123.670000000026
123.67,3,2,118.589996337891,0,123.680000000026
123.68,3,2,118.589996337891,0,123.680000000026
123.69,3,2,118.610000610352,0,123.700000000026
123.7,3,2,118.620002746582,0,123.710000000026
123.71,3,2,118.620002746582,0,123.710000000026
123.72,3,2,118.639999389648,0,123.730000000026
123.73,3,2,118.650001525879,0,123.740000000026
123.74,3,2,118.650001525879,0,123.740000000026
123.75,3,2,118.669998168945,0,123.760000000026
123.76,3,2,118.680000305176,0,123.770000000026
123.77,3,2,118.690002441406,0,123.780000000026
123.78,3,2,118.699996948242,0,123.790000000026
123.79,3,2,118.699996948242,0,123.790000000026
123.8,3,2,118.720001220703,0,123.810000000026
123.81,3,2,118.730003356934,0,123.820000000026
123.82,3,2,118.730003356934,0,123.820000000026
123.83,3,2,118.75,0,123.840000000026
123.84,3,2,118.76000213623,0,123.850000000026
123.85,3,2,118.76000213623,0,123.850000000026
123.86,3,2,118.779998779297,0,123.870000000026
123.87,3,2,118.790000915527,0,123.880000000026
123.88,3,2,118.790000915527,0,123.880000000026
123.89,3,2,118.809997558594,0,123.900000000026
123.9,3,2,118.809997558594,0,123.900000000026
123.91,3,2,118.830001831055,0,123.920000000026
123.92,3,2,118.839996337891,0,123.930000000026
123.93,3,2,118.839996337891,0,123.930000000026
123.94,3,2,118.860000610352,0,123.950000000027
123.95,3,2,118.870002746582,0,123.960000000027
123.96,3,2,118.870002746582,0,123.960000000027
123.97,3,2,118.889999389648,0,123.980000000027
123.98,3,2,118.900001525879,0,123.990000000027
123.99,3,2,118.900001525879,0,123.990000000027
124,3,2,118.919998168945,0,124.010000000027
124.01,3,2,118.930000305176,0,124.020000000027
124.02,3,2,118.940002441406,0,124.030000000027
124.03,3,2,118.949996948242,0,124.040000000027
124.04,3,2,118.949996948242,0,124.040000000027
124.05,3,2,118.970001220703,0,124.060000000027
124.06,3,2,118.980003356934,0,124.070000000027
124.07,3,2,118.980003356934,0,124.070000000027
124.08,3,2,119,0,124.090000000027
124.09,3,2,119.01000213623,0,124.100000000027
124.1,3,2,119.01000213623,0,124.100000000027
124.11,3,2,119.029998779297,0,124.120000000027
124.12,3,2,119.040000915527,0,124.130000000027
124.13,3,2,119.040000915527,0,124.130000000027
124.14,3,2,119.059997558594,0,124.150000000027
124.15,3,2,119.059997558594,0,124.150000000027
124.16,3,2,119.080001831055,0,124.170000000027
124.17,3,2,119.089996337891,0,124.180000000027
124.18,3,2,119.089996337891,0,124.180000000027
124.19,3,2,119.110000610352,0,124.200000000027
124.2,3,2,119.120002746582,0,124.210000000027
124.21,3,2,119.120002746582,0,124.210000000027
124.22,3,2,119.139999389648,0,124.230000000027
124.23,3,2,119.150001525879,0,124.240000000027
124.24,3,2,119.150001525879,0,124.240000000027
124.25,3,2,119.169998168945,0,124.260000000027
124.26,3,2,119.180000305176,0,124.270000000027
124.27,3,2,119.190002441406,0,124.280000000027
124.28,3,2,119.199996948242,0,124.290000000027
124.29,3,2,119.199996948242,0,124.290000000027
124.3,3,2,119.220001220703,0,124.310000000027
124.31,3,2,119.230003356934,0,124.320000000027
124.32,3,2,119.230003356934,0,124.320000000027
124.33,3,2,119.25,0,124.340000000027
124.34,3,2,119.26000213623,0,124.350000000027
124.35,3,2,119.26000213623,0,124.350000000027
124.36,3,2,119.279998779297,0,124.370000000027
124.37,3,2,119.290000915527,0,124.380000000027
124.38,3,2,119.290000915527,0,124.380000000027
124.39,3,2,119.309997558594,0,124.400000000027
124.4,3,2,119.309997558594,0,124.400000000027
124.41,3,2,119.330001831055,0,124.420000000027
124.42,3,2,119.339996337891,0,124.430000000027
124.43,3,2,119.339996337891,0,124.430000000027
124.44,3,2,119.360000610352,0,124.450000000027
124.45,3,2,119.370002746582,0,124.460000000027
124.46,3,2,119.370002746582,0,124.460000000027
124.47,3,2,119.389999389648,0,124.480000000027
124.48,3,2,119.400001525879,0,124.490000000027
124.49,3,2,119.400001525879,0,124.490000000027
124.5,3,2,119.419998168945,0,124.510000000027
124.51,3,2,119.430000305176,0,124.520000000027
124.52,3,2,119.440002441406,0,124.530000000027
124.53,3,2,119.449996948242,0,124.540000000027
124.54,3,2,119.449996948242,0,124.540000000027
124.55,3,2,119.470001220703,0,124.560000000027
124.56,3,2,119.480003356934,0,124.570000000027
124.57,3,2,119.480003356934,0,124.570000000027
124.58,3,2,119.5,0,124.590000000027
124.59,3,2,119.51000213623,0,124.600000000027
124.6,3,2,119.51000213623,0,124.600000000027
124.61,3,2,119.529998779297,0,124.620000000027
124.62,3,2,119.540000915527,0,124.630000000027
124.63,3,2,119.540000915527,0,124.630000000027
124.64,3,2,119.559997558594,0,124.650000000027
124.65,3,2,119.559997558594,0,124.650000000027
124.66,3,2,119.580001831055,0,124.670000000027
124.67,3,2,119.589996337891,0,124.680000000027
124.68,3,2,119.589996337891,0,124.680000000027
124.69,3,2,119.610000610352,0,124.700000000027
124.7,3,2,119.620002746582,0,124.710000000027
124.71,3,2,119.620002746582,0,124.710000000027
124.72,3,2,119.639999389648,0,124.730000000027
124.73,3,2,119.650001525879,0,124.740000000027
124.74,3,2,119.650001525879,0,124.740000000027
124.75,3,2,119.669998168945,0,124.760000000027
124.76,3,2,119.680000305176,0,124.770000000027
124.77,3,2,119.690002441406,0,124.780000000027
124.78,3,2,119.699996948242,0,124.790000000027
124.79,3,2,119.699996948242,0,124.790000000027
124.8,3,2,119.720001220703,0,124.810000000027
124.81,3,2,119.730003356934,0,124.820000000027
124.82,3,2,119.730003356934,0,124.820000000027
124.83,3,2,119.75,0,124.840000000027
124.84,3,2,119.76000213623,0,124.850000000027
124.85,3,2,119.76000213623,0,124.850000000027
124.86,3,2,119.779998779297,0,124.870000000027
124.87,3,2,119.790000915527,0,124.880000000027
124.88,3,2,119.790000915527,0,124.880000000027
124.89,3,2,119.809997558594,0,124.900000000027
124.9,3,2,119.809997558594,0,124.900000000027
124.91,3,2,119.830001831055,0,124.920000000027
124.92,3,2,119.839996337891,0,124.930000000027
124.93,3,2,119.839996337891,0,124.930000000027
124.94,3,2,119.860000610352,0,124.950000000027
124.95,3,2,119.870002746582,0,124.960000000027
124.96,3,2,119.870002746582,0,124.960000000027
124.97,3,2,119.889999389648,0,124.980000000027
124.98,3,2,119.900001525879,0,124.990000000027
124.99,3,2,119.900001525879,0,124.990000000027
125,3,2,119.919998168945,0,125.010000000027
125.01,3,2,119.930000305176,0,125.020000000027
125.02,3,2,119.940002441406,0,125.030000000027
125.03,3,2,119.949996948242,0,125.040000000027
125.04,3,2,119.949996948242,0,125.040000000027
125.05,3,2,119.970001220703,0,125.060000000027
125.06,3,2,119.980003356934,0,125.070000000027
125.07,3,2,119.980003356934,0,125.070000000027
125.08,3,2,120,0,125.090000000027
125.09,3,2,120.01000213623,0,125.100000000027
125.1,3,2,120.01000213623,0,125.100000000027
125.11,3,2,120.029998779297,0,125.120000000027
125.12,3,2,120.040000915527,0,125.130000000027
125.13,3,2,120.040000915527,0,125.130000000027
125.14,3,2,120.059997558594,0,125.150000000027
125.15,3,2,120.059997558594,0,125.150000000027
125.16,3,2,120.080001831055,0,125.170000000027
125.17,3,2,120.089996337891,0,125.180000000027
125.18,3,2,120.089996337891,0,125.180000000027
125.19,3,2,120.110000610352,0,125.200000000027
125.2,3,2,120.120002746582,0,125.210000000027
125.21,3,2,120.120002746582,0,125.210000000027
125.22,3,2,120.139999389648,0,125.230000000027
125.23,3,2,120.150001525879,0,125.240000000027
125.24,3,2,120.150001525879,0,125.240000000027
125.25,3,2,120.169998168945,0,125.260000000027
125.26,3,2,120.180000305176,0,125.270000000027
125.27,3,2,120.190002441406,0,125.280000000027
125.28,3,2,120.199996948242,0,125.290000000027
125.29,3,2,120.199996948242,0,125.290000000027
125.3,3,2,120.220001220703,0,125.310000000027
125.31,3,2,120.230003356934,0,125.320000000027
125.32,3,2,120.230003356934,0,125.320000000027
125.33,3,2,120.25,0,125.340000000027
125.34,3,2,120.26000213623,0,125.350000000027
125.35,3,2,120.26000213623,0,125.350000000027
125.36,3,2,120.279998779297,0,125.370000000027
125.37,3,2,120.290000915527,0,125.380000000027
125.38,3,2,120.290000915527,0,125.380000000027
125.39,3,2,120.309997558594,0,125.400000000027
125.4,3,2,120.309997558594,0,125.400000000027
125.41,3,2,120.330001831055,0,125.420000000027
125.42,3,2,120.339996337891,0,125.430000000027
125.43,3,2,120.339996337891,0,125.430000000027
125.44,3,2,120.360000610352,0,125.450000000027
125.45,3,2,120.370002746582,0,125.460000000027
125.46,3,2,120.370002746582,0,125.460000000027
125.47,3,2,120.389999389648,0,125.480000000027
125.48,3,2,120.400001525879,0,125.490000000027
125.49,3,2,120.400001525879,0,125.490000000027
125.5,3,2,120.419998168945,0,125.510000000027
125.51,3,2,120.430000305176,0,125.520000000027
125.52,3,2,120.440002441406,0,125.530000000027
125.53,3,2,120.449996948242,0,125.540000000027
125.54,3,2,120.449996948242,0,125.540000000027
125.55,3,2,120.470001220703,0,125.560000000027
125.56,3,2,120.480003356934,0,125.570000000027
125.57,3,2,120.480003356934,0,125.570000000027
125.58,3,2,120.5,0,125.590000000027
125.59,3,2,120.51000213623,0,125.600000000027
125.6,3,2,120.51000213623,0,125.600000000027
125.61,3,2,120.529998779297,0,125.620000000027
125.62,3,2,120.540000915527,0,125.630000000027
125.63,3,2,120.540000915527,0,125.630000000027
125.64,3,2,120.559997558594,0,125.650000000027
125.65,3,2,120.559997558594,0,125.650000000027
125.66,3,2,120.580001831055,0,125.670000000027
125.67,3,2,120.589996337891,0,125.680000000027
125.68,3,2,120.589996337891,0,125.680000000027
125.69,3,2,120.610000610352,0,125.700000000027
125.7,3,2,120.620002746582,0,125.710000000027
125.71,3,2,120.620002746582,0,125.710000000027
125.72,3,2,120.639999389648,0,125.730000000027
125.73,3,2,120.650001525879,0,125.740000000027
125.74,3,2,120.650001525879,0,125.740000000027
125.75,3,2,120.669998168945,0,125.760000000027
125.76,3,2,120.680000305176,0,125.770000000027
125.77,3,2,120.690002441406,0,125.780000000027
125.78,3,2,120.699996948242,0,125.790000000027
125.79,3,2,120.699996948242,0,125.790000000027
125.8,3,2,120.720001220703,0,125.810000000027
125.81,3,2,120.730003356934,0,125.820000000027
125.82,3,2,120.730003356934,0,125.820000000027
125.83,3,2,120.75,0,125.840000000027
125.84,3,2,120.76000213623,0,125.850000000027
125.85,3,2,120.76000213623,0,125.850000000027
125.86,3,2,120.779998779297,0,125.870000000027
125.87,3,2,120.790000915527,0,125.880000000027
125.88,3,2,120.790000915527,0,125.880000000027
125.89,3,2,120.809997558594,0,125.900000000028
125.9,3,2,120.809997558594,0,125.900000000028
125.91,3,2,120.830001831055,0,125.920000000028
125.92,3,2,120.839996337891,0,125.930000000028
125.93,3,2,120.839996337891,0,125.930000000028
125.94,3,2,120.860000610352,0,125.950000000028
125.95,3,2,120.870002746582,0,125.960000000028
125.96,3,2,120.870002746582,0,125.960000000028
125.97,3,2,120.889999389648,0,125.980000000028
125.98,3,2,120.900001525879,0,125.990000000028
125.99,3,2,120.900001525879,0,125.990000000028
126,3,2,120.919998168945,0,126.010000000028
126.01,3,2,120.930000305176,0,126.020000000028
126.02,3,2,120.940002441406,0,126.030000000028
126.03,3,2,120.949996948242,0,126.040000000028
126.04,3,2,120.949996948242,0,126.040000000028
126.05,3,2,120.970001220703,0,126.060000000028
126.06,3,2,120.980003356934,0,126.070000000028
126.07,3,2,120.980003356934,0,126.070000000028
126.08,3,2,121,0,126.090000000028
126.09,3,2,121.01000213623,0,126.100000000028
126.1,3,2,121.01000213623,0,126.100000000028
126.11,3,2,121.029998779297,0,126.120000000028
126.12,3,2,121.040000915527,0,126.130000000028
126.13,3,2,121.040000915527,0,126.130000000028
126.14,3,2,121.059997558594,0,126.150000000028
126.15,3,2,121.059997558594,0,126.150000000028
126.16,3,2,121.080001831055,0,126.170000000028
126.17,3,2,121.089996337891,0,126.180000000028
126.18,3,2,121.089996337891,0,126.180000000028
126.19,3,2,121.110000610352,0,126.200000000028
126.2,3,2,121.120002746582,0,126.210000000028
126.21,3,2,121.120002746582,0,126.210000000028
126.22,3,2,121.139999389648,0,126.230000000028
126.23,3,2,121.150001525879,0,126.240000000028
126.24,3,2,121.150001525879,0,126.240000000028
126.25,3,2,121.169998168945,0,126.260000000028
126.26,3,2,121.180000305176,0,126.270000000028
126.27,3,2,121.190002441406,0,126.280000000028
126.28,3,2,121.199996948242,0,126.290000000028
126.29,3,2,121.199996948242,0,126.290000000028
126.3,3,2,121.220001220703,0,126.310000000028
126.31,3,2,121.230003356934,0,126.320000000028
126.32,3,2,121.230003356934,0,126.320000000028
126.33,3,2,121.25,0,126.340000000028
126.34,3,2,121.26000213623,0,126.350000000028
126.35,3,2,121.26000213623,0,126.350000000028
126.36,3,2,121.279998779297,0,126.370000000028
126.37,3,2,121.290000915527,0,126.380000000028
126.38,3,2,121.290000915527,0,126.380000000028
126.39,3,2,121.309997558594,0,126.400000000028
126.4,3,2,121.309997558594,0,126.400000000028
126.41,3,2,121.330001831055,0,126.420000000028
126.42,3,2,121.339996337891,0,126.430000000028
126.43,3,2,121.339996337891,0,126.430000000028
126.44,3,2,121.360000610352,0,126.450000000028
126.45,3,2,121.370002746582,0,126.460000000028
126.46,3,2,121.370002746582,0,126.460000000028
126.47,3,2,121.389999389648,0,126.480000000028
126.48,3,2,121.400001525879,0,126.490000000028
126.49,3,2,121.400001525879,0,126.490000000028
126.5,3,2,121.419998168945,0,126.510000000028
126.51,3,2,121.430000305176,0,126.520000000028
126.52,3,2,121.440002441406,0,126.530000000028
126.53,3,2,121.449996948242,0,126.540000000028
126.54,3,2,121.449996948242,0,126.540000000028
126.55,3,2,121.470001220703,0,126.560000000028
126.56,3,2,121.480003356934,0,126.570000000028
126.57,3,2,121.480003356934,0,126.570000000028
126.58,3,2,121.5,0,126.590000000028
126.59,3,2,121.51000213623,0,126.600000000028
126.6,3,2,121.51000213623,0,126.600000000028
126.61,3,2,121.529998779297,0,126.620000000028
126.62,3,2,121.540000915527,0,126.630000000028
126.63,3,2,121.540000915527,0,126.630000000028
126.64,3,2,121.559997558594,0,126.650000000028
126.65,3,2,121.559997558594,0,126.650000000028
126.66,3,2,121.580001831055,0,126.670000000028
126.67,3,2,121.589996337891,0,126.680000000028
126.68,3,2,121.589996337891,0,126.680000000028
126.69,3,2,121.610000610352,0,126.700000000028
126.7,3,2,121.620002746582,0,126.710000000028
126.71,3,2,121.620002746582,0,126.710000000028
126.72,3,2,121.639999389648,0,126.730000000028
126.73,3,2,121.650001525879,0,126.740000000028
126.74,3,2,121.650001525879,0,126.740000000028
126.75,3,2,121.669998168945,0,126.760000000028
126.76,3,2,121.680000305176,0,126.770000000028
126.77,3,2,121.690002441406,0,126.780000000028
126.78,3,2,121.699996948242,0,126.790000000028
126.79,3,2,121.699996948242,0,126.790000000028
126.8,3,2,121.720001220703,0,126.810000000028
126.81,3,2,121.730003356934,0,126.820000000028
126.82,3,2,121.730003356934,0,126.820000000028
126.83,3,2,121.75,0,126.840000000028
126.84,3,2,121.76000213623,0,126.850000000028
126.85,3,2,121.76000213623,0,126.850000000028
126.86,3,2,121.779998779297,0,126.870000000028
126.87,3,2,121.790000915527,0,126.880000000028
126.88,3,2,121.790000915527,0,126.880000000028
126.89,3,2,121.809997558594,0,126.900000000028
126.9,3,2,121.809997558594,0,126.900000000028
126.91,3,2,121.830001831055,0,126.920000000028
126.92,3,2,121.839996337891,0,126.930000000028
126.93,3,2,121.839996337891,0,126.930000000028
126.94,3,2,121.860000610352,0,126.950000000028
126.95,3,2,121.870002746582,0,126.960000000028
126.96,3,2,121.870002746582,0,126.960000000028
126.97,3,2,121.889999389648,0,126.980000000028
126.98,3,2,121.900001525879,0,126.990000000028
126.99,3,2,121.900001525879,0,126.990000000028
127,3,2,121.919998168945,0,127.010000000028
127.01,3,2,121.930000305176,0,127.020000000028
127.02,3,2,121.940002441406,0,127.030000000028
127.03,3,2,121.949996948242,0,127.040000000028
127.04,3,2,121.949996948242,0,127.040000000028
127.05,3,2,121.970001220703,0,127.060000000028
127.06,3,2,121.980003356934,0,127.070000000028
127.07,3,2,121.980003356934,0,127.070000000028
127.08,3,2,122,0,127.090000000028
127.09,3,2,122.01000213623,0,127.100000000028
127.1,3,2,122.01000213623,0,127.100000000028
127.11,3,2,122.029998779297,0,127.120000000028
127.12,3,2,122.040000915527,0,127.130000000028
127.13,3,2,122.040000915527,0,127.130000000028
127.14,3,2,122.059997558594,0,127.150000000028
127.15,3,2,122.059997558594,0,127.150000000028
127.16,3,2,122.080001831055,0,127.170000000028
127.17,3,2,122.089996337891,0,127.180000000028
127.18,3,2,122.089996337891,0,127.180000000028
127.19,3,2,122.110000610352,0,127.200000000028
127.2,3,2,122.120002746582,0,127.210000000028
127.21,3,2,122.120002746582,0,127.210000000028
127.22,3,2,122.139999389648,0,127.230000000028
127.23,3,2,122.150001525879,0,127.240000000028
127.24,3,2,122.150001525879,0,127.240000000028
127.25,3,2,122.169998168945,0,127.260000000028
127.26,3,2,122.180000305176,0,127.270000000028
127.27,3,2,122.190002441406,0,127.280000000028
127.28,3,2,122.199996948242,0,127.290000000028
127.29,3,2,122.199996948242,0,127.290000000028
127.3,3,2,122.220001220703,0,127.310000000028
127.31,3,2,122.230003356934,0,127.320000000028
127.32,3,2,122.230003356934,0,127.320000000028
127.33,3,2,122.25,0,127.340000000028
127.34,3,2,122.26000213623,0,127.350000000028
127.35,3,2,122.26000213623,0,127.350000000028
127.36,3,2,122.279998779297,0,127.370000000028
127.37,3,2,122.290000915527,0,127.380000000028
127.38,3,2,122.290000915527,0,127.380000000028
127.39,3,2,122.309997558594,0,127.400000000028
127.4,3,2,122.309997558594,0,127.400000000028
127.41,3,2,122.330001831055,0,127.420000000028
127.42,3,2,122.339996337891,0,127.430000000028
127.43,3,2,122.339996337891,0,127.430000000028
127.44,3,2,122.360000610352,0,127.450000000028
127.45,3,2,122.370002746582,0,127.460000000028
127.46,3,2,122.370002746582,0,127.460000000028
127.47,3,2,122.389999389648,0,127.480000000028
127.48,3,2,122.400001525879,0,127.490000000028
127.49,3,2,122.400001525879,0,127.490000000028
127.5,3,2,122.419998168945,0,127.510000000028
127.51,3,2,122.430000305176,0,127.520000000028
127.52,3,2,122.440002441406,0,127.530000000028
127.53,3,2,122.449996948242,0,127.540000000028
127.54,3,2,122.449996948242,0,127.540000000028
127.55,3,2,122.470001220703,0,127.560000000028
127.56,3,2,122.480003356934,0,127.570000000028
127.57,3,2,122.480003356934,0,127.570000000028
127.58,3,2,122.5,0,127.590000000028
127.59,3,2,122.51000213623,0,127.600000000028
127.6,3,2,122.51000213623,0,127.600000000028
127.61,3,2,122.529998779297,0,127.620000000028
127.62,3,2,122.540000915527,0,127.630000000028
127.63,3,2,122.540000915527,0,127.630000000028
127.64,3,2,122.559997558594,0,127.650000000028
127.65,3,2,122.559997558594,0,127.650000000028
127.66,3,2,122.580001831055,0,127.670000000028
127.67,3,2,122.589996337891,0,127.680000000028
127.68,3,2,122.589996337891,0,127.680000000028
127.69,3,2,122.610000610352,0,127.700000000028
127.7,3,2,122.620002746582,0,127.710000000028
127.71,3,2,122.620002746582,0,127.710000000028
127.72,3,2,122.639999389648,0,127.730000000028
127.73,3,2,122.650001525879,0,127.740000000028
127.74,3,2,122.650001525879,0,127.740000000028
127.75,3,2,122.669998168945,0,127.760000000028
127.76,3,2,122.680000305176,0,127.770000000028
127.77,3,2,122.690002441406,0,127.780000000028
127.78,3,2,122.699996948242,0,127.790000000028
127.79,3,2,122.699996948242,0,127.790000000028
127.8,3,2,122.720001220703,0,127.810000000028
127.81,3,2,122.730003356934,0,127.820000000028
127.82,3,2,122.730003356934,0,127.820000000028
127.83,3,2,122.75,0,127.840000000028
127.84,3,2,122.76000213623,0,127.850000000029
127.85,3,2,122.76000213623,0,127.850000000029
127.86,3,2,122.779998779297,0,127.870000000029
127.87,3,2,122.790000915527,0,127.880000000029
127.88,3,2,122.790000915527,0,127.880000000029
127.89,3,2,122.809997558594,0,127.900000000029
127.9,3,2,122.809997558594,0,127.900000000029
127.91,3,2,122.830001831055,0,127.920000000029
127.92,3,2,122.839996337891,0,127.930000000029
127.93,3,2,122.839996337891,0,127.930000000029
127.94,3,2,122.860000610352,0,127.950000000029
127.95,3,2,122.870002746582,0,127.960000000029
127.96,3,2,122.870002746582,0,127.960000000029
127.97,3,2,122.889999389648,0,127.980000000029
127.98,3,2,122.900001525879,0,127.990000000029
127.99,3,2,122.900001525879,0,127.990000000029
128,3,2,122.919998168945,0,128.010000000029
128.01,3,2,122.930000305176,0,128.020000000029
128.02,3,2,122.930000305176,0,128.020000000029
128.03,3,2,122.949996948242,0,128.040000000029
128.04,3,2,122.959999084473,0,128.050000000029
128.05,3,2,122.970001220703,0,128.060000000029
128.06,3,2,122.980003356934,0,128.070000000029
128.07,3,2,122.98999786377,0,128.080000000028
128.08,3,2,122.98999786377,0,128.080000000028
128.09,3,2,123.01000213623,0,128.100000000028
128.1,3,2,123.019996643066,0,128.110000000028
128.11,3,2,123.029998779297,0,128.120000000028
128.12,3,2,123.040000915527,0,128.130000000028
128.13,3,2,123.050003051758,0,128.140000000028
128.14,3,2,123.050003051758,0,128.140000000028
128.15,3,2,123.059997558594,0,128.150000000028
128.16,3,2,123.080001831055,0,128.170000000028
128.17,3,2,123.089996337891,0,128.180000000028
128.18,3,2,123.099998474121,0,128.190000000028
128.19,3,2,123.110000610352,0,128.200000000028
128.2,3,2,123.120002746582,0,128.210000000028
128.21,3,2,123.120002746582,0,128.210000000028
128.22,3,2,123.139999389648,0,128.230000000028
128.23,3,2,123.150001525879,0,128.240000000028
128.24,3,2,123.160003662109,0,128.250000000028
128.25,3,2,123.169998168945,0,128.260000000028
128.26,3,2,123.180000305176,0,128.270000000028
128.27,3,2,123.180000305176,0,128.270000000028
128.28,3,2,123.199996948242,0,128.290000000028
128.29,3,2,123.209999084473,0,128.300000000028
128.3,3,2,123.220001220703,0,128.310000000028
128.31,3,2,123.230003356934,0,128.320000000028
128.32,3,2,123.23999786377,0,128.330000000028
128.33,3,2,123.23999786377,0,128.330000000028
128.34,3,2,123.26000213623,0,128.350000000028
128.35,3,2,123.269996643066,0,128.360000000028
128.36,3,2,123.279998779297,0,128.370000000028
128.37,3,2,123.290000915527,0,128.380000000028
128.38,3,2,123.300003051758,0,128.390000000028
128.39,3,2,123.300003051758,0,128.390000000028
128.4,3,2,123.309997558594,0,128.400000000028
128.41,3,2,123.330001831055,0,128.420000000028
128.42,3,2,123.339996337891,0,128.430000000028
128.43,3,2,123.349998474121,0,128.440000000028
128.44,3,2,123.360000610352,0,128.450000000028
128.45,3,2,123.370002746582,0,128.460000000028
128.46,3,2,123.370002746582,0,128.460000000028
128.47,3,2,123.389999389648,0,128.480000000028
128.48,3,2,123.400001525879,0,128.490000000028
128.49,3,2,123.410003662109,0,128.500000000028
128.5,3,2,123.419998168945,0,128.510000000028
128.51,3,2,123.430000305176,0,128.520000000028
128.52,3,2,123.430000305176,0,128.520000000028
128.53,3,2,123.449996948242,0,128.540000000028
128.54,3,2,123.459999084473,0,128.550000000028
128.55,3,2,123.470001220703,0,128.560000000028
128.56,3,2,123.480003356934,0,128.570000000028
128.57,3,2,123.48999786377,0,128.580000000028
128.58,3,2,123.48999786377,0,128.580000000028
128.59,3,2,123.51000213623,0,128.600000000028
128.6,3,2,123.519996643066,0,128.610000000028
128.61,3,2,123.529998779297,0,128.620000000028
128.62,3,2,123.540000915527,0,128.630000000028
128.63,3,2,123.550003051758,0,128.640000000028
128.64,3,2,123.550003051758,0,128.640000000028
128.65,3,2,123.559997558594,0,128.650000000028
128.66,3,2,123.580001831055,0,128.670000000028
128.67,3,2,123.589996337891,0,128.680000000028
128.68,3,2,123.599998474121,0,128.690000000028
128.69,3,2,123.610000610352,0,128.700000000028
128.7,3,2,123.620002746582,0,128.710000000028
128.71,3,2,123.620002746582,0,128.710000000028
128.72,3,2,123.639999389648,0,128.730000000028
128.73,3,2,123.650001525879,0,128.740000000028
128.74,3,2,123.660003662109,0,128.750000000028
128.75,3,2,123.669998168945,0,128.760000000028
128.76,3,2,123.680000305176,0,128.770000000028
128.77,3,2,123.680000305176,0,128.770000000028
128.78,3,2,123.699996948242,0,128.790000000028
128.79,3,2,123.709999084473,0,128.800000000028
128.8,3,2,123.720001220703,0,128.810000000028
128.81,3,2,123.730003356934,0,128.820000000028
128.82,3,2,123.73999786377,0,128.830000000028
128.83,3,2,123.73999786377,0,128.830000000028
128.84,3,2,123.76000213623,0,128.850000000028
128.85,3,2,123.769996643066,0,128.860000000028
128.86,3,2,123.779998779297,0,128.870000000028
128.87,3,2,123.790000915527,0,128.880000000028
128.88,3,2,123.800003051758,0,128.890000000028
128.89,3,2,123.800003051758,0,128.890000000028
128.9,3,2,123.809997558594,0,128.900000000028
128.91,3,2,123.830001831055,0,128.920000000028
128.92,3,2,123.839996337891,0,128.930000000028
128.93,3,2,123.849998474121,0,128.940000000028
128.94,3,2,123.860000610352,0,128.950000000028
128.95,3,2,123.870002746582,0,128.960000000028
128.96,3,2,123.870002746582,0,128.960000000028
128.97,3,2,123.889999389648,0,128.980000000028
128.98,3,2,123.900001525879,0,128.990000000028
128.99,3,2,123.910003662109,0,129.000000000028
129,3,2,123.919998168945,0,129.010000000028
129.01,3,2,123.930000305176,0,129.020000000028
129.02,3,2,123.930000305176,0,129.020000000028
129.03,3,2,123.949996948242,0,129.040000000028
129.04,3,2,123.959999084473,0,129.050000000028
129.05,3,2,123.970001220703,0,129.060000000028
129.06,3,2,123.980003356934,0,129.070000000028
129.07,3,2,123.98999786377,0,129.080000000028
129.08,3,2,123.98999786377,0,129.080000000028
129.09,3,2,124.01000213623,0,129.100000000028
129.1,3,2,124.019996643066,0,129.110000000028
129.11,3,2,124.029998779297,0,129.120000000028
129.12,3,2,124.040000915527,0,129.130000000028
129.13,3,2,124.050003051758,0,129.140000000028
129.14,3,2,124.050003051758,0,129.140000000028
129.15,3,2,124.059997558594,0,129.150000000028
129.16,3,2,124.080001831055,0,129.170000000027
129.17,3,2,124.089996337891,0,129.180000000027
129.18,3,2,124.099998474121,0,129.190000000027
129.19,3,2,124.110000610352,0,129.200000000027
129.2,3,2,124.120002746582,0,129.210000000027
129.21,3,2,124.120002746582,0,129.210000000027
129.22,3,2,124.139999389648,0,129.230000000027
129.23,3,2,124.150001525879,0,129.240000000027
129.24,3,2,124.160003662109,0,129.250000000027
129.25,3,2,124.169998168945,0,129.260000000027
129.26,3,2,124.180000305176,0,129.270000000027
129.27,3,2,124.180000305176,0,129.270000000027
129.28,3,2,124.199996948242,0,129.290000000027
129.29,3,2,124.209999084473,0,129.300000000027
129.3,3,2,124.220001220703,0,129.310000000027
129.31,3,2,124.230003356934,0,129.320000000027
129.32,3,2,124.23999786377,0,129.330000000027
129.33,3,2,124.23999786377,0,129.330000000027
129.34,3,2,124.26000213623,0,129.350000000027
129.35,3,2,124.269996643066,0,129.360000000027
129.36,3,2,124.279998779297,0,129.370000000027
129.37,3,2,124.290000915527,0,129.380000000027
129.38,3,2,124.300003051758,0,129.390000000027
129.39,3,2,124.300003051758,0,129.390000000027
129.4,3,2,124.309997558594,0,129.400000000027
129.41,3,2,124.330001831055,0,129.420000000027
129.42,3,2,124.339996337891,0,129.430000000027
129.43,3,2,124.349998474121,0,129.440000000027
129.44,3,2,124.360000610352,0,129.450000000027
129.45,3,2,124.370002746582,0,129.460000000027
129.46,3,2,124.370002746582,0,129.460000000027
129.47,3,2,124.389999389648,0,129.480000000027
129.48,3,2,124.400001525879,0,129.490000000027
129.49,3,2,124.410003662109,0,129.500000000027
129.5,3,2,124.419998168945,0,129.510000000027
129.51,3,2,124.430000305176,0,129.520000000027
129.52,3,2,124.430000305176,0,129.520000000027
129.53,3,2,124.449996948242,0,129.540000000027
129.54,3,2,124.459999084473,0,129.550000000027
129.55,3,2,124.470001220703,0,129.560000000027
129.56,3,2,124.480003356934,0,129.570000000027
129.57,3,2,124.48999786377,0,129.580000000027
129.58,3,2,124.48999786377,0,129.580000000027
129.59,3,2,124.51000213623,0,129.600000000027
129.6,3,2,124.519996643066,0,129.610000000027
129.61,3,2,124.529998779297,0,129.620000000027
129.62,3,2,124.540000915527,0,129.630000000027
129.63,3,2,124.550003051758,0,129.640000000027
129.64,3,2,124.550003051758,0,129.640000000027
129.65,3,2,124.559997558594,0,129.650000000027
129.66,3,2,124.580001831055,0,129.670000000027
129.67,3,2,124.589996337891,0,129.680000000027
129.68,3,2,124.599998474121,0,129.690000000027
129.69,3,2,124.610000610352,0,129.700000000027
129.7,3,2,124.620002746582,0,129.710000000027
129.71,3,2,124.620002746582,0,129.710000000027
129.72,3,2,124.639999389648,0,129.730000000027
129.73,3,2,124.650001525879,0,129.740000000027
129.74,3,2,124.660003662109,0,129.750000000027
129.75,3,2,124.669998168945,0,129.760000000027
129.76,3,2,124.680000305176,0,129.770000000027
129.77,3,2,124.680000305176,0,129.770000000027
129.78,3,2,124.699996948242,0,129.790000000027
129.79,3,2,124.709999084473,0,129.800000000027
129.8,3,2,124.720001220703,0,129.810000000027
129.81,3,2,124.730003356934,0,129.820000000027
129.82,3,2,124.73999786377,0,129.830000000027
129.83,3,2,124.73999786377,0,129.830000000027
129.84,3,2,124.76000213623,0,129.850000000027
129.85,3,2,124.769996643066,0,129.860000000027
129.86,3,2,124.779998779297,0,129.870000000027
129.87,3,2,124.790000915527,0,129.880000000027
129.88,3,2,124.800003051758,0,129.890000000027
129.89,3,2,124.800003051758,0,129.890000000027
129.9,3,2,124.809997558594,0,129.900000000027
129.91,3,2,124.830001831055,0,129.920000000027
129.92,3,2,124.839996337891,0,129.930000000027
129.93,3,2,124.849998474121,0,129.940000000027
129.94,3,2,124.860000610352,0,129.950000000027
129.95,3,2,124.870002746582,0,129.960000000027
129.96,3,2,124.870002746582,0,129.960000000027
129.97,3,2,124.889999389648,0,129.980000000027
129.98,3,2,124.900001525879,0,129.990000000027
129.99,3,2,124.910003662109,0,130.000000000027
130,3,2,124.919998168945,0,130.010000000027
130.01,3,2,124.930000305176,0,130.020000000027
130.02,3,2,124.930000305176,0,130.020000000027
130.03,3,2,124.949996948242,0,130.040000000027
130.04,3,2,124.959999084473,0,130.050000000027
130.05,3,2,124.970001220703,0,130.060000000027
130.06,3,2,124.980003356934,0,130.070000000027
130.07,3,2,124.98999786377,0,130.080000000027
130.08,3,2,124.98999786377,0,130.080000000027
130.09,3,2,125.01000213623,0,130.100000000027
130.1,3,2,125.019996643066,0,130.110000000027
130.11,3,2,125.029998779297,0,130.120000000027
130.12,3,2,125.040000915527,0,130.130000000027
130.13,3,2,125.050003051758,0,130.140000000027
130.14,3,2,125.050003051758,0,130.140000000027
130.15,3,2,125.059997558594,0,130.150000000027
130.16,3,2,125.080001831055,0,130.170000000027
130.17,3,2,125.089996337891,0,130.180000000027
130.18,3,2,125.099998474121,0,130.190000000027
130.19,3,2,125.110000610352,0,130.200000000027
130.2,3,2,125.120002746582,0,130.210000000027
130.21,3,2,125.120002746582,0,130.210000000027
130.22,3,2,125.139999389648,0,130.230000000027
130.23,3,2,125.150001525879,0,130.240000000027
130.24,3,2,125.160003662109,0,130.250000000027
130.25,3,2,125.169998168945,0,130.260000000027
130.26,3,2,125.180000305176,0,130.270000000026
130.27,3,2,125.180000305176,0,130.270000000026
130.28,3,2,125.199996948242,0,130.290000000026
130.29,3,2,125.209999084473,0,130.300000000026
130.3,3,2,125.220001220703,0,130.310000000026
130.31,3,2,125.230003356934,0,130.320000000026
130.32,3,2,125.23999786377,0,130.330000000026
130.33,3,2,125.23999786377,0,130.330000000026
130.34,3,2,125.26000213623,0,130.350000000026
130.35,3,2,125.269996643066,0,130.360000000026
130.36,3,2,125.279998779297,0,130.370000000026
130.37,3,2,125.290000915527,0,130.380000000026
130.38,3,2,125.300003051758,0,130.390000000026
130.39,3,2,125.300003051758,0,130.390000000026
130.4,3,2,125.309997558594,0,130.400000000026
130.41,3,2,125.330001831055,0,130.420000000026
130.42,3,2,125.339996337891,0,130.430000000026
130.43,3,2,125.349998474121,0,130.440000000026
130.44,3,2,125.360000610352,0,130.450000000026
130.45,3,2,125.370002746582,0,130.460000000026
130.46,3,2,125.370002746582,0,130.460000000026
130.47,3,2,125.389999389648,0,130.480000000026
130.48,3,2,125.400001525879,0,130.490000000026
130.49,3,2,125.410003662109,0,130.500000000026
130.5,3,2,125.419998168945,0,130.510000000026
130.51,3,2,125.430000305176,0,130.520000000026
130.52,3,2,125.430000305176,0,130.520000000026
130.53,3,2,125.449996948242,0,130.540000000026
130.54,3,2,125.459999084473,0,130.550000000026
130.55,3,2,125.470001220703,0,130.560000000026
130.56,3,2,125.480003356934,0,130.570000000026
130.57,3,2,125.48999786377,0,130.580000000026
130.58,3,2,125.48999786377,0,130.580000000026
130.59,3,2,125.51000213623,0,130.600000000026
130.6,3,2,125.519996643066,0,130.610000000026
130.61,3,2,125.529998779297,0,130.620000000026
130.62,3,2,125.540000915527,0,130.630000000026
130.63,3,2,125.550003051758,0,130.640000000026
130.64,3,2,125.550003051758,0,130.640000000026
130.65,3,2,125.559997558594,0,130.650000000026
130.66,3,2,125.580001831055,0,130.670000000026
130.67,3,2,125.589996337891,0,130.680000000026
130.68,3,2,125.599998474121,0,130.690000000026
130.69,3,2,125.610000610352,0,130.700000000026
130.7,3,2,125.620002746582,0,130.710000000026
130.71,3,2,125.620002746582,0,130.710000000026
130.72,3,2,125.639999389648,0,130.730000000026
130.73,3,2,125.650001525879,0,130.740000000026
130.74,3,2,125.660003662109,0,130.750000000026
130.75,3,2,125.669998168945,0,130.760000000026
130.76,3,2,125.680000305176,0,130.770000000026
130.77,3,2,125.680000305176,0,130.770000000026
130.78,3,2,125.699996948242,0,130.790000000026
130.79,3,2,125.709999084473,0,130.800000000026
130.8,3,2,125.720001220703,0,130.810000000026
130.81,3,2,125.730003356934,0,130.820000000026
130.82,3,2,125.73999786377,0,130.830000000026
130.83,3,2,125.73999786377,0,130.830000000026
130.84,3,2,125.76000213623,0,130.850000000026
130.85,3,2,125.769996643066,0,130.860000000026
130.86,3,2,125.779998779297,0,130.870000000026
130.87,3,2,125.790000915527,0,130.880000000026
130.88,3,2,125.800003051758,0,130.890000000026
130.89,3,2,125.800003051758,0,130.890000000026
130.9,3,2,125.809997558594,0,130.900000000026
130.91,3,2,125.830001831055,0,130.920000000026
130.92,3,2,125.839996337891,0,130.930000000026
130.93,3,2,125.849998474121,0,130.940000000026
130.94,3,2,125.860000610352,0,130.950000000026
130.95,3,2,125.870002746582,0,130.960000000026
130.96,3,2,125.870002746582,0,130.960000000026
130.97,3,2,125.889999389648,0,130.980000000026
130.98,3,2,125.900001525879,0,130.990000000026
130.99,3,2,125.910003662109,0,131.000000000026
131,3,2,125.919998168945,0,131.010000000026
131.01,3,2,125.930000305176,0,131.020000000026
131.02,3,2,125.930000305176,0,131.020000000026
131.03,3,2,125.949996948242,0,131.040000000026
131.04,3,2,125.959999084473,0,131.050000000026
131.05,3,2,125.970001220703,0,131.060000000026
131.06,3,2,125.980003356934,0,131.070000000026
131.07,3,2,125.98999786377,0,131.080000000026
131.08,3,2,125.98999786377,0,131.080000000026
131.09,3,2,126.01000213623,0,131.100000000026
131.1,3,2,126.019996643066,0,131.110000000026
131.11,3,2,126.029998779297,0,131.120000000026
131.12,3,2,126.040000915527,0,131.130000000026
131.13,3,2,126.050003051758,0,131.140000000026
131.14,3,2,126.050003051758,0,131.140000000026
131.15,3,2,126.059997558594,0,131.150000000026
131.16,3,2,126.080001831055,0,131.170000000026
131.17,3,2,126.089996337891,0,131.180000000026
131.18,3,2,126.099998474121,0,131.190000000026
131.19,3,2,126.110000610352,0,131.200000000026
131.2,3,2,126.120002746582,0,131.210000000026
131.21,3,2,126.120002746582,0,131.210000000026
131.22,3,2,126.139999389648,0,131.230000000026
131.23,3,2,126.150001525879,0,131.240000000026
131.24,3,2,126.160003662109,0,131.250000000026
131.25,3,2,126.169998168945,0,131.260000000026
131.26,3,2,126.180000305176,0,131.270000000026
131.27,3,2,126.180000305176,0,131.270000000026
131.28,3,2,126.199996948242,0,131.290000000026
131.29,3,2,126.209999084473,0,131.300000000026
131.3,3,2,126.220001220703,0,131.310000000026
131.31,3,2,126.230003356934,0,131.320000000026
131.32,3,2,126.23999786377,0,131.330000000026
131.33,3,2,126.23999786377,0,131.330000000026
131.34,3,2,126.26000213623,0,131.350000000026
131.35,3,2,126.269996643066,0,131.360000000026
131.36,3,2,126.279998779297,0,131.370000000025
131.37,3,2,126.290000915527,0,131.380000000025
131.38,3,2,126.300003051758,0,131.390000000025
131.39,3,2,126.300003051758,0,131.390000000025
131.4,3,2,126.309997558594,0,131.400000000025
131.41,3,2,126.330001831055,0,131.420000000025
131.42,3,2,126.339996337891,0,131.430000000025
131.43,3,2,126.349998474121,0,131.440000000025
131.44,3,2,126.360000610352,0,131.450000000025
131.45,3,2,126.370002746582,0,131.460000000025
131.46,3,2,126.370002746582,0,131.460000000025
131.47,3,2,126.389999389648,0,131.480000000025
131.48,3,2,126.400001525879,0,131.490000000025
131.49,3,2,126.410003662109,0,131.500000000025
131.5,3,2,126.419998168945,0,131.510000000025
131.51,3,2,126.430000305176,0,131.520000000025
131.52,3,2,126.430000305176,0,131.520000000025
131.53,3,2,126.449996948242,0,131.540000000025
131.54,3,2,126.459999084473,0,131.550000000025
131.55,3,2,126.470001220703,0,131.560000000025
131.56,3,2,126.480003356934,0,131.570000000025
131.57,3,2,126.48999786377,0,131.580000000025
131.58,3,2,126.48999786377,0,131.580000000025
131.59,3,2,126.51000213623,0,131.600000000025
131.6,3,2,126.519996643066,0,131.610000000025
131.61,3,2,126.529998779297,0,131.620000000025
131.62,3,2,126.540000915527,0,131.630000000025
131.63,3,2,126.550003051758,0,131.640000000025
131.64,3,2,126.550003051758,0,131.640000000025
131.65,3,2,126.559997558594,0,131.650000000025
131.66,3,2,126.580001831055,0,131.670000000025
131.67,3,2,126.589996337891,0,131.680000000025
131.68,3,2,126.599998474121,0,131.690000000025
131.69,3,2,126.610000610352,0,131.700000000025
131.7,3,2,126.620002746582,0,131.710000000025
131.71,3,2,126.620002746582,0,131.710000000025
131.72,3,2,126.639999389648,0,131.730000000025
131.73,3,2,126.650001525879,0,131.740000000025
131.74,3,2,126.660003662109,0,131.750000000025
131.75,3,2,126.669998168945,0,131.760000000025
131.76,3,2,126.680000305176,0,131.770000000025
131.77,3,2,126.680000305176,0,131.770000000025
131.78,3,2,126.699996948242,0,131.790000000025
131.79,3,2,126.709999084473,0,131.800000000025
131.8,3,2,126.720001220703,0,131.810000000025
131.81,3,2,126.730003356934,0,131.820000000025
131.82,3,2,126.73999786377,0,131.830000000025
131.83,3,2,126.73999786377,0,131.830000000025
131.84,3,2,126.76000213623,0,131.850000000025
131.85,3,2,126.769996643066,0,131.860000000025
131.86,3,2,126.779998779297,0,131.870000000025
131.87,3,2,126.790000915527,0,131.880000000025
131.88,3,2,126.800003051758,0,131.890000000025
131.89,3,2,126.800003051758,0,131.890000000025
131.9,3,2,126.809997558594,0,131.900000000025
131.91,3,2,126.830001831055,0,131.920000000025
131.92,3,2,126.839996337891,0,131.930000000025
131.93,3,2,126.849998474121,0,131.940000000025
131.94,3,2,126.860000610352,0,131.950000000025
131.95,3,2,126.870002746582,0,131.960000000025
131.96,3,2,126.870002746582,0,131.960000000025
131.97,3,2,126.889999389648,0,131.980000000025
131.98,3,2,126.900001525879,0,131.990000000025
131.99,3,2,126.910003662109,0,132.000000000025
132,3,2,126.919998168945,0,132.010000000025
132.01,3,2,126.930000305176,0,132.020000000025
132.02,3,2,126.930000305176,0,132.020000000025
132.03,3,2,126.949996948242,0,132.040000000025
132.04,3,2,126.959999084473,0,132.050000000025
132.05,3,2,126.970001220703,0,132.060000000025
132.06,3,2,126.980003356934,0,132.070000000025
132.07,3,2,126.98999786377,0,132.080000000025
132.08,3,2,126.98999786377,0,132.080000000025
132.09,3,2,127.01000213623,0,132.100000000025
132.1,3,2,127.019996643066,0,132.110000000025
132.11,3,2,127.029998779297,0,132.120000000025
132.12,3,2,127.040000915527,0,132.130000000025
132.13,3,2,127.050003051758,0,132.140000000025
132.14,3,2,127.050003051758,0,132.140000000025
132.15,3,2,127.059997558594,0,132.150000000025
132.16,3,2,127.080001831055,0,132.170000000025
132.17,3,2,127.089996337891,0,132.180000000025
132.18,3,2,127.099998474121,0,132.190000000025
132.19,3,2,127.110000610352,0,132.200000000025
132.2,3,2,127.120002746582,0,132.210000000025
132.21,3,2,127.120002746582,0,132.210000000025
132.22,3,2,127.139999389648,0,132.230000000025
132.23,3,2,127.150001525879,0,132.240000000025
132.24,3,2,127.160003662109,0,132.250000000025
132.25,3,2,127.169998168945,0,132.260000000025
132.26,3,2,127.180000305176,0,132.270000000025
132.27,3,2,127.180000305176,0,132.270000000025
132.28,3,2,127.199996948242,0,132.290000000025
132.29,3,2,127.209999084473,0,132.300000000025
132.3,3,2,127.220001220703,0,132.310000000025
132.31,3,2,127.230003356934,0,132.320000000025
132.32,3,2,127.23999786377,0,132.330000000025
132.33,3,2,127.23999786377,0,132.330000000025
132.34,3,2,127.26000213623,0,132.350000000025
132.35,3,2,127.269996643066,0,132.360000000025
132.36,3,2,127.279998779297,0,132.370000000025
132.37,3,2,127.290000915527,0,132.380000000025
132.38,3,2,127.300003051758,0,132.390000000025
132.39,3,2,127.300003051758,0,132.390000000025
132.4,3,2,127.309997558594,0,132.400000000025
132.41,3,2,127.330001831055,0,132.420000000025
132.42,3,2,127.339996337891,0,132.430000000025
132.43,3,2,127.349998474121,0,132.440000000025
132.44,3,2,127.360000610352,0,132.450000000025
132.45,3,2,127.370002746582,0,132.460000000025
132.46,3,2,127.370002746582,0,132.460000000025
132.47,3,2,127.389999389648,0,132.480000000024
132.48,3,2,127.400001525879,0,132.490000000024
132.49,3,2,127.410003662109,0,132.500000000024
132.5,3,2,127.419998168945,0,132.510000000024
132.51,3,2,127.430000305176,0,132.520000000024
132.52,3,2,127.430000305176,0,132.520000000024
132.53,3,2,127.449996948242,0,132.540000000024
132.54,3,2,127.459999084473,0,132.550000000024
132.55,3,2,127.470001220703,0,132.560000000024
132.56,3,2,127.480003356934,0,132.570000000024
132.57,3,2,127.48999786377,0,132.580000000024
132.58,3,2,127.48999786377,0,132.580000000024
132.59,3,2,127.51000213623,0,132.600000000024
132.6,3,2,127.519996643066,0,132.610000000024
132.61,3,2,127.529998779297,0,132.620000000024
132.62,3,2,127.540000915527,0,132.630000000024
132.63,3,2,127.550003051758,0,132.640000000024
132.64,3,2,127.550003051758,0,132.640000000024
132.65,3,2,127.559997558594,0,132.650000000024
132.66,3,2,127.580001831055,0,132.670000000024
132.67,3,2,127.589996337891,0,132.680000000024
132.68,3,2,127.599998474121,0,132.690000000024
132.69,3,2,127.610000610352,0,132.700000000024
132.7,3,2,127.620002746582,0,132.710000000024
132.71,3,2,127.620002746582,0,132.710000000024
132.72,3,2,127.639999389648,0,132.730000000024
132.73,3,2,127.650001525879,0,132.740000000024
132.74,3,2,127.660003662109,0,132.750000000024
132.75,3,2,127.669998168945,0,132.760000000024
132.76,3,2,127.680000305176,0,132.770000000024
132.77,3,2,127.680000305176,0,132.770000000024
132.78,3,2,127.699996948242,0,132.790000000024
132.79,3,2,127.709999084473,0,132.800000000024
132.8,3,2,127.720001220703,0,132.810000000024
132.81,3,2,127.730003356934,0,132.820000000024
132.82,3,2,127.73999786377,0,132.830000000024
132.83,3,2,127.73999786377,0,132.830000000024
132.84,3,2,127.76000213623,0,132.850000000024
132.85,3,2,127.769996643066,0,132.860000000024
132.86,3,2,127.779998779297,0,132.870000000024
132.87,3,2,127.790000915527,0,132.880000000024
132.88,3,2,127.800003051758,0,132.890000000024
132.89,3,2,127.800003051758,0,132.890000000024
132.9,3,2,127.809997558594,0,132.900000000024
132.91,3,2,127.830001831055,0,132.920000000024
132.92,3,2,127.839996337891,0,132.930000000024
132.93,3,2,127.849998474121,0,132.940000000024
132.94,3,2,127.860000610352,0,132.950000000024
132.95,3,2,127.870002746582,0,132.960000000024
132.96,3,2,127.870002746582,0,132.960000000024
132.97,3,2,127.889999389648,0,132.980000000024
132.98,3,2,127.900001525879,0,132.990000000024
132.99,3,2,127.910003662109,0,133.000000000024
133,3,2,127.919998168945,0,133.010000000024
133.01,3,2,127.930000305176,0,133.020000000024
133.02,3,2,127.930000305176,0,133.020000000024
133.03,3,2,127.949996948242,0,133.040000000024
133.04,3,2,127.959999084473,0,133.050000000024
133.05,3,2,127.970001220703,0,133.060000000024
133.06,3,2,127.980003356934,0,133.070000000024
133.07,3,2,127.98999786377,0,133.080000000024
133.08,3,2,127.98999786377,0,133.080000000024
133.09,3,2,128.009994506836,0,133.100000000024
133.1,3,2,128.020004272461,0,133.110000000024
133.11,3,2,128.029998779297,0,133.120000000024
133.12,3,2,128.039993286133,0,133.130000000024
133.13,3,2,128.050003051758,0,133.140000000024
133.14,3,2,128.050003051758,0,133.140000000024
133.15,3,2,128.059997558594,0,133.150000000024
133.16,3,2,128.080001831055,0,133.170000000024
133.17,3,2,128.089996337891,0,133.180000000024
133.18,3,2,128.100006103516,0,133.190000000024
133.19,3,2,128.110000610352,0,133.200000000024
133.2,3,2,128.119995117188,0,133.210000000024
133.21,3,2,128.119995117188,0,133.210000000024
133.22,3,2,128.139999389648,0,133.230000000024
133.23,3,2,128.149993896484,0,133.240000000024
133.24,3,2,128.160003662109,0,133.250000000024
133.25,3,2,128.169998168945,0,133.260000000024
133.26,3,2,128.179992675781,0,133.270000000024
133.27,3,2,128.179992675781,0,133.270000000024
133.28,3,2,128.199996948242,0,133.290000000024
133.29,3,2,128.210006713867,0,133.300000000024
133.3,3,2,128.220001220703,0,133.310000000024
133.31,3,2,128.229995727539,0,133.320000000024
133.32,3,2,128.240005493164,0,133.330000000024
133.33,3,2,128.240005493164,0,133.330000000024
133.34,3,2,128.259994506836,0,133.350000000024
133.35,3,2,128.270004272461,0,133.360000000024
133.36,3,2,128.279998779297,0,133.370000000024
133.37,3,2,128.289993286133,0,133.380000000024
133.38,3,2,128.300003051758,0,133.390000000024
133.39,3,2,128.300003051758,0,133.390000000024
133.4,3,2,128.309997558594,0,133.400000000024
133.41,3,2,128.330001831055,0,133.420000000024
133.42,3,2,128.339996337891,0,133.430000000024
133.43,3,2,128.350006103516,0,133.440000000024
133.44,3,2,128.360000610352,0,133.450000000024
133.45,3,2,128.369995117188,0,133.460000000024
133.46,3,2,128.369995117188,0,133.460000000024
133.47,3,2,128.389999389648,0,133.480000000024
133.48,3,2,128.399993896484,0,133.490000000024
133.49,3,2,128.410003662109,0,133.500000000024
133.5,3,2,128.419998168945,0,133.510000000024
133.51,3,2,128.429992675781,0,133.520000000024
133.52,3,2,128.429992675781,0,133.520000000024
133.53,3,2,128.449996948242,0,133.540000000024
133.54,3,2,128.460006713867,0,133.550000000024
133.55,3,2,128.470001220703,0,133.560000000024
133.56,3,2,128.479995727539,0,133.570000000023
133.57,3,2,128.490005493164,0,133.580000000023
133.58,3,2,128.490005493164,0,133.580000000023
133.59,3,2,128.509994506836,0,133.600000000023
133.6,3,2,128.520004272461,0,133.610000000023
133.61,3,2,128.529998779297,0,133.620000000023
133.62,3,2,128.539993286133,0,133.630000000023
133.63,3,2,128.550003051758,0,133.640000000023
133.64,3,2,128.550003051758,0,133.640000000023
133.65,3,2,128.559997558594,0,133.650000000023
133.66,3,2,128.580001831055,0,133.670000000023
133.67,3,2,128.589996337891,0,133.680000000023
133.68,3,2,128.600006103516,0,133.690000000023
133.69,3,2,128.610000610352,0,133.700000000023
133.7,3,2,128.619995117188,0,133.710000000023
133.71,3,2,128.619995117188,0,133.710000000023
133.72,3,2,128.639999389648,0,133.730000000023
133.73,3,2,128.649993896484,0,133.740000000023
133.74,3,2,128.660003662109,0,133.750000000023
133.75,3,2,128.669998168945,0,133.760000000023
133.76,3,2,128.679992675781,0,133.770000000023
133.77,3,2,128.679992675781,0,133.770000000023
133.78,3,2,128.699996948242,0,133.790000000023
133.79,3,2,128.710006713867,0,133.800000000023
133.8,3,2,128.720001220703,0,133.810000000023
133.81,3,2,128.729995727539,0,133.820000000023
133.82,3,2,128.740005493164,0,133.830000000023
133.83,3,2,128.740005493164,0,133.830000000023
133.84,3,2,128.759994506836,0,133.850000000023
133.85,3,2,128.770004272461,0,133.860000000023
133.86,3,2,128.779998779297,0,133.870000000023
133.87,3,2,128.789993286133,0,133.880000000023
133.88,3,2,128.800003051758,0,133.890000000023
133.89,3,2,128.800003051758,0,133.890000000023
133.9,3,2,128.809997558594,0,133.900000000023
133.91,3,2,128.830001831055,0,133.920000000023
133.92,3,2,128.839996337891,0,133.930000000023
133.93,3,2,128.850006103516,0,133.940000000023
133.94,3,2,128.860000610352,0,133.950000000023
133.95,3,2,128.869995117188,0,133.960000000023
133.96,3,2,128.869995117188,0,133.960000000023
133.97,3,2,128.889999389648,0,133.980000000023
133.98,3,2,128.899993896484,0,133.990000000023
133.99,3,2,128.910003662109,0,134.000000000023
134,3,2,128.919998168945,0,134.010000000023
134.01,3,2,128.929992675781,0,134.020000000023
134.02,3,2,128.929992675781,0,134.020000000023
134.03,3,2,128.949996948242,0,134.040000000023
134.04,3,2,128.960006713867,0,134.050000000023
134.05,3,2,128.970001220703,0,134.060000000023
134.06,3,2,128.979995727539,0,134.070000000023
134.07,3,2,128.990005493164,0,134.080000000023
134.08,3,2,128.990005493164,0,134.080000000023
134.09,3,2,129.009994506836,0,134.100000000023
134.1,3,2,129.020004272461,0,134.110000000023
134.11,3,2,129.029998779297,0,134.120000000023
134.12,3,2,129.039993286133,0,134.130000000023
134.13,3,2,129.050003051758,0,134.140000000023
134.14,3,2,129.050003051758,0,134.140000000023
134.15,3,2,129.059997558594,0,134.150000000023
134.16,3,2,129.080001831055,0,134.170000000023
134.17,3,2,129.089996337891,0,134.180000000023
134.18,3,2,129.100006103516,0,134.190000000023
134.19,3,2,129.110000610352,0,134.200000000023
134.2,3,2,129.119995117188,0,134.210000000023
134.21,3,2,129.119995117188,0,134.210000000023
134.22,3,2,129.139999389648,0,134.230000000023
134.23,3,2,129.149993896484,0,134.240000000023
134.24,3,2,129.160003662109,0,134.250000000023
134.25,3,2,129.169998168945,0,134.260000000023
134.26,3,2,129.179992675781,0,134.270000000023
134.27,3,2,129.179992675781,0,134.270000000023
134.28,3,2,129.199996948242,0,134.290000000023
134.29,3,2,129.210006713867,0,134.300000000023
134.3,3,2,129.220001220703,0,134.310000000023
134.31,3,2,129.229995727539,0,134.320000000023
134.32,3,2,129.240005493164,0,134.330000000023
134.33,3,2,129.240005493164,0,134.330000000023
134.34,3,2,129.259994506836,0,134.350000000023
134.35,3,2,129.270004272461,0,134.360000000023
134.36,3,2,129.279998779297,0,134.370000000023
134.37,3,2,129.289993286133,0,134.380000000023
134.38,3,2,129.300003051758,0,134.390000000023
134.39,3,2,129.300003051758,0,134.390000000023
134.4,3,2,129.309997558594,0,134.400000000023
134.41,3,2,129.330001831055,0,134.420000000023
134.42,3,2,129.339996337891,0,134.430000000023
134.43,3,2,129.350006103516,0,134.440000000023
134.44,3,2,129.360000610352,0,134.450000000023
134.45,3,2,129.369995117188,0,134.460000000023
134.46,3,2,129.369995117188,0,134.460000000023
134.47,3,2,129.389999389648,0,134.480000000023
134.48,3,2,129.399993896484,0,134.490000000023
134.49,3,2,129.410003662109,0,134.500000000023
134.5,3,2,129.419998168945,0,134.510000000023
134.51,3,2,129.429992675781,0,134.520000000023
134.52,3,2,129.429992675781,0,134.520000000023
134.53,3,2,129.449996948242,0,134.540000000023
134.54,3,2,129.460006713867,0,134.550000000023
134.55,3,2,129.470001220703,0,134.560000000023
134.56,3,2,129.479995727539,0,134.570000000023
134.57,3,2,129.490005493164,0,134.580000000023
134.58,3,2,129.490005493164,0,134.580000000023
134.59,3,2,129.509994506836,0,134.600000000023
134.6,3,2,129.520004272461,0,134.610000000023
134.61,3,2,129.529998779297,0,134.620000000023
134.62,3,2,129.539993286133,0,134.630000000023
134.63,3,2,129.550003051758,0,134.640000000023
134.64,3,2,129.550003051758,0,134.640000000023
134.65,3,2,129.559997558594,0,134.650000000023
134.66,3,2,129.580001831055,0,134.670000000022
134.67,3,2,129.589996337891,0,134.680000000022
134.68,3,2,129.600006103516,0,134.690000000022
134.69,3,2,129.610000610352,0,134.700000000022
134.7,3,2,129.619995117188,0,134.710000000022
134.71,3,2,129.619995117188,0,134.710000000022
134.72,3,2,129.639999389648,0,134.730000000022
134.73,3,2,129.649993896484,0,134.740000000022
134.74,3,2,129.660003662109,0,134.750000000022
134.75,3,2,129.669998168945,0,134.760000000022
134.76,3,2,129.679992675781,0,134.770000000022
134.77,3,2,129.679992675781,0,134.770000000022
134.78,3,2,129.699996948242,0,134.790000000022
134.79,3,2,129.710006713867,0,134.800000000022
134.8,3,2,129.720001220703,0,134.810000000022
134.81,3,2,129.729995727539,0,134.820000000022
134.82,3,2,129.740005493164,0,134.830000000022
134.83,3,2,129.740005493164,0,134.830000000022
134.84,3,2,129.759994506836,0,134.850000000022
134.85,3,2,129.770004272461,0,134.860000000022
134.86,3,2,129.779998779297,0,134.870000000022
134.87,3,2,129.789993286133,0,134.880000000022
134.88,3,2,129.800003051758,0,134.890000000022
134.89,3,2,129.800003051758,0,134.890000000022
134.9,3,2,129.809997558594,0,134.900000000022
134.91,3,2,129.830001831055,0,134.920000000022
134.92,3,2,129.839996337891,0,134.930000000022
134.93,3,2,129.850006103516,0,134.940000000022
134.94,3,2,129.860000610352,0,134.950000000022
134.95,3,2,129.869995117188,0,134.960000000022
134.96,3,2,129.869995117188,0,134.960000000022
134.97,3,2,129.889999389648,0,134.980000000022
134.98,3,2,129.899993896484,0,134.990000000022
134.99,3,2,129.910003662109,0,135.000000000022
135,3,2,129.919998168945,0,135.010000000022
135.01,3,2,129.929992675781,0,135.020000000022
135.02,3,2,129.929992675781,0,135.020000000022
135.03,3,2,129.949996948242,0,135.040000000022
135.04,3,2,129.960006713867,0,135.050000000022
135.05,3,2,129.970001220703,0,135.060000000022
135.06,3,2,129.979995727539,0,135.070000000022
135.07,3,2,129.990005493164,0,135.080000000022
135.08,3,2,129.990005493164,0,135.080000000022
135.09,3,2,130.009994506836,0,135.100000000022
135.1,3,2,130.020004272461,0,135.110000000022
135.11,3,2,130.029998779297,0,135.120000000022
135.12,3,2,130.039993286133,0,135.130000000022
135.13,3,2,130.050003051758,0,135.140000000022
135.14,3,2,130.050003051758,0,135.140000000022
135.15,3,2,130.059997558594,0,135.150000000022
135.16,3,2,130.080001831055,0,135.170000000022
135.17,3,2,130.089996337891,0,135.180000000022
135.18,3,2,130.100006103516,0,135.190000000022
135.19,3,2,130.110000610352,0,135.200000000022
135.2,3,2,130.119995117188,0,135.210000000022
135.21,3,2,130.119995117188,0,135.210000000022
135.22,3,2,130.139999389648,0,135.230000000022
135.23,3,2,130.149993896484,0,135.240000000022
135.24,3,2,130.160003662109,0,135.250000000022
135.25,3,2,130.169998168945,0,135.260000000022
135.26,3,2,130.179992675781,0,135.270000000022
135.27,3,2,130.179992675781,0,135.270000000022
135.28,3,2,130.199996948242,0,135.290000000022
135.29,3,2,130.210006713867,0,135.300000000022
135.3,3,2,130.220001220703,0,135.310000000022
135.31,3,2,130.229995727539,0,135.320000000022
135.32,3,2,130.240005493164,0,135.330000000022
135.33,3,2,130.240005493164,0,135.330000000022
135.34,3,2,130.259994506836,0,135.350000000022
135.35,3,2,130.270004272461,0,135.360000000022
135.36,3,2,130.279998779297,0,135.370000000022
135.37,3,2,130.289993286133,0,135.380000000022
135.38,3,2,130.300003051758,0,135.390000000022
135.39,3,2,130.300003051758,0,135.390000000022
135.4,3,2,130.309997558594,0,135.400000000022
135.41,3,2,130.330001831055,0,135.420000000022
135.42,3,2,130.339996337891,0,135.430000000022
135.43,3,2,130.350006103516,0,135.440000000022
135.44,3,2,130.360000610352,0,135.450000000022
135.45,3,2,130.369995117188,0,135.460000000022
135.46,3,2,130.369995117188,0,135.460000000022
135.47,3,2,130.389999389648,0,135.480000000022
135.48,3,2,130.399993896484,0,135.490000000022
135.49,3,2,130.410003662109,0,135.500000000022
135.5,3,2,130.419998168945,0,135.510000000022
135.51,3,2,130.429992675781,0,135.520000000022
135.52,3,2,130.429992675781,0,135.520000000022
135.53,3,2,130.449996948242,0,135.540000000022
135.54,3,2,130.460006713867,0,135.550000000022
135.55,3,2,130.470001220703,0,135.560000000022
135.56,3,2,130.479995727539,0,135.570000000022
135.57,3,2,130.490005493164,0,135.580000000022
135.58,3,2,130.490005493164,0,135.580000000022
135.59,3,2,130.509994506836,0,135.600000000022
135.6,3,2,130.520004272461,0,135.610000000022
135.61,3,2,130.529998779297,0,135.620000000022
135.62,3,2,130.539993286133,0,135.630000000022
135.63,3,2,130.550003051758,0,135.640000000022
135.64,3,2,130.550003051758,0,135.640000000022
135.65,3,2,130.559997558594,0,135.650000000022
135.66,3,2,130.580001831055,0,135.670000000022
135.67,3,2,130.589996337891,0,135.680000000022
135.68,3,2,130.600006103516,0,135.690000000022
135.69,3,2,130.610000610352,0,135.700000000022
135.7,3,2,130.619995117188,0,135.710000000022
135.71,3,2,130.619995117188,0,135.710000000022
135.72,3,2,130.639999389648,0,135.730000000022
135.73,3,2,130.649993896484,0,135.740000000022
135.74,3,2,130.660003662109,0,135.750000000022
135.75,3,2,130.669998168945,0,135.760000000022
135.76,3,2,130.679992675781,0,135.770000000021
135.77,3,2,130.679992675781,0,135.770000000021
135.78,3,2,130.699996948242,0,135.790000000021
135.79,3,2,130.710006713867,0,135.800000000021
135.8,3,2,130.720001220703,0,135.810000000021
135.81,3,2,130.729995727539,0,135.820000000021
135.82,3,2,130.740005493164,0,135.830000000021
135.83,3,2,130.740005493164,0,135.830000000021
135.84,3,2,130.759994506836,0,135.850000000021
135.85,3,2,130.770004272461,0,135.860000000021
135.86,3,2,130.779998779297,0,135.870000000021
135.87,3,2,130.789993286133,0,135.880000000021
135.88,3,2,130.800003051758,0,135.890000000021
135.89,3,2,130.800003051758,0,135.890000000021
135.9,3,2,130.809997558594,0,135.900000000021
135.91,3,2,130.830001831055,0,135.920000000021
135.92,3,2,130.839996337891,0,135.930000000021
135.93,3,2,130.850006103516,0,135.940000000021
135.94,3,2,130.860000610352,0,135.950000000021
135.95,3,2,130.869995117188,0,135.960000000021
135.96,3,2,130.869995117188,0,135.960000000021
135.97,3,2,130.889999389648,0,135.980000000021
135.98,3,2,130.899993896484,0,135.990000000021
135.99,3,2,130.910003662109,0,136.000000000021
136,3,2,130.919998168945,0,136.010000000021
136.01,3,2,130.929992675781,0,136.020000000021
136.02,3,2,130.929992675781,0,136.020000000021
136.03,3,2,130.949996948242,0,136.040000000021
136.04,3,2,130.960006713867,0,136.050000000021
136.05,3,2,130.970001220703,0,136.060000000021
136.06,3,2,130.979995727539,0,136.070000000021
136.07,3,2,130.990005493164,0,136.080000000021
136.08,3,2,130.990005493164,0,136.080000000021
136.09,3,2,131.009994506836,0,136.100000000021
136.1,3,2,131.020004272461,0,136.110000000021
136.11,3,2,131.029998779297,0,136.120000000021
136.12,3,2,131.039993286133,0,136.130000000021
136.13,3,2,131.050003051758,0,136.140000000021
136.14,3,2,131.050003051758,0,136.140000000021
136.15,3,2,131.059997558594,0,136.150000000021
136.16,3,2,131.080001831055,0,136.170000000021
136.17,3,2,131.089996337891,0,136.180000000021
136.18,3,2,131.100006103516,0,136.190000000021
136.19,3,2,131.110000610352,0,136.200000000021
136.2,3,2,131.119995117188,0,136.210000000021
136.21,3,2,131.119995117188,0,136.210000000021
136.22,3,2,131.139999389648,0,136.230000000021
136.23,3,2,131.149993896484,0,136.240000000021
136.24,3,2,131.160003662109,0,136.250000000021
136.25,3,2,131.169998168945,0,136.260000000021
136.26,3,2,131.179992675781,0,136.270000000021
136.27,3,2,131.179992675781,0,136.270000000021
136.28,3,2,131.199996948242,0,136.290000000021
136.29,3,2,131.210006713867,0,136.300000000021
136.3,3,2,131.220001220703,0,136.310000000021
136.31,3,2,131.229995727539,0,136.320000000021
136.32,3,2,131.240005493164,0,136.330000000021
136.33,3,2,131.240005493164,0,136.330000000021
136.34,3,2,131.259994506836,0,136.350000000021
136.35,3,2,131.270004272461,0,136.360000000021
136.36,3,2,131.279998779297,0,136.370000000021
136.37,3,2,131.289993286133,0,136.380000000021
136.38,3,2,131.300003051758,0,136.390000000021
136.39,3,2,131.300003051758,0,136.390000000021
136.4,3,2,131.309997558594,0,136.400000000021
136.41,3,2,131.330001831055,0,136.420000000021
136.42,3,2,131.339996337891,0,136.430000000021
136.43,3,2,131.350006103516,0,136.440000000021
136.44,3,2,131.360000610352,0,136.450000000021
136.45,3,2,131.369995117188,0,136.460000000021
136.46,3,2,131.369995117188,0,136.460000000021
136.47,3,2,131.389999389648,0,136.480000000021
136.48,3,2,131.399993896484,0,136.490000000021
136.49,3,2,131.410003662109,0,136.500000000021
136.5,3,2,131.419998168945,0,136.510000000021
136.51,3,2,131.429992675781,0,136.520000000021
136.52,3,2,131.429992675781,0,136.520000000021
136.53,3,2,131.449996948242,0,136.540000000021
136.54,3,2,131.460006713867,0,136.550000000021
136.55,3,2,131.470001220703,0,136.560000000021
136.56,3,2,131.479995727539,0,136.570000000021
136.57,3,2,131.490005493164,0,136.580000000021
136.58,3,2,131.490005493164,0,136.580000000021
136.59,3,2,131.509994506836,0,136.600000000021
136.6,3,2,131.520004272461,0,136.610000000021
136.61,3,2,131.529998779297,0,136.620000000021
136.62,3,2,131.539993286133,0,136.630000000021
136.63,3,2,131.550003051758,0,136.640000000021
136.64,3,2,131.550003051758,0,136.640000000021
136.65,3,2,131.559997558594,0,136.650000000021
136.66,3,2,131.580001831055,0,136.670000000021
136.67,3,2,131.589996337891,0,136.680000000021
136.68,3,2,131.600006103516,0,136.690000000021
136.69,3,2,131.610000610352,0,136.700000000021
136.7,3,2,131.610000610352,0,136.700000000021
136.71,3,2,131.619995117188,0,136.710000000021
136.72,3,2,131.639999389648,0,136.730000000021
136.73,3,2,131.649993896484,0,136.740000000021
136.74,3,2,131.660003662109,0,136.750000000021
136.75,3,2,131.669998168945,0,136.760000000021
136.76,3,2,131.679992675781,0,136.770000000021
136.77,3,2,131.679992675781,0,136.770000000021
136.78,3,2,131.699996948242,0,136.790000000021
136.79,3,2,131.710006713867,0,136.800000000021
136.8,3,2,131.720001220703,0,136.810000000021
136.81,3,2,131.729995727539,0,136.820000000021
136.82,3,2,131.740005493164,0,136.830000000021
136.83,3,2,131.740005493164,0,136.830000000021
136.84,3,2,131.759994506836,0,136.850000000021
136.85,3,2,131.770004272461,0,136.860000000021
136.86,3,2,131.779998779297,0,136.87000000002
136.87,3,2,131.789993286133,0,136.88000000002
136.88,3,2,131.800003051758,0,136.89000000002
136.89,3,2,131.800003051758,0,136.89000000002
136.9,3,2,131.809997558594,0,136.90000000002
136.91,3,2,131.830001831055,0,136.92000000002
136.92,3,2,131.839996337891,0,136.93000000002
136.93,3,2,131.850006103516,0,136.94000000002
136.94,3,2,131.860000610352,0,136.95000000002
136.95,3,2,131.860000610352,0,136.95000000002
136.96,3,2,131.869995117188,0,136.96000000002
136.97,3,2,131.889999389648,0,136.98000000002
136.98,3,2,131.899993896484,0,136.99000000002
136.99,3,2,131.910003662109,0,137.00000000002
137,3,2,131.919998168945,0,137.01000000002
137.01,3,2,131.929992675781,0,137.02000000002
137.02,3,2,131.929992675781,0,137.02000000002
137.03,3,2,131.949996948242,0,137.04000000002
137.04,3,2,131.960006713867,0,137.05000000002
137.05,3,2,131.970001220703,0,137.06000000002
137.06,3,2,131.979995727539,0,137.07000000002
137.07,3,2,131.990005493164,0,137.08000000002
137.08,3,2,131.990005493164,0,137.08000000002
137.09,3,2,132.009994506836,0,137.10000000002
137.1,3,2,132.020004272461,0,137.11000000002
137.11,3,2,132.029998779297,0,137.12000000002
137.12,3,2,132.039993286133,0,137.13000000002
137.13,3,2,132.050003051758,0,137.14000000002
137.14,3,2,132.050003051758,0,137.14000000002
137.15,3,2,132.059997558594,0,137.15000000002
137.16,3,2,132.080001831055,0,137.17000000002
137.17,3,2,132.089996337891,0,137.18000000002
137.18,3,2,132.100006103516,0,137.19000000002
137.19,3,2,132.110000610352,0,137.20000000002
137.2,3,2,132.110000610352,0,137.20000000002
137.21,3,2,132.119995117188,0,137.21000000002
137.22,3,2,132.139999389648,0,137.23000000002
137.23,3,2,132.149993896484,0,137.24000000002
137.24,3,2,132.160003662109,0,137.25000000002
137.25,3,2,132.169998168945,0,137.26000000002
137.26,3,2,132.179992675781,0,137.27000000002
137.27,3,2,132.179992675781,0,137.27000000002
137.28,3,2,132.199996948242,0,137.29000000002
137.29,3,2,132.210006713867,0,137.30000000002
137.3,3,2,132.220001220703,0,137.31000000002
137.31,3,2,132.229995727539,0,137.32000000002
137.32,3,2,132.240005493164,0,137.33000000002
137.33,3,2,132.240005493164,0,137.33000000002
137.34,3,2,132.259994506836,0,137.35000000002
137.35,3,2,132.270004272461,0,137.36000000002
137.36,3,2,132.279998779297,0,137.37000000002
137.37,3,2,132.289993286133,0,137.38000000002
137.38,3,2,132.300003051758,0,137.39000000002
137.39,3,2,132.300003051758,0,137.39000000002
137.4,3,2,132.309997558594,0,137.40000000002
137.41,3,2,132.330001831055,0,137.42000000002
137.42,3,2,132.339996337891,0,137.43000000002
137.43,3,2,132.350006103516,0,137.44000000002
137.44,3,2,132.360000610352,0,137.45000000002
137.45,3,2,132.360000610352,0,137.45000000002
137.46,3,2,132.369995117188,0,137.46000000002
137.47,3,2,132.389999389648,0,137.48000000002
137.48,3,2,132.399993896484,0,137.49000000002
137.49,3,2,132.410003662109,0,137.50000000002
137.5,3,2,132.419998168945,0,137.51000000002
137.51,3,2,132.429992675781,0,137.52000000002
137.52,3,2,132.429992675781,0,137.52000000002
137.53,3,2,132.449996948242,0,137.54000000002
137.54,3,2,132.460006713867,0,137.55000000002
137.55,3,2,132.470001220703,0,137.56000000002
137.56,3,2,132.479995727539,0,137.57000000002
137.57,3,2,132.490005493164,0,137.58000000002
137.58,3,2,132.490005493164,0,137.58000000002
137.59,3,2,132.509994506836,0,137.60000000002
137.6,3,2,132.520004272461,0,137.61000000002
137.61,3,2,132.529998779297,0,137.62000000002
137.62,3,2,132.539993286133,0,137.63000000002
137.63,3,2,132.550003051758,0,137.64000000002
137.64,3,2,132.550003051758,0,137.64000000002
137.65,3,2,132.559997558594,0,137.65000000002
137.66,3,2,132.580001831055,0,137.67000000002
137.67,3,2,132.589996337891,0,137.68000000002
137.68,3,2,132.600006103516,0,137.69000000002
137.69,3,2,132.610000610352,0,137.70000000002
137.7,3,2,132.610000610352,0,137.70000000002
137.71,3,2,132.619995117188,0,137.71000000002
137.72,3,2,132.639999389648,0,137.73000000002
137.73,3,2,132.649993896484,0,137.74000000002
137.74,3,2,132.660003662109,0,137.75000000002
137.75,3,2,132.669998168945,0,137.76000000002
137.76,3,2,132.679992675781,0,137.77000000002
137.77,3,2,132.679992675781,0,137.77000000002
137.78,3,2,132.699996948242,0,137.79000000002
137.79,3,2,132.710006713867,0,137.80000000002
137.8,3,2,132.720001220703,0,137.81000000002
137.81,3,2,132.729995727539,0,137.82000000002
137.82,3,2,132.740005493164,0,137.83000000002
137.83,3,2,132.740005493164,0,137.83000000002
137.84,3,2,132.759994506836,0,137.85000000002
137.85,3,2,132.770004272461,0,137.86000000002
137.86,3,2,132.779998779297,0,137.87000000002
137.87,3,2,132.789993286133,0,137.88000000002
137.88,3,2,132.800003051758,0,137.89000000002
137.89,3,2,132.800003051758,0,137.89000000002
137.9,3,2,132.809997558594,0,137.90000000002
137.91,3,2,132.830001831055,0,137.92000000002
137.92,3,2,132.839996337891,0,137.93000000002
137.93,3,2,132.850006103516,0,137.94000000002
137.94,3,2,132.860000610352,0,137.95000000002
137.95,3,2,132.860000610352,0,137.95000000002
137.96,3,2,132.869995117188,0,137.96000000002
137.97,3,2,132.889999389648,0,137.980000000019
137.98,3,2,132.899993896484,0,137.990000000019
137.99,3,2,132.910003662109,0,138.000000000019
138,3,2,132.919998168945,0,138.010000000019
138.01,3,2,132.929992675781,0,138.020000000019
138.02,3,2,132.929992675781,0,138.020000000019
138.03,3,2,132.949996948242,0,138.040000000019
138.04,3,2,132.960006713867,0,138.050000000019
138.05,3,2,132.970001220703,0,138.060000000019
138.06,3,2,132.979995727539,0,138.070000000019
138.07,3,2,132.990005493164,0,138.080000000019
138.08,3,2,132.990005493164,0,138.080000000019
138.09,3,2,133.009994506836,0,138.100000000019
138.1,3,2,133.020004272461,0,138.110000000019
138.11,3,2,133.029998779297,0,138.120000000019
138.12,3,2,133.039993286133,0,138.130000000019
138.13,3,2,133.050003051758,0,138.140000000019
138.14,3,2,133.050003051758,0,138.140000000019
138.15,3,2,133.059997558594,0,138.150000000019
138.16,3,2,133.080001831055,0,138.170000000019
138.17,3,2,133.089996337891,0,138.180000000019
138.18,3,2,133.100006103516,0,138.190000000019
138.19,3,2,133.110000610352,0,138.200000000019
138.2,3,2,133.110000610352,0,138.200000000019
138.21,3,2,133.119995117188,0,138.210000000019
138.22,3,2,133.139999389648,0,138.230000000019
138.23,3,2,133.149993896484,0,138.240000000019
138.24,3,2,133.160003662109,0,138.250000000019
138.25,3,2,133.169998168945,0,138.260000000019
138.26,3,2,133.179992675781,0,138.270000000019
138.27,3,2,133.179992675781,0,138.270000000019
138.28,3,2,133.199996948242,0,138.290000000019
138.29,3,2,133.210006713867,0,138.300000000019
138.3,3,2,133.220001220703,0,138.310000000019
138.31,3,2,133.229995727539,0,138.320000000019
138.32,3,2,133.240005493164,0,138.330000000019
138.33,3,2,133.240005493164,0,138.330000000019
138.34,3,2,133.259994506836,0,138.350000000019
138.35,3,2,133.270004272461,0,138.360000000019
138.36,3,2,133.279998779297,0,138.370000000019
138.37,3,2,133.289993286133,0,138.380000000019
138.38,3,2,133.300003051758,0,138.390000000019
138.39,3,2,133.300003051758,0,138.390000000019
138.4,3,2,133.309997558594,0,138.400000000019
138.41,3,2,133.330001831055,0,138.420000000019
138.42,3,2,133.339996337891,0,138.430000000019
138.43,3,2,133.350006103516,0,138.440000000019
138.44,3,2,133.360000610352,0,138.450000000019
138.45,3,2,133.360000610352,0,138.450000000019
138.46,3,2,133.369995117188,0,138.460000000019
138.47,3,2,133.389999389648,0,138.480000000019
138.48,3,2,133.399993896484,0,138.490000000019
138.49,3,2,133.410003662109,0,138.500000000019
138.5,3,2,133.419998168945,0,138.510000000019
138.51,3,2,133.429992675781,0,138.520000000019
138.52,3,2,133.429992675781,0,138.520000000019
138.53,3,2,133.449996948242,0,138.540000000019
138.54,3,2,133.460006713867,0,138.550000000019
138.55,3,2,133.470001220703,0,138.560000000019
138.56,3,2,133.479995727539,0,138.570000000019
138.57,3,2,133.490005493164,0,138.580000000019
138.58,3,2,133.490005493164,0,138.580000000019
138.59,3,2,133.509994506836,0,138.600000000019
138.6,3,2,133.520004272461,0,138.610000000019
138.61,3,2,133.529998779297,0,138.620000000019
138.62,3,2,133.539993286133,0,138.630000000019
138.63,3,2,133.550003051758,0,138.640000000019
138.64,3,2,133.550003051758,0,138.640000000019
138.65,3,2,133.559997558594,0,138.650000000019
138.66,3,2,133.580001831055,0,138.670000000019
138.67,3,2,133.589996337891,0,138.680000000019
138.68,3,2,133.600006103516,0,138.690000000019
138.69,3,2,133.610000610352,0,138.700000000019
138.7,3,2,133.610000610352,0,138.700000000019
138.71,3,2,133.619995117188,0,138.710000000019
138.72,3,2,133.639999389648,0,138.730000000019
138.73,3,2,133.649993896484,0,138.740000000019
138.74,3,2,133.660003662109,0,138.750000000019
138.75,3,2,133.669998168945,0,138.760000000019
138.76,3,2,133.679992675781,0,138.770000000019
138.77,3,2,133.679992675781,0,138.770000000019
138.78,3,2,133.699996948242,0,138.790000000019
138.79,3,2,133.710006713867,0,138.800000000019
138.8,3,2,133.720001220703,0,138.810000000019
138.81,3,2,133.729995727539,0,138.820000000019
138.82,3,2,133.740005493164,0,138.830000000019
138.83,3,2,133.740005493164,0,138.830000000019
138.84,3,2,133.759994506836,0,138.850000000019
138.85,3,2,133.770004272461,0,138.860000000019
138.86,3,2,133.779998779297,0,138.870000000019
138.87,3,2,133.789993286133,0,138.880000000019
138.88,3,2,133.800003051758,0,138.890000000019
138.89,3,2,133.800003051758,0,138.890000000019
138.9,3,2,133.809997558594,0,138.900000000019
138.91,3,2,133.830001831055,0,138.920000000019
138.92,3,2,133.839996337891,0,138.930000000019
138.93,3,2,133.850006103516,0,138.940000000019
138.94,3,2,133.860000610352,0,138.950000000019
138.95,3,2,133.860000610352,0,138.950000000019
138.96,3,2,133.869995117188,0,138.960000000019
138.97,3,2,133.889999389648,0,138.980000000019
138.98,3,2,133.899993896484,0,138.990000000019
138.99,3,2,133.910003662109,0,139.000000000019
139,3,2,133.919998168945,0,139.010000000019
139.01,3,2,133.929992675781,0,139.020000000019
139.02,3,2,133.929992675781,0,139.020000000019
139.03,3,2,133.949996948242,0,139.040000000019
139.04,3,2,133.960006713867,0,139.050000000019
139.05,3,2,133.970001220703,0,139.060000000019
139.06,3,2,133.979995727539,0,139.070000000018
139.07,3,2,133.990005493164,0,139.080000000018
139.08,3,2,133.990005493164,0,139.080000000018
139.09,3,2,134.009994506836,0,139.100000000018
139.1,3,2,134.020004272461,0,139.110000000018
139.11,3,2,134.029998779297,0,139.120000000018
139.12,3,2,134.039993286133,0,139.130000000018
139.13,3,2,134.050003051758,0,139.140000000018
139.14,3,2,134.050003051758,0,139.140000000018
139.15,3,2,134.059997558594,0,139.150000000018
139.16,3,2,134.080001831055,0,139.170000000018
139.17,3,2,134.089996337891,0,139.180000000018
139.18,3,2,134.100006103516,0,139.190000000018
139.19,3,2,134.110000610352,0,139.200000000018
139.2,3,2,134.110000610352,0,139.200000000018
139.21,3,2,134.119995117188,0,139.210000000018
139.22,3,2,134.139999389648,0,139.230000000018
139.23,3,2,134.149993896484,0,139.240000000018
139.24,3,2,134.160003662109,0,139.250000000018
139.25,3,2,134.169998168945,0,139.260000000018
139.26,3,2,134.179992675781,0,139.270000000018
139.27,3,2,134.179992675781,0,139.270000000018
139.28,3,2,134.199996948242,0,139.290000000018
139.29,3,2,134.210006713867,0,139.300000000018
139.3,3,2,134.220001220703,0,139.310000000018
139.31,3,2,134.229995727539,0,139.320000000018
139.32,3,2,134.240005493164,0,139.330000000018
139.33,3,2,134.240005493164,0,139.330000000018
139.34,3,2,134.259994506836,0,139.350000000018
139.35,3,2,134.270004272461,0,139.360000000018
139.36,3,2,134.279998779297,0,139.370000000018
139.37,3,2,134.289993286133,0,139.380000000018
139.38,3,2,134.300003051758,0,139.390000000018
139.39,3,2,134.300003051758,0,139.390000000018
139.4,3,2,134.309997558594,0,139.400000000018
139.41,3,2,134.330001831055,0,139.420000000018
139.42,3,2,134.339996337891,0,139.430000000018
139.43,3,2,134.350006103516,0,139.440000000018
139.44,3,2,134.360000610352,0,139.450000000018
139.45,3,2,134.360000610352,0,139.450000000018
139.46,3,2,134.369995117188,0,139.460000000018
139.47,3,2,134.389999389648,0,139.480000000018
139.48,3,2,134.399993896484,0,139.490000000018
139.49,3,2,134.410003662109,0,139.500000000018
139.5,3,2,134.419998168945,0,139.510000000018
139.51,3,2,134.429992675781,0,139.520000000018
139.52,3,2,134.429992675781,0,139.520000000018
139.53,3,2,134.449996948242,0,139.540000000018
139.54,3,2,134.460006713867,0,139.550000000018
139.55,3,2,134.470001220703,0,139.560000000018
139.56,3,2,134.479995727539,0,139.570000000018
139.57,3,2,134.490005493164,0,139.580000000018
139.58,3,2,134.490005493164,0,139.580000000018
139.59,3,2,134.509994506836,0,139.600000000018
139.6,3,2,134.520004272461,0,139.610000000018
139.61,3,2,134.529998779297,0,139.620000000018
139.62,3,2,134.539993286133,0,139.630000000018
139.63,3,2,134.550003051758,0,139.640000000018
139.64,3,2,134.550003051758,0,139.640000000018
139.65,3,2,134.559997558594,0,139.650000000018
139.66,3,2,134.580001831055,0,139.670000000018
139.67,3,2,134.589996337891,0,139.680000000018
139.68,3,2,134.600006103516,0,139.690000000018
139.69,3,2,134.610000610352,0,139.700000000018
139.7,3,2,134.610000610352,0,139.700000000018
139.71,3,2,134.619995117188,0,139.710000000018
139.72,3,2,134.639999389648,0,139.730000000018
139.73,3,2,134.649993896484,0,139.740000000018
139.74,3,2,134.660003662109,0,139.750000000018
139.75,3,2,134.669998168945,0,139.760000000018
139.76,3,2,134.679992675781,0,139.770000000018
139.77,3,2,134.679992675781,0,139.770000000018
139.78,3,2,134.699996948242,0,139.790000000018
139.79,3,2,134.710006713867,0,139.800000000018
139.8,3,2,134.720001220703,0,139.810000000018
139.81,3,2,134.729995727539,0,139.820000000018
139.82,3,2,134.740005493164,0,139.830000000018
139.83,3,2,134.740005493164,0,139.830000000018
139.84,3,2,134.759994506836,0,139.850000000018
139.85,3,2,134.770004272461,0,139.860000000018
139.86,3,2,134.779998779297,0,139.870000000018
139.87,3,2,134.789993286133,0,139.880000000018
139.88,3,2,134.800003051758,0,139.890000000018
139.89,3,2,134.800003051758,0,139.890000000018
139.9,3,2,134.809997558594,0,139.900000000018
139.91,3,2,134.830001831055,0,139.920000000018
139.92,3,2,134.839996337891,0,139.930000000018
139.93,3,2,134.850006103516,0,139.940000000018
139.94,3,2,134.860000610352,0,139.950000000018
139.95,3,2,134.860000610352,0,139.950000000018
139.96,3,2,134.869995117188,0,139.960000000018
139.97,3,2,134.889999389648,0,139.980000000018
139.98,3,2,134.899993896484,0,139.990000000018
139.99,3,2,134.910003662109,0,140.000000000018
140,3,2,134.919998168945,0,140.010000000018
140.01,3,2,134.929992675781,0,140.020000000018
140.02,3,2,134.929992675781,0,140.020000000018
140.03,3,2,134.949996948242,0,140.040000000018
140.04,3,2,134.960006713867,0,140.050000000018
140.05,3,2,134.970001220703,0,140.060000000018
140.06,3,2,134.979995727539,0,140.070000000018
140.07,3,2,134.990005493164,0,140.080000000018
140.08,3,2,134.990005493164,0,140.080000000018
140.09,3,2,135.009994506836,0,140.100000000018
140.1,3,2,135.020004272461,0,140.110000000018
140.11,3,2,135.029998779297,0,140.120000000018
140.12,3,2,135.039993286133,0,140.130000000018
140.13,3,2,135.050003051758,0,140.140000000018
140.14,3,2,135.050003051758,0,140.140000000018
140.15,3,2,135.059997558594,0,140.150000000018
140.16,3,2,135.080001831055,0,140.170000000017
140.17,3,2,135.089996337891,0,140.180000000017
140.18,3,2,135.100006103516,0,140.190000000017
140.19,3,2,135.110000610352,0,140.200000000017
140.2,3,2,135.110000610352,0,140.200000000017
140.21,3,2,135.119995117188,0,140.210000000017
140.22,3,2,135.139999389648,0,140.230000000017
140.23,3,2,135.149993896484,0,140.240000000017
140.24,3,2,135.160003662109,0,140.250000000017
140.25,3,2,135.169998168945,0,140.260000000017
140.26,3,2,135.179992675781,0,140.270000000017
140.27,3,2,135.179992675781,0,140.270000000017
140.28,3,2,135.199996948242,0,140.290000000017
140.29,3,2,135.210006713867,0,140.300000000017
140.3,3,2,135.220001220703,0,140.310000000017
140.31,3,2,135.229995727539,0,140.320000000017
140.32,3,2,135.240005493164,0,140.330000000017
140.33,3,2,135.240005493164,0,140.330000000017
140.34,3,2,135.259994506836,0,140.350000000017
140.35,3,2,135.270004272461,0,140.360000000017
140.36,3,2,135.279998779297,0,140.370000000017
140.37,3,2,135.289993286133,0,140.380000000017
140.38,3,2,135.300003051758,0,140.390000000017
140.39,3,2,135.300003051758,0,140.390000000017
140.4,3,2,135.309997558594,0,140.400000000017
140.41,3,2,135.330001831055,0,140.420000000017
140.42,3,2,135.339996337891,0,140.430000000017
140.43,3,2,135.350006103516,0,140.440000000017
140.44,3,2,135.360000610352,0,140.450000000017
140.45,3,2,135.360000610352,0,140.450000000017
140.46,3,2,135.369995117188,0,140.460000000017
140.47,3,2,135.389999389648,0,140.480000000017
140.48,3,2,135.399993896484,0,140.490000000017
140.49,3,2,135.410003662109,0,140.500000000017
140.5,3,2,135.419998168945,0,140.510000000017
140.51,3,2,135.429992675781,0,140.520000000017
140.52,3,2,135.429992675781,0,140.520000000017
140.53,3,2,135.449996948242,0,140.540000000017
140.54,3,2,135.460006713867,0,140.550000000017
140.55,3,2,135.470001220703,0,140.560000000017
140.56,3,2,135.479995727539,0,140.570000000017
140.57,3,2,135.490005493164,0,140.580000000017
140.58,3,2,135.490005493164,0,140.580000000017
140.59,3,2,135.509994506836,0,140.600000000017
140.6,3,2,135.520004272461,0,140.610000000017
140.61,3,2,135.529998779297,0,140.620000000017
140.62,3,2,135.539993286133,0,140.630000000017
140.63,3,2,135.550003051758,0,140.640000000017
140.64,3,2,135.550003051758,0,140.640000000017
140.65,3,2,135.559997558594,0,140.650000000017
140.66,3,2,135.580001831055,0,140.670000000017
140.67,3,2,135.589996337891,0,140.680000000017
140.68,3,2,135.600006103516,0,140.690000000017
140.69,3,2,135.610000610352,0,140.700000000017
140.7,3,2,135.610000610352,0,140.700000000017
140.71,3,2,135.619995117188,0,140.710000000017
140.72,3,2,135.639999389648,0,140.730000000017
140.73,3,2,135.649993896484,0,140.740000000017
140.74,3,2,135.660003662109,0,140.750000000017
140.75,3,2,135.669998168945,0,140.760000000017
140.76,3,2,135.679992675781,0,140.770000000017
140.77,3,2,135.679992675781,0,140.770000000017
140.78,3,2,135.699996948242,0,140.790000000017
140.79,3,2,135.710006713867,0,140.800000000017
140.8,3,2,135.720001220703,0,140.810000000017
140.81,3,2,135.729995727539,0,140.820000000017
140.82,3,2,135.740005493164,0,140.830000000017
140.83,3,2,135.740005493164,0,140.830000000017
140.84,3,2,135.759994506836,0,140.850000000017
140.85,3,2,135.770004272461,0,140.860000000017
140.86,3,2,135.779998779297,0,140.870000000017
140.87,3,2,135.789993286133,0,140.880000000017
140.88,3,2,135.800003051758,0,140.890000000017
140.89,3,2,135.800003051758,0,140.890000000017
140.9,3,2,135.809997558594,0,140.900000000017
140.91,3,2,135.830001831055,0,140.920000000017
140.92,3,2,135.839996337891,0,140.930000000017
140.93,3,2,135.850006103516,0,140.940000000017
140.94,3,2,135.860000610352,0,140.950000000017
140.95,3,2,135.860000610352,0,140.950000000017
140.96,3,2,135.869995117188,0,140.960000000017
140.97,3,2,135.889999389648,0,140.980000000017
140.98,3,2,135.899993896484,0,140.990000000017
140.99,3,2,135.910003662109,0,141.000000000017
141,3,2,135.919998168945,0,141.010000000017
141.01,3,2,135.929992675781,0,141.020000000017
141.02,3,2,135.929992675781,0,141.020000000017
141.03,3,2,135.949996948242,0,141.040000000017
141.04,3,2,135.960006713867,0,141.050000000017
141.05,3,2,135.970001220703,0,141.060000000017
141.06,3,2,135.979995727539,0,141.070000000017
141.07,3,2,135.990005493164,0,141.080000000017
141.08,3,2,135.990005493164,0,141.080000000017
141.09,3,2,136.009994506836,0,141.100000000017
141.1,3,2,136.020004272461,0,141.110000000017
141.11,3,2,136.029998779297,0,141.120000000017
141.12,3,2,136.039993286133,0,141.130000000017
141.13,3,2,136.050003051758,0,141.140000000017
141.14,3,2,136.050003051758,0,141.140000000017
141.15,3,2,136.059997558594,0,141.150000000017
141.16,3,2,136.080001831055,0,141.170000000017
141.17,3,2,136.089996337891,0,141.180000000017
141.18,3,2,136.100006103516,0,141.190000000017
141.19,3,2,136.110000610352,0,141.200000000017
141.2,3,2,136.110000610352,0,141.200000000017
141.21,3,2,136.119995117188,0,141.210000000017
141.22,3,2,136.139999389648,0,141.230000000017
141.23,3,2,136.149993896484,0,141.240000000017
141.24,3,2,136.160003662109,0,141.250000000017
141.25,3,2,136.169998168945,0,141.260000000017
141.26,3,2,136.179992675781,0,141.270000000016
141.27,3,2,136.179992675781,0,141.270000000016
141.28,3,2,136.199996948242,0,141.290000000016
141.29,3,2,136.210006713867,0,141.300000000016
141.3,3,2,136.220001220703,0,141.310000000016
141.31,3,2,136.229995727539,0,141.320000000016
141.32,3,2,136.240005493164,0,141.330000000016
141.33,3,2,136.240005493164,0,141.330000000016
141.34,3,2,136.259994506836,0,141.350000000016
141.35,3,2,136.270004272461,0,141.360000000016
141.36,3,2,136.279998779297,0,141.370000000016
141.37,3,2,136.289993286133,0,141.380000000016
141.38,3,2,136.300003051758,0,141.390000000016
141.39,3,2,136.300003051758,0,141.390000000016
141.4,3,2,136.309997558594,0,141.400000000016
141.41,3,2,136.330001831055,0,141.420000000016
141.42,3,2,136.339996337891,0,141.430000000016
141.43,3,2,136.350006103516,0,141.440000000016
141.44,3,2,136.360000610352,0,141.450000000016
141.45,3,2,136.360000610352,0,141.450000000016
141.46,3,2,136.369995117188,0,141.460000000016
141.47,3,2,136.389999389648,0,141.480000000016
141.48,3,2,136.399993896484,0,141.490000000016
141.49,3,2,136.410003662109,0,141.500000000016
141.5,3,2,136.419998168945,0,141.510000000016
141.51,3,2,136.429992675781,0,141.520000000016
141.52,3,2,136.429992675781,0,141.520000000016
141.53,3,2,136.449996948242,0,141.540000000016
141.54,3,2,136.460006713867,0,141.550000000016
141.55,3,2,136.470001220703,0,141.560000000016
141.56,3,2,136.479995727539,0,141.570000000016
141.57,3,2,136.490005493164,0,141.580000000016
141.58,3,2,136.490005493164,0,141.580000000016
141.59,3,2,136.509994506836,0,141.600000000016
141.6,3,2,136.520004272461,0,141.610000000016
141.61,3,2,136.529998779297,0,141.620000000016
141.62,3,2,136.539993286133,0,141.630000000016
141.63,3,2,136.550003051758,0,141.640000000016
141.64,3,2,136.550003051758,0,141.640000000016
141.65,3,2,136.559997558594,0,141.650000000016
141.66,3,2,136.580001831055,0,141.670000000016
141.67,3,2,136.589996337891,0,141.680000000016
141.68,3,2,136.600006103516,0,141.690000000016
141.69,3,2,136.610000610352,0,141.700000000016
141.7,3,2,136.610000610352,0,141.700000000016
141.71,3,2,136.619995117188,0,141.710000000016
141.72,3,2,136.639999389648,0,141.730000000016
141.73,3,2,136.649993896484,0,141.740000000016
141.74,3,2,136.660003662109,0,141.750000000016
141.75,3,2,136.669998168945,0,141.760000000016
141.76,3,2,136.679992675781,0,141.770000000016
141.77,3,2,136.679992675781,0,141.770000000016
141.78,3,2,136.699996948242,0,141.790000000016
141.79,3,2,136.710006713867,0,141.800000000016
141.8,3,2,136.720001220703,0,141.810000000016
141.81,3,2,136.729995727539,0,141.820000000016
141.82,3,2,136.740005493164,0,141.830000000016
141.83,3,2,136.740005493164,0,141.830000000016
141.84,3,2,136.759994506836,0,141.850000000016
141.85,3,2,136.770004272461,0,141.860000000016
141.86,3,2,136.779998779297,0,141.870000000016
141.87,3,2,136.789993286133,0,141.880000000016
141.88,3,2,136.800003051758,0,141.890000000016
141.89,3,2,136.800003051758,0,141.890000000016
141.9,3,2,136.820007324219,0,141.910000000016
141.91,3,2,136.830001831055,0,141.920000000016
141.92,3,2,136.839996337891,0,141.930000000016
141.93,3,2,136.850006103516,0,141.940000000016
141.94,3,2,136.860000610352,0,141.950000000016
141.95,3,2,136.860000610352,0,141.950000000016
141.96,3,2,136.869995117188,0,141.960000000016
141.97,3,2,136.889999389648,0,141.980000000016
141.98,3,2,136.899993896484,0,141.990000000016
141.99,3,2,136.910003662109,0,142.000000000016
142,3,2,136.919998168945,0,142.010000000016
142.01,3,2,136.929992675781,0,142.020000000016
142.02,3,2,136.929992675781,0,142.020000000016
142.03,3,2,136.949996948242,0,142.040000000016
142.04,3,2,136.960006713867,0,142.050000000016
142.05,3,2,136.970001220703,0,142.060000000016
142.06,3,2,136.979995727539,0,142.070000000016
142.07,3,2,136.990005493164,0,142.080000000016
142.08,3,2,136.990005493164,0,142.080000000016
142.09,3,2,137.009994506836,0,142.100000000016
142.1,3,2,137.020004272461,0,142.110000000016
142.11,3,2,137.029998779297,0,142.120000000016
142.12,3,2,137.039993286133,0,142.130000000016
142.13,3,2,137.050003051758,0,142.140000000016
142.14,3,2,137.050003051758,0,142.140000000016
142.15,3,2,137.070007324219,0,142.160000000016
142.16,3,2,137.080001831055,0,142.170000000016
142.17,3,2,137.089996337891,0,142.180000000016
142.18,3,2,137.100006103516,0,142.190000000016
142.19,3,2,137.110000610352,0,142.200000000016
142.2,3,2,137.110000610352,0,142.200000000016
142.21,3,2,137.119995117188,0,142.210000000016
142.22,3,2,137.139999389648,0,142.230000000016
142.23,3,2,137.149993896484,0,142.240000000016
142.24,3,2,137.160003662109,0,142.250000000016
142.25,3,2,137.169998168945,0,142.260000000016
142.26,3,2,137.179992675781,0,142.270000000016
142.27,3,2,137.179992675781,0,142.270000000016
142.28,3,2,137.199996948242,0,142.290000000016
142.29,3,2,137.210006713867,0,142.300000000016
142.3,3,2,137.220001220703,0,142.310000000016
142.31,3,2,137.229995727539,0,142.320000000016
142.32,3,2,137.240005493164,0,142.330000000016
142.33,3,2,137.240005493164,0,142.330000000016
142.34,3,2,137.259994506836,0,142.350000000016
142.35,3,2,137.270004272461,0,142.360000000016
142.36,3,2,137.279998779297,0,142.370000000015
142.37,3,2,137.289993286133,0,142.380000000015
142.38,3,2,137.300003051758,0,142.390000000015
142.39,3,2,137.300003051758,0,142.390000000015
142.4,3,2,137.320007324219,0,142.410000000015
142.41,3,2,137.330001831055,0,142.420000000015
142.42,3,2,137.339996337891,0,142.430000000015
142.43,3,2,137.350006103516,0,142.440000000015
142.44,3,2,137.360000610352,0,142.450000000015
142.45,3,2,137.360000610352,0,142.450000000015
142.46,3,2,137.369995117188,0,142.460000000015
142.47,3,2,137.389999389648,0,142.480000000015
142.48,3,2,137.399993896484,0,142.490000000015
142.49,3,2,137.410003662109,0,142.500000000015
142.5,3,2,137.419998168945,0,142.510000000015
142.51,3,2,137.429992675781,0,142.520000000015
142.52,3,2,137.429992675781,0,142.520000000015
142.53,3,2,137.449996948242,0,142.540000000015
142.54,3,2,137.460006713867,0,142.550000000015
142.55,3,2,137.470001220703,0,142.560000000015
142.56,3,2,137.479995727539,0,142.570000000015
142.57,3,2,137.490005493164,0,142.580000000015
142.58,3,2,137.490005493164,0,142.580000000015
142.59,3,2,137.509994506836,0,142.600000000015
142.6,3,2,137.520004272461,0,142.610000000015
142.61,3,2,137.529998779297,0,142.620000000015
142.62,3,2,137.539993286133,0,142.630000000015
142.63,3,2,137.550003051758,0,142.640000000015
142.64,3,2,137.550003051758,0,142.640000000015
142.65,3,2,137.570007324219,0,142.660000000015
142.66,3,2,137.580001831055,0,142.670000000015
142.67,3,2,137.589996337891,0,142.680000000015
142.68,3,2,137.600006103516,0,142.690000000015
142.69,3,2,137.610000610352,0,142.700000000015
142.7,3,2,137.610000610352,0,142.700000000015
142.71,3,2,137.619995117188,0,142.710000000015
142.72,3,2,137.639999389648,0,142.730000000015
142.73,3,2,137.649993896484,0,142.740000000015
142.74,3,2,137.660003662109,0,142.750000000015
142.75,3,2,137.669998168945,0,142.760000000015
142.76,3,2,137.679992675781,0,142.770000000015
142.77,3,2,137.679992675781,0,142.770000000015
142.78,3,2,137.699996948242,0,142.790000000015
142.79,3,2,137.710006713867,0,142.800000000015
142.8,3,2,137.720001220703,0,142.810000000015
142.81,3,2,137.729995727539,0,142.820000000015
142.82,3,2,137.740005493164,0,142.830000000015
142.83,3,2,137.740005493164,0,142.830000000015
142.84,3,2,137.759994506836,0,142.850000000015
142.85,3,2,137.770004272461,0,142.860000000015
142.86,3,2,137.779998779297,0,142.870000000015
142.87,3,2,137.789993286133,0,142.880000000015
142.88,3,2,137.800003051758,0,142.890000000015
142.89,3,2,137.800003051758,0,142.890000000015
142.9,3,2,137.820007324219,0,142.910000000015
142.91,3,2,137.830001831055,0,142.920000000015
142.92,3,2,137.839996337891,0,142.930000000015
142.93,3,2,137.850006103516,0,142.940000000015
142.94,3,2,137.860000610352,0,142.950000000015
142.95,3,2,137.860000610352,0,142.950000000015
142.96,3,2,137.869995117188,0,142.960000000015
142.97,3,2,137.889999389648,0,142.980000000015
142.98,3,2,137.899993896484,0,142.990000000015
142.99,3,2,137.910003662109,0,143.000000000015
143,3,2,137.919998168945,0,143.010000000015
143.01,3,2,137.929992675781,0,143.020000000015
143.02,3,2,137.929992675781,0,143.020000000015
143.03,3,2,137.949996948242,0,143.040000000015
143.04,3,2,137.960006713867,0,143.050000000015
143.05,3,2,137.970001220703,0,143.060000000015
143.06,3,2,137.979995727539,0,143.070000000015
143.07,3,2,137.990005493164,0,143.080000000015
143.08,3,2,137.990005493164,0,143.080000000015
143.09,3,2,138.009994506836,0,143.100000000015
143.1,3,2,138.020004272461,0,143.110000000015
143.11,3,2,138.029998779297,0,143.120000000015
143.12,3,2,138.039993286133,0,143.130000000015
143.13,3,2,138.050003051758,0,143.140000000015
143.14,3,2,138.050003051758,0,143.140000000015
143.15,3,2,138.070007324219,0,143.160000000015
143.16,3,2,138.080001831055,0,143.170000000015
143.17,3,2,138.089996337891,0,143.180000000015
143.18,3,2,138.100006103516,0,143.190000000015
143.19,3,2,138.110000610352,0,143.200000000015
143.2,3,2,138.110000610352,0,143.200000000015
143.21,3,2,138.119995117188,0,143.210000000015
143.22,3,2,138.139999389648,0,143.230000000015
143.23,3,2,138.149993896484,0,143.240000000015
143.24,3,2,138.160003662109,0,143.250000000015
143.25,3,2,138.169998168945,0,143.260000000015
143.26,3,2,138.179992675781,0,143.270000000015
143.27,3,2,138.179992675781,0,143.270000000015
143.28,3,2,138.199996948242,0,143.290000000015
143.29,3,2,138.210006713867,0,143.300000000015
143.3,3,2,138.220001220703,0,143.310000000015
143.31,3,2,138.229995727539,0,143.320000000015
143.32,3,2,138.240005493164,0,143.330000000015
143.33,3,2,138.240005493164,0,143.330000000015
143.34,3,2,138.259994506836,0,143.350000000015
143.35,3,2,138.270004272461,0,143.360000000015
143.36,3,2,138.279998779297,0,143.370000000015
143.37,3,2,138.289993286133,0,143.380000000015
143.38,3,2,138.300003051758,0,143.390000000015
143.39,3,2,138.300003051758,0,143.390000000015
143.4,3,2,138.320007324219,0,143.410000000015
143.41,3,2,138.330001831055,0,143.420000000015
143.42,3,2,138.339996337891,0,143.430000000015
143.43,3,2,138.350006103516,0,143.440000000015
143.44,3,2,138.360000610352,0,143.450000000015
143.45,3,2,138.360000610352,0,143.450000000015
143.46,3,2,138.369995117188,0,143.460000000015
143.47,3,2,138.389999389648,0,143.480000000014
143.48,3,2,138.399993896484,0,143.490000000014
143.49,3,2,138.410003662109,0,143.500000000014
143.5,3,2,138.419998168945,0,143.510000000014
143.51,3,2,138.429992675781,0,143.520000000014
143.52,3,2,138.429992675781,0,143.520000000014
143.53,3,2,138.449996948242,0,143.540000000014
143.54,3,2,138.460006713867,0,143.550000000014
143.55,3,2,138.470001220703,0,143.560000000014
143.56,3,2,138.479995727539,0,143.570000000014
143.57,3,2,138.490005493164,0,143.580000000014
143.58,3,2,138.490005493164,0,143.580000000014
143.59,3,2,138.509994506836,0,143.600000000014
143.6,3,2,138.520004272461,0,143.610000000014
143.61,3,2,138.529998779297,0,143.620000000014
143.62,3,2,138.539993286133,0,143.630000000014
143.63,3,2,138.550003051758,0,143.640000000014
143.64,3,2,138.550003051758,0,143.640000000014
143.65,3,2,138.570007324219,0,143.660000000014
143.66,3,2,138.580001831055,0,143.670000000014
143.67,3,2,138.589996337891,0,143.680000000014
143.68,3,2,138.600006103516,0,143.690000000014
143.69,3,2,138.610000610352,0,143.700000000014
143.7,3,2,138.610000610352,0,143.700000000014
143.71,3,2,138.619995117188,0,143.710000000014
143.72,3,2,138.639999389648,0,143.730000000014
143.73,3,2,138.649993896484,0,143.740000000014
143.74,3,2,138.660003662109,0,143.750000000014
143.75,3,2,138.669998168945,0,143.760000000014
143.76,3,2,138.679992675781,0,143.770000000014
143.77,3,2,138.679992675781,0,143.770000000014
143.78,3,2,138.699996948242,0,143.790000000014
143.79,3,2,138.710006713867,0,143.800000000014
143.8,3,2,138.720001220703,0,143.810000000014
143.81,3,2,138.729995727539,0,143.820000000014
143.82,3,2,138.740005493164,0,143.830000000014
143.83,3,2,138.740005493164,0,143.830000000014
143.84,3,2,138.759994506836,0,143.850000000014
143.85,3,2,138.770004272461,0,143.860000000014
143.86,3,2,138.779998779297,0,143.870000000014
143.87,3,2,138.789993286133,0,143.880000000014
143.88,3,2,138.800003051758,0,143.890000000014
143.89,3,2,138.800003051758,0,143.890000000014
143.9,3,2,138.820007324219,0,143.910000000014
143.91,3,2,138.830001831055,0,143.920000000014
143.92,3,2,138.839996337891,0,143.930000000014
143.93,3,2,138.850006103516,0,143.940000000014
143.94,3,2,138.860000610352,0,143.950000000014
143.95,3,2,138.860000610352,0,143.950000000014
143.96,3,2,138.869995117188,0,143.960000000014
143.97,3,2,138.889999389648,0,143.980000000014
143.98,3,2,138.899993896484,0,143.990000000014
143.99,3,2,138.910003662109,0,144.000000000014
144,3,2,138.919998168945,0,144.010000000014
144.01,3,2,138.929992675781,0,144.020000000014
144.02,3,2,138.929992675781,0,144.020000000014
144.03,3,2,138.949996948242,0,144.040000000014
144.04,3,2,138.960006713867,0,144.050000000014
144.05,3,2,138.970001220703,0,144.060000000014
144.06,3,2,138.979995727539,0,144.070000000014
144.07,3,2,138.990005493164,0,144.080000000014
144.08,3,2,138.990005493164,0,144.080000000014
144.09,3,2,139.009994506836,0,144.100000000014
144.1,3,2,139.020004272461,0,144.110000000014
144.11,3,2,139.029998779297,0,144.120000000014
144.12,3,2,139.039993286133,0,144.130000000014
144.13,3,2,139.050003051758,0,144.140000000014
144.14,3,2,139.050003051758,0,144.140000000014
144.15,3,2,139.070007324219,0,144.160000000014
144.16,3,2,139.080001831055,0,144.170000000014
144.17,3,2,139.089996337891,0,144.180000000014
144.18,3,2,139.100006103516,0,144.190000000014
144.19,3,2,139.110000610352,0,144.200000000014
144.2,3,2,139.110000610352,0,144.200000000014
144.21,3,2,139.119995117188,0,144.210000000014
144.22,3,2,139.139999389648,0,144.230000000014
144.23,3,2,139.149993896484,0,144.240000000014
144.24,3,2,139.160003662109,0,144.250000000014
144.25,3,2,139.169998168945,0,144.260000000014
144.26,3,2,139.179992675781,0,144.270000000014
144.27,3,2,139.179992675781,0,144.270000000014
144.28,3,2,139.199996948242,0,144.290000000014
144.29,3,2,139.210006713867,0,144.300000000014
144.3,3,2,139.220001220703,0,144.310000000014
144.31,3,2,139.229995727539,0,144.320000000014
144.32,3,2,139.240005493164,0,144.330000000014
144.33,3,2,139.240005493164,0,144.330000000014
144.34,3,2,139.259994506836,0,144.350000000014
144.35,3,2,139.270004272461,0,144.360000000014
144.36,3,2,139.279998779297,0,144.370000000014
144.37,3,2,139.289993286133,0,144.380000000014
144.38,3,2,139.300003051758,0,144.390000000014
144.39,3,2,139.300003051758,0,144.390000000014
144.4,3,2,139.320007324219,0,144.410000000014
144.41,3,2,139.330001831055,0,144.420000000014
144.42,3,2,139.339996337891,0,144.430000000014
144.43,3,2,139.350006103516,0,144.440000000014
144.44,3,2,139.360000610352,0,144.450000000014
144.45,3,2,139.360000610352,0,144.450000000014
144.46,3,2,139.369995117188,0,144.460000000014
144.47,3,2,139.389999389648,0,144.480000000014
144.48,3,2,139.399993896484,0,144.490000000014
144.49,3,2,139.410003662109,0,144.500000000014
144.5,3,2,139.419998168945,0,144.510000000014
144.51,3,2,139.429992675781,0,144.520000000014
144.52,3,2,139.429992675781,0,144.520000000014
144.53,3,2,139.449996948242,0,144.540000000014
144.54,3,2,139.460006713867,0,144.550000000014
144.55,3,2,139.470001220703,0,144.560000000014
144.56,3,2,139.479995727539,0,144.570000000013
144.57,3,2,139.490005493164,0,144.580000000013
144.58,3,2,139.490005493164,0,144.580000000013
144.59,3,2,139.509994506836,0,144.600000000013
144.6,3,2,139.520004272461,0,144.610000000013
144.61,3,2,139.529998779297,0,144.620000000013
144.62,3,2,139.539993286133,0,144.630000000013
144.63,3,2,139.550003051758,0,144.640000000013
144.64,3,2,139.550003051758,0,144.640000000013
144.65,3,2,139.570007324219,0,144.660000000013
144.66,3,2,139.580001831055,0,144.670000000013
144.67,3,2,139.589996337891,0,144.680000000013
144.68,3,2,139.600006103516,0,144.690000000013
144.69,3,2,139.610000610352,0,144.700000000013
144.7,3,2,139.610000610352,0,144.700000000013
144.71,3,2,139.619995117188,0,144.710000000013
144.72,3,2,139.639999389648,0,144.730000000013
144.73,3,2,139.649993896484,0,144.740000000013
144.74,3,2,139.660003662109,0,144.750000000013
144.75,3,2,139.669998168945,0,144.760000000013
144.76,3,2,139.679992675781,0,144.770000000013
144.77,3,2,139.679992675781,0,144.770000000013
144.78,3,2,139.699996948242,0,144.790000000013
144.79,3,2,139.710006713867,0,144.800000000013
144.8,3,2,139.720001220703,0,144.810000000013
144.81,3,2,139.729995727539,0,144.820000000013
144.82,3,2,139.740005493164,0,144.830000000013
144.83,3,2,139.740005493164,0,144.830000000013
144.84,3,2,139.759994506836,0,144.850000000013
144.85,3,2,139.770004272461,0,144.860000000013
144.86,3,2,139.779998779297,0,144.870000000013
144.87,3,2,139.789993286133,0,144.880000000013
144.88,3,2,139.800003051758,0,144.890000000013
144.89,3,2,139.800003051758,0,144.890000000013
144.9,3,2,139.820007324219,0,144.910000000013
144.91,3,2,139.830001831055,0,144.920000000013
144.92,3,2,139.839996337891,0,144.930000000013
144.93,3,2,139.850006103516,0,144.940000000013
144.94,3,2,139.860000610352,0,144.950000000013
144.95,3,2,139.860000610352,0,144.950000000013
144.96,3,2,139.869995117188,0,144.960000000013
144.97,3,2,139.889999389648,0,144.980000000013
144.98,3,2,139.899993896484,0,144.990000000013
144.99,3,2,139.910003662109,0,145.000000000013
145,3,2,139.919998168945,0,145.010000000013
145.01,3,2,139.929992675781,0,145.020000000013
145.02,3,2,139.929992675781,0,145.020000000013
145.03,3,2,139.949996948242,0,145.040000000013
145.04,3,2,139.960006713867,0,145.050000000013
145.05,3,2,139.970001220703,0,145.060000000013
145.06,3,2,139.979995727539,0,145.070000000013
145.07,3,2,139.990005493164,0,145.080000000013
145.08,3,2,139.990005493164,0,145.080000000013
145.09,3,2,140.009994506836,0,145.100000000013
145.1,3,2,140.020004272461,0,145.110000000013
145.11,3,2,140.029998779297,0,145.120000000013
145.12,3,2,140.039993286133,0,145.130000000013
145.13,3,2,140.050003051758,0,145.140000000013
145.14,3,2,140.050003051758,0,145.140000000013
145.15,3,2,140.070007324219,0,145.160000000013
145.16,3,2,140.080001831055,0,145.170000000013
145.17,3,2,140.089996337891,0,145.180000000013
145.18,3,2,140.100006103516,0,145.190000000013
145.19,3,2,140.110000610352,0,145.200000000013
145.2,3,2,140.110000610352,0,145.200000000013
145.21,3,2,140.119995117188,0,145.210000000013
145.22,3,2,140.139999389648,0,145.230000000013
145.23,3,2,140.149993896484,0,145.240000000013
145.24,3,2,140.160003662109,0,145.250000000013
145.25,3,2,140.169998168945,0,145.260000000013
145.26,3,2,140.179992675781,0,145.270000000013
145.27,3,2,140.179992675781,0,145.270000000013
145.28,3,2,140.199996948242,0,145.290000000013
145.29,3,2,140.210006713867,0,145.300000000013
145.3,3,2,140.220001220703,0,145.310000000013
145.31,3,2,140.229995727539,0,145.320000000013
145.32,3,2,140.240005493164,0,145.330000000013
145.33,3,2,140.240005493164,0,145.330000000013
145.34,3,2,140.259994506836,0,145.350000000013
145.35,3,2,140.270004272461,0,145.360000000013
145.36,3,2,140.279998779297,0,145.370000000013
145.37,3,2,140.289993286133,0,145.380000000013
145.38,3,2,140.300003051758,0,145.390000000013
145.39,3,2,140.300003051758,0,145.390000000013
145.4,3,2,140.320007324219,0,145.410000000013
145.41,3,2,140.330001831055,0,145.420000000013
145.42,3,2,140.339996337891,0,145.430000000013
145.43,3,2,140.350006103516,0,145.440000000013
145.44,3,2,140.360000610352,0,145.450000000013
145.45,3,2,140.360000610352,0,145.450000000013
145.46,3,2,140.369995117188,0,145.460000000013
145.47,3,2,140.389999389648,0,145.480000000013
145.48,3,2,140.399993896484,0,145.490000000013
145.49,3,2,140.410003662109,0,145.500000000013
145.5,3,2,140.419998168945,0,145.510000000013
145.51,3,2,140.429992675781,0,145.520000000013
145.52,3,2,140.429992675781,0,145.520000000013
145.53,3,2,140.449996948242,0,145.540000000013
145.54,3,2,140.460006713867,0,145.550000000013
145.55,3,2,140.470001220703,0,145.560000000013
145.56,3,2,140.479995727539,0,145.570000000013
145.57,3,2,140.490005493164,0,145.580000000013
145.58,3,2,140.490005493164,0,145.580000000013
145.59,3,2,140.509994506836,0,145.600000000013
145.6,3,2,140.520004272461,0,145.610000000013
145.61,3,2,140.529998779297,0,145.620000000013
145.62,3,2,140.539993286133,0,145.630000000013
145.63,3,2,140.550003051758,0,145.640000000013
145.64,3,2,140.550003051758,0,145.640000000013
145.65,3,2,140.570007324219,0,145.660000000013
145.66,3,2,140.580001831055,0,145.670000000012
145.67,3,2,140.589996337891,0,145.680000000012
145.68,3,2,140.600006103516,0,145.690000000012
145.69,3,2,140.610000610352,0,145.700000000012
145.7,3,2,140.610000610352,0,145.700000000012
145.71,3,2,140.619995117188,0,145.710000000012
145.72,3,2,140.639999389648,0,145.730000000012
145.73,3,2,140.649993896484,0,145.740000000012
145.74,3,2,140.660003662109,0,145.750000000012
145.75,3,2,140.669998168945,0,145.760000000012
145.76,3,2,140.679992675781,0,145.770000000012
145.77,3,2,140.679992675781,0,145.770000000012
145.78,3,2,140.699996948242,0,145.790000000012
145.79,3,2,140.710006713867,0,145.800000000012
145.8,3,2,140.720001220703,0,145.810000000012
145.81,3,2,140.729995727539,0,145.820000000012
145.82,3,2,140.740005493164,0,145.830000000012
145.83,3,2,140.740005493164,0,145.830000000012
145.84,3,2,140.759994506836,0,145.850000000012
145.85,3,2,140.770004272461,0,145.860000000012
145.86,3,2,140.779998779297,0,145.870000000012
145.87,3,2,140.789993286133,0,145.880000000012
145.88,3,2,140.800003051758,0,145.890000000012
145.89,3,2,140.800003051758,0,145.890000000012
145.9,3,2,140.820007324219,0,145.910000000012
145.91,3,2,140.830001831055,0,145.920000000012
145.92,3,2,140.839996337891,0,145.930000000012
145.93,3,2,140.850006103516,0,145.940000000012
145.94,3,2,140.860000610352,0,145.950000000012
145.95,3,2,140.860000610352,0,145.950000000012
145.96,3,2,140.869995117188,0,145.960000000012
145.97,3,2,140.889999389648,0,145.980000000012
145.98,3,2,140.899993896484,0,145.990000000012
145.99,3,2,140.910003662109,0,146.000000000012
146,3,2,140.919998168945,0,146.010000000012
146.01,3,2,140.929992675781,0,146.020000000012
146.02,3,2,140.929992675781,0,146.020000000012
146.03,3,2,140.949996948242,0,146.040000000012
146.04,3,2,140.960006713867,0,146.050000000012
146.05,3,2,140.970001220703,0,146.060000000012
146.06,3,2,140.979995727539,0,146.070000000012
146.07,3,2,140.990005493164,0,146.080000000012
146.08,3,2,140.990005493164,0,146.080000000012
146.09,3,2,141.009994506836,0,146.100000000012
146.1,3,2,141.020004272461,0,146.110000000012
146.11,3,2,141.029998779297,0,146.120000000012
146.12,3,2,141.039993286133,0,146.130000000012
146.13,3,2,141.050003051758,0,146.140000000012
146.14,3,2,141.050003051758,0,146.140000000012
146.15,3,2,141.070007324219,0,146.160000000012
146.16,3,2,141.080001831055,0,146.170000000012
146.17,3,2,141.089996337891,0,146.180000000012
146.18,3,2,141.100006103516,0,146.190000000012
146.19,3,2,141.110000610352,0,146.200000000012
146.2,3,2,141.110000610352,0,146.200000000012
146.21,3,2,141.130004882812,0,146.220000000012
146.22,3,2,141.139999389648,0,146.230000000012
146.23,3,2,141.149993896484,0,146.240000000012
146.24,3,2,141.160003662109,0,146.250000000012
146.25,3,2,141.169998168945,0,146.260000000012
146.26,3,2,141.179992675781,0,146.270000000012
146.27,3,2,141.179992675781,0,146.270000000012
146.28,3,2,141.199996948242,0,146.290000000012
146.29,3,2,141.210006713867,0,146.300000000012
146.3,3,2,141.220001220703,0,146.310000000012
146.31,3,2,141.229995727539,0,146.320000000012
146.32,3,2,141.240005493164,0,146.330000000012
146.33,3,2,141.240005493164,0,146.330000000012
146.34,3,2,141.259994506836,0,146.350000000012
146.35,3,2,141.270004272461,0,146.360000000012
146.36,3,2,141.279998779297,0,146.370000000012
146.37,3,2,141.289993286133,0,146.380000000012
146.38,3,2,141.300003051758,0,146.390000000012
146.39,3,2,141.300003051758,0,146.390000000012
146.4,3,2,141.320007324219,0,146.410000000012
146.41,3,2,141.330001831055,0,146.420000000012
146.42,3,2,141.339996337891,0,146.430000000012
146.43,3,2,141.350006103516,0,146.440000000012
146.44,3,2,141.360000610352,0,146.450000000012
146.45,3,2,141.360000610352,0,146.450000000012
146.46,3,2,141.380004882812,0,146.470000000012
146.47,3,2,141.389999389648,0,146.480000000012
146.48,3,2,141.399993896484,0,146.490000000012
146.49,3,2,141.410003662109,0,146.500000000012
146.5,3,2,141.419998168945,0,146.510000000012
146.51,3,2,141.429992675781,0,146.520000000012
146.52,3,2,141.429992675781,0,146.520000000012
146.53,3,2,141.449996948242,0,146.540000000012
146.54,3,2,141.460006713867,0,146.550000000012
146.55,3,2,141.470001220703,0,146.560000000012
146.56,3,2,141.479995727539,0,146.570000000012
146.57,3,2,141.490005493164,0,146.580000000012
146.58,3,2,141.490005493164,0,146.580000000012
146.59,3,2,141.509994506836,0,146.600000000012
146.6,3,2,141.520004272461,0,146.610000000012
146.61,3,2,141.529998779297,0,146.620000000012
146.62,3,2,141.539993286133,0,146.630000000012
146.63,3,2,141.550003051758,0,146.640000000012
146.64,3,2,141.550003051758,0,146.640000000012
146.65,3,2,141.570007324219,0,146.660000000012
146.66,3,2,141.580001831055,0,146.670000000012
146.67,3,2,141.589996337891,0,146.680000000012
146.68,3,2,141.600006103516,0,146.690000000012
146.69,3,2,141.610000610352,0,146.700000000012
146.7,3,2,141.610000610352,0,146.700000000012
146.71,3,2,141.630004882812,0,146.720000000012
146.72,3,2,141.639999389648,0,146.730000000012
146.73,3,2,141.649993896484,0,146.740000000012
146.74,3,2,141.660003662109,0,146.750000000012
146.75,3,2,141.669998168945,0,146.760000000012
146.76,3,2,141.679992675781,0,146.770000000011
146.77,3,2,141.679992675781,0,146.770000000011
146.78,3,2,141.699996948242,0,146.790000000011
146.79,3,2,141.710006713867,0,146.800000000011
146.8,3,2,141.720001220703,0,146.810000000011
146.81,3,2,141.729995727539,0,146.820000000011
146.82,3,2,141.740005493164,0,146.830000000011
146.83,3,2,141.740005493164,0,146.830000000011
146.84,3,2,141.759994506836,0,146.850000000011
146.85,3,2,141.770004272461,0,146.860000000011
146.86,3,2,141.779998779297,0,146.870000000011
146.87,3,2,141.789993286133,0,146.880000000011
146.88,3,2,141.800003051758,0,146.890000000011
146.89,3,2,141.800003051758,0,146.890000000011
146.9,3,2,141.820007324219,0,146.910000000011
146.91,3,2,141.830001831055,0,146.920000000011
146.92,3,2,141.839996337891,0,146.930000000011
146.93,3,2,141.850006103516,0,146.940000000011
146.94,3,2,141.860000610352,0,146.950000000011
146.95,3,2,141.860000610352,0,146.950000000011
146.96,3,2,141.880004882812,0,146.970000000011
146.97,3,2,141.889999389648,0,146.980000000011
146.98,3,2,141.899993896484,0,146.990000000011
146.99,3,2,141.910003662109,0,147.000000000011
147,3,2,141.919998168945,0,147.010000000011
147.01,3,2,141.929992675781,0,147.020000000011
147.02,3,2,141.929992675781,0,147.020000000011
147.03,3,2,141.949996948242,0,147.040000000011
147.04,3,2,141.960006713867,0,147.050000000011
147.05,3,2,141.970001220703,0,147.060000000011
147.06,3,2,141.979995727539,0,147.070000000011
147.07,3,2,141.990005493164,0,147.080000000011
147.08,3,2,141.990005493164,0,147.080000000011
147.09,3,2,142.009994506836,0,147.100000000011
147.1,3,2,142.020004272461,0,147.110000000011
147.11,3,2,142.029998779297,0,147.120000000011
147.12,3,2,142.039993286133,0,147.130000000011
147.13,3,2,142.050003051758,0,147.140000000011
147.14,3,2,142.050003051758,0,147.140000000011
147.15,3,2,142.070007324219,0,147.160000000011
147.16,3,2,142.080001831055,0,147.170000000011
147.17,3,2,142.089996337891,0,147.180000000011
147.18,3,2,142.100006103516,0,147.190000000011
147.19,3,2,142.110000610352,0,147.200000000011
147.2,3,2,142.110000610352,0,147.200000000011
147.21,3,2,142.130004882812,0,147.220000000011
147.22,3,2,142.139999389648,0,147.230000000011
147.23,3,2,142.149993896484,0,147.240000000011
147.24,3,2,142.160003662109,0,147.250000000011
147.25,3,2,142.169998168945,0,147.260000000011
147.26,3,2,142.179992675781,0,147.270000000011
147.27,3,2,142.179992675781,0,147.270000000011
147.28,3,2,142.199996948242,0,147.290000000011
147.29,3,2,142.210006713867,0,147.300000000011
147.3,3,2,142.220001220703,0,147.310000000011
147.31,3,2,142.229995727539,0,147.320000000011
147.32,3,2,142.240005493164,0,147.330000000011
147.33,3,2,142.240005493164,0,147.330000000011
147.34,3,2,142.259994506836,0,147.350000000011
147.35,3,2,142.270004272461,0,147.360000000011
147.36,3,2,142.279998779297,0,147.370000000011
147.37,3,2,142.289993286133,0,147.380000000011
147.38,3,2,142.300003051758,0,147.390000000011
147.39,3,2,142.300003051758,0,147.390000000011
147.4,3,2,142.320007324219,0,147.410000000011
147.41,3,2,142.330001831055,0,147.420000000011
147.42,3,2,142.339996337891,0,147.430000000011
147.43,3,2,142.350006103516,0,147.440000000011
147.44,3,2,142.360000610352,0,147.450000000011
147.45,3,2,142.360000610352,0,147.450000000011
147.46,3,2,142.380004882812,0,147.470000000011
147.47,3,2,142.389999389648,0,147.480000000011
147.48,3,2,142.399993896484,0,147.490000000011
147.49,3,2,142.410003662109,0,147.500000000011
147.5,3,2,142.419998168945,0,147.510000000011
147.51,3,2,142.429992675781,0,147.520000000011
147.52,3,2,142.429992675781,0,147.520000000011
147.53,3,2,142.449996948242,0,147.540000000011
147.54,3,2,142.460006713867,0,147.550000000011
147.55,3,2,142.470001220703,0,147.560000000011
147.56,3,2,142.479995727539,0,147.570000000011
147.57,3,2,142.490005493164,0,147.580000000011
147.58,3,2,142.490005493164,0,147.580000000011
147.59,3,2,142.509994506836,0,147.600000000011
147.6,3,2,142.520004272461,0,147.610000000011
147.61,3,2,142.529998779297,0,147.620000000011
147.62,3,2,142.539993286133,0,147.630000000011
147.63,3,2,142.550003051758,0,147.640000000011
147.64,3,2,142.550003051758,0,147.640000000011
147.65,3,2,142.570007324219,0,147.660000000011
147.66,3,2,142.580001831055,0,147.670000000011
147.67,3,2,142.589996337891,0,147.680000000011
147.68,3,2,142.600006103516,0,147.690000000011
147.69,3,2,142.610000610352,0,147.700000000011
147.7,3,2,142.610000610352,0,147.700000000011
147.71,3,2,142.630004882812,0,147.720000000011
147.72,3,2,142.639999389648,0,147.730000000011
147.73,3,2,142.649993896484,0,147.740000000011
147.74,3,2,142.660003662109,0,147.750000000011
147.75,3,2,142.669998168945,0,147.760000000011
147.76,3,2,142.679992675781,0,147.770000000011
147.77,3,2,142.679992675781,0,147.770000000011
147.78,3,2,142.699996948242,0,147.790000000011
147.79,3,2,142.710006713867,0,147.800000000011
147.8,3,2,142.720001220703,0,147.810000000011
147.81,3,2,142.729995727539,0,147.820000000011
147.82,3,2,142.740005493164,0,147.830000000011
147.83,3,2,142.740005493164,0,147.830000000011
147.84,3,2,142.759994506836,0,147.850000000011
147.85,3,2,142.770004272461,0,147.860000000011
147.86,3,2,142.779998779297,0,147.87000000001
147.87,3,2,142.789993286133,0,147.88000000001
147.88,3,2,142.800003051758,0,147.89000000001
147.89,3,2,142.800003051758,0,147.89000000001
147.9,3,2,142.820007324219,0,147.91000000001
147.91,3,2,142.830001831055,0,147.92000000001
147.92,3,2,142.839996337891,0,147.93000000001
147.93,3,2,142.850006103516,0,147.94000000001
147.94,3,2,142.860000610352,0,147.95000000001
147.95,3,2,142.860000610352,0,147.95000000001
147.96,3,2,142.880004882812,0,147.97000000001
147.97,3,2,142.889999389648,0,147.98000000001
147.98,3,2,142.899993896484,0,147.99000000001
147.99,3,2,142.910003662109,0,148.00000000001
148,3,2,142.919998168945,0,148.01000000001
148.01,3,2,142.929992675781,0,148.02000000001
148.02,3,2,142.929992675781,0,148.02000000001
148.03,3,2,142.949996948242,0,148.04000000001
148.04,3,2,142.960006713867,0,148.05000000001
148.05,3,2,142.970001220703,0,148.06000000001
148.06,3,2,142.979995727539,0,148.07000000001
148.07,3,2,142.990005493164,0,148.08000000001
148.08,3,2,142.990005493164,0,148.08000000001
148.09,3,2,143.009994506836,0,148.10000000001
148.1,3,2,143.020004272461,0,148.11000000001
148.11,3,2,143.029998779297,0,148.12000000001
148.12,3,2,143.039993286133,0,148.13000000001
148.13,3,2,143.050003051758,0,148.14000000001
148.14,3,2,143.050003051758,0,148.14000000001
148.15,3,2,143.070007324219,0,148.16000000001
148.16,3,2,143.080001831055,0,148.17000000001
148.17,3,2,143.089996337891,0,148.18000000001
148.18,3,2,143.100006103516,0,148.19000000001
148.19,3,2,143.110000610352,0,148.20000000001
148.2,3,2,143.110000610352,0,148.20000000001
148.21,3,2,143.130004882812,0,148.22000000001
148.22,3,2,143.139999389648,0,148.23000000001
148.23,3,2,143.149993896484,0,148.24000000001
148.24,3,2,143.160003662109,0,148.25000000001
148.25,3,2,143.169998168945,0,148.26000000001
148.26,3,2,143.179992675781,0,148.27000000001
148.27,3,2,143.179992675781,0,148.27000000001
148.28,3,2,143.199996948242,0,148.29000000001
148.29,3,2,143.210006713867,0,148.30000000001
148.3,3,2,143.220001220703,0,148.31000000001
148.31,3,2,143.229995727539,0,148.32000000001
148.32,3,2,143.240005493164,0,148.33000000001
148.33,3,2,143.240005493164,0,148.33000000001
148.34,3,2,143.259994506836,0,148.35000000001
148.35,3,2,143.270004272461,0,148.36000000001
148.36,3,2,143.279998779297,0,148.37000000001
148.37,3,2,143.289993286133,0,148.38000000001
148.38,3,2,143.300003051758,0,148.39000000001
148.39,3,2,143.300003051758,0,148.39000000001
148.4,3,2,143.320007324219,0,148.41000000001
148.41,3,2,143.330001831055,0,148.42000000001
148.42,3,2,143.339996337891,0,148.43000000001
148.43,3,2,143.350006103516,0,148.44000000001
148.44,3,2,143.360000610352,0,148.45000000001
148.45,3,2,143.360000610352,0,148.45000000001
148.46,3,2,143.380004882812,0,148.47000000001
148.47,3,2,143.389999389648,0,148.48000000001
148.48,3,2,143.399993896484,0,148.49000000001
148.49,3,2,143.410003662109,0,148.50000000001
148.5,3,2,143.419998168945,0,148.51000000001
148.51,3,2,143.429992675781,0,148.52000000001
148.52,3,2,143.429992675781,0,148.52000000001
148.53,3,2,143.449996948242,0,148.54000000001
148.54,3,2,143.460006713867,0,148.55000000001
148.55,3,2,143.470001220703,0,148.56000000001
148.56,3,2,143.479995727539,0,148.57000000001
148.57,3,2,143.490005493164,0,148.58000000001
148.58,3,2,143.490005493164,0,148.58000000001
148.59,3,2,143.509994506836,0,148.60000000001
148.6,3,2,143.520004272461,0,148.61000000001
148.61,3,2,143.529998779297,0,148.62000000001
148.62,3,2,143.539993286133,0,148.63000000001
148.63,3,2,143.550003051758,0,148.64000000001
148.64,3,2,143.550003051758,0,148.64000000001
148.65,3,2,143.570007324219,0,148.66000000001
148.66,3,2,143.580001831055,0,148.67000000001
148.67,3,2,143.589996337891,0,148.68000000001
148.68,3,2,143.600006103516,0,148.69000000001
148.69,3,2,143.610000610352,0,148.70000000001
148.7,3,2,143.610000610352,0,148.70000000001
148.71,3,2,143.630004882812,0,148.72000000001
148.72,3,2,143.639999389648,0,148.73000000001
148.73,3,2,143.649993896484,0,148.74000000001
148.74,3,2,143.660003662109,0,148.75000000001
148.75,3,2,143.669998168945,0,148.76000000001
148.76,3,2,143.679992675781,0,148.77000000001
148.77,3,2,143.679992675781,0,148.77000000001
148.78,3,2,143.699996948242,0,148.79000000001
148.79,3,2,143.710006713867,0,148.80000000001
148.8,3,2,143.720001220703,0,148.81000000001
148.81,3,2,143.729995727539,0,148.82000000001
148.82,3,2,143.740005493164,0,148.83000000001
148.83,3,2,143.740005493164,0,148.83000000001
148.84,3,2,143.759994506836,0,148.85000000001
148.85,3,2,143.770004272461,0,148.86000000001
148.86,3,2,143.779998779297,0,148.87000000001
148.87,3,2,143.789993286133,0,148.88000000001
148.88,3,2,143.800003051758,0,148.89000000001
148.89,3,2,143.800003051758,0,148.89000000001
148.9,3,2,143.820007324219,0,148.91000000001
148.91,3,2,143.830001831055,0,148.92000000001
148.92,3,2,143.839996337891,0,148.93000000001
148.93,3,2,143.850006103516,0,148.94000000001
148.94,3,2,143.860000610352,0,148.95000000001
148.95,3,2,143.860000610352,0,148.95000000001
148.96,3,2,143.880004882812,0,148.970000000009
148.97,3,2,143.889999389648,0,148.980000000009
148.98,3,2,143.899993896484,0,148.990000000009
148.99,3,2,143.910003662109,0,149.000000000009
149,3,2,143.919998168945,0,149.010000000009
149.01,3,2,143.929992675781,0,149.020000000009
149.02,3,2,143.929992675781,0,149.020000000009
149.03,3,2,143.949996948242,0,149.040000000009
149.04,3,2,143.960006713867,0,149.050000000009
149.05,3,2,143.970001220703,0,149.060000000009
149.06,3,2,143.979995727539,0,149.070000000009
149.07,3,2,143.990005493164,0,149.080000000009
149.08,3,2,143.990005493164,0,149.080000000009
149.09,3,2,144.009994506836,0,149.100000000009
149.1,3,2,144.020004272461,0,149.110000000009
149.11,3,2,144.029998779297,0,149.120000000009
149.12,3,2,144.039993286133,0,149.130000000009
149.13,3,2,144.050003051758,0,149.140000000009
149.14,3,2,144.050003051758,0,149.140000000009
149.15,3,2,144.070007324219,0,149.160000000009
149.16,3,2,144.080001831055,0,149.170000000009
149.17,3,2,144.089996337891,0,149.180000000009
149.18,3,2,144.100006103516,0,149.190000000009
149.19,3,2,144.110000610352,0,149.200000000009
149.2,3,2,144.110000610352,0,149.200000000009
149.21,3,2,144.130004882812,0,149.220000000009
149.22,3,2,144.139999389648,0,149.230000000009
149.23,3,2,144.149993896484,0,149.240000000009
149.24,3,2,144.160003662109,0,149.250000000009
149.25,3,2,144.169998168945,0,149.260000000009
149.26,3,2,144.179992675781,0,149.270000000009
149.27,3,2,144.179992675781,0,149.270000000009
149.28,3,2,144.199996948242,0,149.290000000009
149.29,3,2,144.210006713867,0,149.300000000009
149.3,3,2,144.220001220703,0,149.310000000009
149.31,3,2,144.229995727539,0,149.320000000009
149.32,3,2,144.240005493164,0,149.330000000009
149.33,3,2,144.240005493164,0,149.330000000009
149.34,3,2,144.259994506836,0,149.350000000009
149.35,3,2,144.270004272461,0,149.360000000009
149.36,3,2,144.279998779297,0,149.370000000009
149.37,3,2,144.289993286133,0,149.380000000009
149.38,3,2,144.300003051758,0,149.390000000009
149.39,3,2,144.300003051758,0,149.390000000009
149.4,3,2,144.320007324219,0,149.410000000009
149.41,3,2,144.330001831055,0,149.420000000009
149.42,3,2,144.339996337891,0,149.430000000009
149.43,3,2,144.350006103516,0,149.440000000009
149.44,3,2,144.360000610352,0,149.450000000009
149.45,3,2,144.360000610352,0,149.450000000009
149.46,3,2,144.380004882812,0,149.470000000009
149.47,3,2,144.389999389648,0,149.480000000009
149.48,3,2,144.399993896484,0,149.490000000009
149.49,3,2,144.410003662109,0,149.500000000009
149.5,3,2,144.419998168945,0,149.510000000009
149.51,3,2,144.429992675781,0,149.520000000009
149.52,3,2,144.429992675781,0,149.520000000009
149.53,3,2,144.449996948242,0,149.540000000009
149.54,3,2,144.460006713867,0,149.550000000009
149.55,3,2,144.470001220703,0,149.560000000009
149.56,3,2,144.479995727539,0,149.570000000009
149.57,3,2,144.490005493164,0,149.580000000009
149.58,3,2,144.490005493164,0,149.580000000009
149.59,3,2,144.509994506836,0,149.600000000009
149.6,3,2,144.520004272461,0,149.610000000009
149.61,3,2,144.529998779297,0,149.620000000009
149.62,3,2,144.539993286133,0,149.630000000009
149.63,3,2,144.550003051758,0,149.640000000009
149.64,3,2,144.550003051758,0,149.640000000009
149.65,3,2,144.570007324219,0,149.660000000009
149.66,3,2,144.580001831055,0,149.670000000009
149.67,3,2,144.589996337891,0,149.680000000009
149.68,3,2,144.600006103516,0,149.690000000009
149.69,3,2,144.610000610352,0,149.700000000009
149.7,3,2,144.610000610352,0,149.700000000009
149.71,3,2,144.630004882812,0,149.720000000009
149.72,3,2,144.639999389648,0,149.730000000009
149.73,3,2,144.649993896484,0,149.740000000009
149.74,3,2,144.660003662109,0,149.750000000009
149.75,3,2,144.669998168945,0,149.760000000009
149.76,3,2,144.679992675781,0,149.770000000009
149.77,3,2,144.679992675781,0,149.770000000009
149.78,3,2,144.699996948242,0,149.790000000009
149.79,3,2,144.710006713867,0,149.800000000009
149.8,3,2,144.720001220703,0,149.810000000009
149.81,3,2,144.729995727539,0,149.820000000009
149.82,3,2,144.740005493164,0,149.830000000009
149.83,3,2,144.740005493164,0,149.830000000009
149.84,3,2,144.759994506836,0,149.850000000009
149.85,3,2,144.770004272461,0,149.860000000009
149.86,3,2,144.779998779297,0,149.870000000009
149.87,3,2,144.789993286133,0,149.880000000009
149.88,3,2,144.800003051758,0,149.890000000009
149.89,3,2,144.800003051758,0,149.890000000009
149.9,3,2,144.820007324219,0,149.910000000009
149.91,3,2,144.830001831055,0,149.920000000009
149.92,3,2,144.839996337891,0,149.930000000009
149.93,3,2,144.850006103516,0,149.940000000009
149.94,3,2,144.860000610352,0,149.950000000009
149.95,3,2,144.860000610352,0,149.950000000009
149.96,3,2,144.880004882812,0,149.970000000009
149.97,3,2,144.889999389648,0,149.980000000009
149.98,3,2,144.899993896484,0,149.990000000009
149.99,3,2,144.910003662109,0,150.000000000009
150,3,2,144.919998168945,0,150.010000000009
150.01,3,2,144.929992675781,0,150.020000000009
150.02,3,2,144.929992675781,0,150.020000000009
150.03,3,2,144.949996948242,0,150.040000000009
150.04,3,2,144.960006713867,0,150.050000000009
150.05,3,2,144.970001220703,0,150.060000000009
150.06,3,2,144.979995727539,0,150.070000000008
150.07,3,2,144.990005493164,0,150.080000000008
150.08,3,2,144.990005493164,0,150.080000000008
150.09,3,2,145.009994506836,0,150.100000000008
150.1,3,2,145.020004272461,0,150.110000000008
150.11,3,2,145.029998779297,0,150.120000000008
150.12,3,2,145.039993286133,0,150.130000000008
150.13,3,2,145.050003051758,0,150.140000000008
150.14,3,2,145.050003051758,0,150.140000000008
150.15,3,2,145.070007324219,0,150.160000000008
150.16,3,2,145.080001831055,0,150.170000000008
150.17,3,2,145.089996337891,0,150.180000000008
150.18,3,2,145.100006103516,0,150.190000000008
150.19,3,2,145.110000610352,0,150.200000000008
150.2,3,2,145.110000610352,0,150.200000000008
150.21,3,2,145.130004882812,0,150.220000000008
150.22,3,2,145.139999389648,0,150.230000000008
150.23,3,2,145.149993896484,0,150.240000000008
150.24,3,2,145.160003662109,0,150.250000000008
150.25,3,2,145.169998168945,0,150.260000000008
150.26,3,2,145.179992675781,0,150.270000000008
150.27,3,2,145.179992675781,0,150.270000000008
150.28,3,2,145.199996948242,0,150.290000000008
150.29,3,2,145.210006713867,0,150.300000000008
150.3,3,2,145.220001220703,0,150.310000000008
150.31,3,2,145.229995727539,0,150.320000000008
150.32,3,2,145.240005493164,0,150.330000000008
150.33,3,2,145.240005493164,0,150.330000000008
150.34,3,2,145.259994506836,0,150.350000000008
150.35,3,2,145.270004272461,0,150.360000000008
150.36,3,2,145.279998779297,0,150.370000000008
150.37,3,2,145.289993286133,0,150.380000000008
150.38,3,2,145.300003051758,0,150.390000000008
150.39,3,2,145.300003051758,0,150.390000000008
150.4,3,2,145.320007324219,0,150.410000000008
150.41,3,2,145.330001831055,0,150.420000000008
150.42,3,2,145.339996337891,0,150.430000000008
150.43,3,2,145.350006103516,0,150.440000000008
150.44,3,2,145.360000610352,0,150.450000000008
150.45,3,2,145.360000610352,0,150.450000000008
150.46,3,2,145.380004882812,0,150.470000000008
150.47,3,2,145.389999389648,0,150.480000000008
150.48,3,2,145.399993896484,0,150.490000000008
150.49,3,2,145.410003662109,0,150.500000000008
150.5,3,2,145.419998168945,0,150.510000000008
150.51,3,2,145.429992675781,0,150.520000000008
150.52,3,2,145.429992675781,0,150.520000000008
150.53,3,2,145.449996948242,0,150.540000000008
150.54,3,2,145.460006713867,0,150.550000000008
150.55,3,2,145.470001220703,0,150.560000000008
150.56,3,2,145.479995727539,0,150.570000000008
150.57,3,2,145.490005493164,0,150.580000000008
150.58,3,2,145.490005493164,0,150.580000000008
150.59,3,2,145.509994506836,0,150.600000000008
150.6,3,2,145.520004272461,0,150.610000000008
150.61,3,2,145.529998779297,0,150.620000000008
150.62,3,2,145.539993286133,0,150.630000000008
150.63,3,2,145.550003051758,0,150.640000000008
150.64,3,2,145.550003051758,0,150.640000000008
150.65,3,2,145.570007324219,0,150.660000000008
150.66,3,2,145.580001831055,0,150.670000000008
150.67,3,2,145.589996337891,0,150.680000000008
150.68,3,2,145.600006103516,0,150.690000000008
150.69,3,2,145.610000610352,0,150.700000000008
150.7,3,2,145.610000610352,0,150.700000000008
150.71,3,2,145.630004882812,0,150.720000000008
150.72,3,2,145.639999389648,0,150.730000000008
150.73,3,2,145.649993896484,0,150.740000000008
150.74,3,2,145.660003662109,0,150.750000000008
150.75,3,2,145.669998168945,0,150.760000000008
150.76,3,2,145.679992675781,0,150.770000000008
150.77,3,2,145.679992675781,0,150.770000000008
150.78,3,2,145.699996948242,0,150.790000000008
150.79,3,2,145.710006713867,0,150.800000000008
150.8,3,2,145.720001220703,0,150.810000000008
150.81,3,2,145.729995727539,0,150.820000000008
150.82,3,2,145.740005493164,0,150.830000000008
150.83,3,2,145.740005493164,0,150.830000000008
150.84,3,2,145.759994506836,0,150.850000000008
150.85,3,2,145.770004272461,0,150.860000000008
150.86,3,2,145.779998779297,0,150.870000000008
150.87,3,2,145.789993286133,0,150.880000000008
150.88,3,2,145.800003051758,0,150.890000000008
150.89,3,2,145.800003051758,0,150.890000000008
150.9,3,2,145.820007324219,0,150.910000000008
150.91,3,2,145.830001831055,0,150.920000000008
150.92,3,2,145.839996337891,0,150.930000000008
150.93,3,2,145.850006103516,0,150.940000000008
150.94,3,2,145.860000610352,0,150.950000000008
150.95,3,2,145.860000610352,0,150.950000000008
150.96,3,2,145.880004882812,0,150.970000000008
150.97,3,2,145.889999389648,0,150.980000000008
150.98,3,2,145.899993896484,0,150.990000000008
150.99,3,2,145.910003662109,0,151.000000000008
151,3,2,145.919998168945,0,151.010000000008
151.01,3,2,145.929992675781,0,151.020000000008
151.02,3,2,145.929992675781,0,151.020000000008
151.03,3,2,145.949996948242,0,151.040000000008
151.04,3,2,145.960006713867,0,151.050000000008
151.05,3,2,145.970001220703,0,151.060000000008
151.06,3,2,145.979995727539,0,151.070000000008
151.07,3,2,145.990005493164,0,151.080000000008
151.08,3,2,145.990005493164,0,151.080000000008
151.09,3,2,146.009994506836,0,151.100000000008
151.1,3,2,146.020004272461,0,151.110000000008
151.11,3,2,146.029998779297,0,151.120000000008
151.12,3,2,146.039993286133,0,151.130000000008
151.13,3,2,146.050003051758,0,151.140000000008
151.14,3,2,146.050003051758,0,151.140000000008
151.15,3,2,146.070007324219,0,151.160000000007
151.16,3,2,146.080001831055,0,151.170000000007
151.17,3,2,146.089996337891,0,151.180000000007
151.18,3,2,146.100006103516,0,151.190000000007
151.19,3,2,146.110000610352,0,151.200000000007
151.2,3,2,146.110000610352,0,151.200000000007
151.21,3,2,146.130004882812,0,151.220000000007
151.22,3,2,146.139999389648,0,151.230000000007
151.23,3,2,146.149993896484,0,151.240000000007
151.24,3,2,146.160003662109,0,151.250000000007
151.25,3,2,146.169998168945,0,151.260000000007
151.26,3,2,146.179992675781,0,151.270000000007
151.27,3,2,146.179992675781,0,151.270000000007
151.28,3,2,146.199996948242,0,151.290000000007
151.29,3,2,146.210006713867,0,151.300000000007
151.3,3,2,146.220001220703,0,151.310000000007
151.31,3,2,146.229995727539,0,151.320000000007
151.32,3,2,146.240005493164,0,151.330000000007
151.33,3,2,146.240005493164,0,151.330000000007
151.34,3,2,146.259994506836,0,151.350000000007
151.35,3,2,146.270004272461,0,151.360000000007
151.36,3,2,146.279998779297,0,151.370000000007
151.37,3,2,146.289993286133,0,151.380000000007
151.38,3,2,146.300003051758,0,151.390000000007
151.39,3,2,146.300003051758,0,151.390000000007
151.4,3,2,146.320007324219,0,151.410000000007
151.41,3,2,146.330001831055,0,151.420000000007
151.42,3,2,146.339996337891,0,151.430000000007
151.43,3,2,146.350006103516,0,151.440000000007
151.44,3,2,146.360000610352,0,151.450000000007
151.45,3,2,146.360000610352,0,151.450000000007
151.46,3,2,146.380004882812,0,151.470000000007
151.47,3,2,146.389999389648,0,151.480000000007
151.48,3,2,146.399993896484,0,151.490000000007
151.49,3,2,146.410003662109,0,151.500000000007
151.5,3,2,146.419998168945,0,151.510000000007
151.51,3,2,146.429992675781,0,151.520000000007
151.52,3,2,146.429992675781,0,151.520000000007
151.53,3,2,146.449996948242,0,151.540000000007
151.54,3,2,146.460006713867,0,151.550000000007
151.55,3,2,146.470001220703,0,151.560000000007
151.56,3,2,146.479995727539,0,151.570000000007
151.57,3,2,146.490005493164,0,151.580000000007
151.58,3,2,146.490005493164,0,151.580000000007
151.59,3,2,146.509994506836,0,151.600000000007
151.6,3,2,146.520004272461,0,151.610000000007
151.61,3,2,146.529998779297,0,151.620000000007
151.62,3,2,146.539993286133,0,151.630000000007
151.63,3,2,146.550003051758,0,151.640000000007
151.64,3,2,146.550003051758,0,151.640000000007
151.65,3,2,146.570007324219,0,151.660000000007
151.66,3,2,146.580001831055,0,151.670000000007
151.67,3,2,146.589996337891,0,151.680000000007
151.68,3,2,146.600006103516,0,151.690000000007
151.69,3,2,146.610000610352,0,151.700000000007
151.7,3,2,146.610000610352,0,151.700000000007
151.71,3,2,146.630004882812,0,151.720000000007
151.72,3,2,146.639999389648,0,151.730000000007
151.73,3,2,146.649993896484,0,151.740000000007
151.74,3,2,146.660003662109,0,151.750000000007
151.75,3,2,146.669998168945,0,151.760000000007
151.76,3,2,146.679992675781,0,151.770000000007
151.77,3,2,146.679992675781,0,151.770000000007
151.78,3,2,146.699996948242,0,151.790000000007
151.79,3,2,146.710006713867,0,151.800000000007
151.8,3,2,146.720001220703,0,151.810000000007
151.81,3,2,146.729995727539,0,151.820000000007
151.82,3,2,146.740005493164,0,151.830000000007
151.83,3,2,146.740005493164,0,151.830000000007
151.84,3,2,146.759994506836,0,151.850000000007
151.85,3,2,146.770004272461,0,151.860000000007
151.86,3,2,146.779998779297,0,151.870000000007
151.87,3,2,146.789993286133,0,151.880000000007
151.88,3,2,146.800003051758,0,151.890000000007
151.89,3,2,146.800003051758,0,151.890000000007
151.9,3,2,146.820007324219,0,151.910000000007
151.91,3,2,146.830001831055,0,151.920000000007
151.92,3,2,146.839996337891,0,151.930000000007
151.93,3,2,146.850006103516,0,151.940000000007
151.94,3,2,146.860000610352,0,151.950000000007
151.95,3,2,146.860000610352,0,151.950000000007
151.96,3,2,146.880004882812,0,151.970000000007
151.97,3,2,146.889999389648,0,151.980000000007
151.98,3,2,146.899993896484,0,151.990000000007
151.99,3,2,146.910003662109,0,152.000000000007
152,3,2,146.919998168945,0,152.010000000007
152.01,3,2,146.929992675781,0,152.020000000007
152.02,3,2,146.929992675781,0,152.020000000007
152.03,3,2,146.949996948242,0,152.040000000007
152.04,3,2,146.960006713867,0,152.050000000007
152.05,3,2,146.970001220703,0,152.060000000007
152.06,3,2,146.979995727539,0,152.070000000007
152.07,3,2,146.990005493164,0,152.080000000007
152.08,3,2,146.990005493164,0,152.080000000007
152.09,3,2,147.009994506836,0,152.100000000007
152.1,3,2,147.020004272461,0,152.110000000007
152.11,3,2,147.029998779297,0,152.120000000007
152.12,3,2,147.039993286133,0,152.130000000007
152.13,3,2,147.050003051758,0,152.140000000007
152.14,3,2,147.050003051758,0,152.140000000007
152.15,3,2,147.070007324219,0,152.160000000007
152.16,3,2,147.080001831055,0,152.170000000007
152.17,3,2,147.089996337891,0,152.180000000007
152.18,3,2,147.100006103516,0,152.190000000007
152.19,3,2,147.110000610352,0,152.200000000007
152.2,3,2,147.110000610352,0,152.200000000007
152.21,3,2,147.130004882812,0,152.220000000007
152.22,3,2,147.139999389648,0,152.230000000007
152.23,3,2,147.149993896484,0,152.240000000007
152.24,3,2,147.160003662109,0,152.250000000007
152.25,3,2,147.169998168945,0,152.260000000006
152.26,3,2,147.179992675781,0,152.270000000006
152.27,3,2,147.179992675781,0,152.270000000006
152.28,3,2,147.199996948242,0,152.290000000006
152.29,3,2,147.210006713867,0,152.300000000006
152.3,3,2,147.220001220703,0,152.310000000006
152.31,3,2,147.229995727539,0,152.320000000006
152.32,3,2,147.240005493164,0,152.330000000006
152.33,3,2,147.240005493164,0,152.330000000006
152.34,3,2,147.259994506836,0,152.350000000006
152.35,3,2,147.270004272461,0,152.360000000006
152.36,3,2,147.279998779297,0,152.370000000006
152.37,3,2,147.289993286133,0,152.380000000006
152.38,3,2,147.300003051758,0,152.390000000006
152.39,3,2,147.300003051758,0,152.390000000006
152.4,3,2,147.320007324219,0,152.410000000006
152.41,3,2,147.330001831055,0,152.420000000006
152.42,3,2,147.339996337891,0,152.430000000006
152.43,3,2,147.350006103516,0,152.440000000006
152.44,3,2,147.360000610352,0,152.450000000006
152.45,3,2,147.360000610352,0,152.450000000006
152.46,3,2,147.380004882812,0,152.470000000006
152.47,3,2,147.389999389648,0,152.480000000006
152.48,3,2,147.399993896484,0,152.490000000006
152.49,3,2,147.410003662109,0,152.500000000006
152.5,3,2,147.419998168945,0,152.510000000006
152.51,3,2,147.429992675781,0,152.520000000006
152.52,3,2,147.429992675781,0,152.520000000006
152.53,3,2,147.449996948242,0,152.540000000006
152.54,3,2,147.460006713867,0,152.550000000006
152.55,3,2,147.470001220703,0,152.560000000006
152.56,3,2,147.479995727539,0,152.570000000006
152.57,3,2,147.490005493164,0,152.580000000006
152.58,3,2,147.490005493164,0,152.580000000006
152.59,3,2,147.509994506836,0,152.600000000006
152.6,3,2,147.520004272461,0,152.610000000006
152.61,3,2,147.529998779297,0,152.620000000006
152.62,3,2,147.539993286133,0,152.630000000006
152.63,3,2,147.550003051758,0,152.640000000006
152.64,3,2,147.550003051758,0,152.640000000006
152.65,3,2,147.570007324219,0,152.660000000006
152.66,3,2,147.580001831055,0,152.670000000006
152.67,3,2,147.589996337891,0,152.680000000006
152.68,3,2,147.600006103516,0,152.690000000006
152.69,3,2,147.610000610352,0,152.700000000006
152.7,3,2,147.610000610352,0,152.700000000006
152.71,3,2,147.630004882812,0,152.720000000006
152.72,3,2,147.639999389648,0,152.730000000006
152.73,3,2,147.649993896484,0,152.740000000006
152.74,3,2,147.660003662109,0,152.750000000006
152.75,3,2,147.669998168945,0,152.760000000006
152.76,3,2,147.679992675781,0,152.770000000006
152.77,3,2,147.679992675781,0,152.770000000006
152.78,3,2,147.699996948242,0,152.790000000006
152.79,3,2,147.710006713867,0,152.800000000006
152.8,3,2,147.720001220703,0,152.810000000006
152.81,3,2,147.729995727539,0,152.820000000006
152.82,3,2,147.740005493164,0,152.830000000006
152.83,3,2,147.740005493164,0,152.830000000006
152.84,3,2,147.759994506836,0,152.850000000006
152.85,3,2,147.770004272461,0,152.860000000006
152.86,3,2,147.779998779297,0,152.870000000006
152.87,3,2,147.789993286133,0,152.880000000006
152.88,3,2,147.800003051758,0,152.890000000006
152.89,3,2,147.800003051758,0,152.890000000006
152.9,3,2,147.820007324219,0,152.910000000006
152.91,3,2,147.830001831055,0,152.920000000006
152.92,3,2,147.839996337891,0,152.930000000006
152.93,3,2,147.850006103516,0,152.940000000006
152.94,3,2,147.860000610352,0,152.950000000006
152.95,3,2,147.860000610352,0,152.950000000006
152.96,3,2,147.880004882812,0,152.970000000006
152.97,3,2,147.889999389648,0,152.980000000006
152.98,3,2,147.899993896484,0,152.990000000006
152.99,3,2,147.910003662109,0,153.000000000006
153,3,2,147.919998168945,0,153.010000000006
153.01,3,2,147.929992675781,0,153.020000000006
153.02,3,2,147.929992675781,0,153.020000000006
153.03,3,2,147.949996948242,0,153.040000000006
153.04,3,2,147.960006713867,0,153.050000000006
153.05,3,2,147.970001220703,0,153.060000000006
153.06,3,2,147.979995727539,0,153.070000000006
153.07,3,2,147.990005493164,0,153.080000000006
153.08,3,2,147.990005493164,0,153.080000000006
153.09,3,2,148.009994506836,0,153.100000000006
153.1,3,2,148.020004272461,0,153.110000000006
153.11,3,2,148.029998779297,0,153.120000000006
153.12,3,2,148.039993286133,0,153.130000000006
153.13,3,2,148.050003051758,0,153.140000000006
153.14,3,2,148.050003051758,0,153.140000000006
153.15,3,2,148.070007324219,0,153.160000000006
153.16,3,2,148.080001831055,0,153.170000000006
153.17,3,2,148.089996337891,0,153.180000000006
153.18,3,2,148.100006103516,0,153.190000000006
153.19,3,2,148.110000610352,0,153.200000000006
153.2,3,2,148.110000610352,0,153.200000000006
153.21,3,2,148.130004882812,0,153.220000000006
153.22,3,2,148.139999389648,0,153.230000000006
153.23,3,2,148.149993896484,0,153.240000000006
153.24,3,2,148.160003662109,0,153.250000000006
153.25,3,2,148.169998168945,0,153.260000000006
153.26,3,2,148.179992675781,0,153.270000000006
153.27,3,2,148.179992675781,0,153.270000000006
153.28,3,2,148.199996948242,0,153.290000000006
153.29,3,2,148.210006713867,0,153.300000000006
153.3,3,2,148.220001220703,0,153.310000000006
153.31,3,2,148.229995727539,0,153.320000000006
153.32,3,2,148.240005493164,0,153.330000000006
153.33,3,2,148.240005493164,0,153.330000000006
153.34,3,2,148.259994506836,0,153.350000000006
153.35,3,2,148.270004272461,0,153.360000000005
153.36,3,2,148.279998779297,0,153.370000000005
153.37,3,2,148.289993286133,0,153.380000000005
153.38,3,2,148.300003051758,0,153.390000000005
153.39,3,2,148.300003051758,0,153.390000000005
153.4,3,2,148.320007324219,0,153.410000000005
153.41,3,2,148.330001831055,0,153.420000000005
153.42,3,2,148.339996337891,0,153.430000000005
153.43,3,2,148.350006103516,0,153.440000000005
153.44,3,2,148.360000610352,0,153.450000000005
153.45,3,2,148.360000610352,0,153.450000000005
153.46,3,2,148.380004882812,0,153.470000000005
153.47,3,2,148.389999389648,0,153.480000000005
153.48,3,2,148.399993896484,0,153.490000000005
153.49,3,2,148.410003662109,0,153.500000000005
153.5,3,2,148.419998168945,0,153.510000000005
153.51,3,2,148.429992675781,0,153.520000000005
153.52,3,2,148.429992675781,0,153.520000000005
153.53,3,2,148.449996948242,0,153.540000000005
153.54,3,2,148.460006713867,0,153.550000000005
153.55,3,2,148.470001220703,0,153.560000000005
153.56,3,2,148.479995727539,0,153.570000000005
153.57,3,2,148.490005493164,0,153.580000000005
153.58,3,2,148.490005493164,0,153.580000000005
153.59,3,2,148.509994506836,0,153.600000000005
153.6,3,2,148.520004272461,0,153.610000000005
153.61,3,2,148.529998779297,0,153.620000000005
153.62,3,2,148.539993286133,0,153.630000000005
153.63,3,2,148.550003051758,0,153.640000000005
153.64,3,2,148.550003051758,0,153.640000000005
153.65,3,2,148.570007324219,0,153.660000000005
153.66,3,2,148.580001831055,0,153.670000000005
153.67,3,2,148.589996337891,0,153.680000000005
153.68,3,2,148.600006103516,0,153.690000000005
153.69,3,2,148.610000610352,0,153.700000000005
153.7,3,2,148.610000610352,0,153.700000000005
153.71,3,2,148.630004882812,0,153.720000000005
153.72,3,2,148.639999389648,0,153.730000000005
153.73,3,2,148.649993896484,0,153.740000000005
153.74,3,2,148.660003662109,0,153.750000000005
153.75,3,2,148.669998168945,0,153.760000000005
153.76,3,2,148.679992675781,0,153.770000000005
153.77,3,2,148.679992675781,0,153.770000000005
153.78,3,2,148.699996948242,0,153.790000000005
153.79,3,2,148.710006713867,0,153.800000000005
153.8,3,2,148.720001220703,0,153.810000000005
153.81,3,2,148.729995727539,0,153.820000000005
153.82,3,2,148.740005493164,0,153.830000000005
153.83,3,2,148.740005493164,0,153.830000000005
153.84,3,2,148.759994506836,0,153.850000000005
153.85,3,2,148.770004272461,0,153.860000000005
153.86,3,2,148.779998779297,0,153.870000000005
153.87,3,2,148.789993286133,0,153.880000000005
153.88,3,2,148.800003051758,0,153.890000000005
153.89,3,2,148.800003051758,0,153.890000000005
153.9,3,2,148.820007324219,0,153.910000000005
153.91,3,2,148.830001831055,0,153.920000000005
153.92,3,2,148.839996337891,0,153.930000000005
153.93,3,2,148.850006103516,0,153.940000000005
153.94,3,2,148.860000610352,0,153.950000000005
153.95,3,2,148.860000610352,0,153.950000000005
153.96,3,2,148.880004882812,0,153.970000000005
153.97,3,2,148.889999389648,0,153.980000000005
153.98,3,2,148.899993896484,0,153.990000000005
153.99,3,2,148.910003662109,0,154.000000000005
154,3,2,148.919998168945,0,154.010000000005
154.01,3,2,148.929992675781,0,154.020000000005
154.02,3,2,148.929992675781,0,154.020000000005
154.03,3,2,148.949996948242,0,154.040000000005
154.04,3,2,148.960006713867,0,154.050000000005
154.05,3,2,148.970001220703,0,154.060000000005
154.06,3,2,148.979995727539,0,154.070000000005
154.07,3,2,148.990005493164,0,154.080000000005
154.08,3,2,148.990005493164,0,154.080000000005
154.09,3,2,149.009994506836,0,154.100000000005
154.1,3,2,149.020004272461,0,154.110000000005
154.11,3,2,149.029998779297,0,154.120000000005
154.12,3,2,149.039993286133,0,154.130000000005
154.13,3,2,149.050003051758,0,154.140000000005
154.14,3,2,149.050003051758,0,154.140000000005
154.15,3,2,149.070007324219,0,154.160000000005
154.16,3,2,149.080001831055,0,154.170000000005
154.17,3,2,149.089996337891,0,154.180000000005
154.18,3,2,149.100006103516,0,154.190000000005
154.19,3,2,149.110000610352,0,154.200000000005
154.2,3,2,149.110000610352,0,154.200000000005
154.21,3,2,149.130004882812,0,154.220000000005
154.22,3,2,149.139999389648,0,154.230000000005
154.23,3,2,149.149993896484,0,154.240000000005
154.24,3,2,149.160003662109,0,154.250000000005
154.25,3,2,149.169998168945,0,154.260000000005
154.26,3,2,149.179992675781,0,154.270000000005
154.27,3,2,149.179992675781,0,154.270000000005
154.28,3,2,149.199996948242,0,154.290000000005
154.29,3,2,149.210006713867,0,154.300000000005
154.3,3,2,149.220001220703,0,154.310000000005
154.31,3,2,149.229995727539,0,154.320000000005
154.32,3,2,149.240005493164,0,154.330000000005
154.33,3,2,149.240005493164,0,154.330000000005
154.34,3,2,149.259994506836,0,154.350000000005
154.35,3,2,149.270004272461,0,154.360000000005
154.36,3,2,149.279998779297,0,154.370000000005
154.37,3,2,149.289993286133,0,154.380000000005
154.38,3,2,149.300003051758,0,154.390000000005
154.39,3,2,149.300003051758,0,154.390000000005
154.4,3,2,149.320007324219,0,154.410000000005
154.41,3,2,149.330001831055,0,154.420000000005
154.42,3,2,149.339996337891,0,154.430000000005
154.43,3,2,149.350006103516,0,154.440000000005
154.44,3,2,149.360000610352,0,154.450000000005
154.45,3,2,149.360000610352,0,154.450000000005
154.46,3,2,149.380004882812,0,154.470000000004
154.47,3,2,149.389999389648,0,154.480000000004
154.48,3,2,149.399993896484,0,154.490000000004
154.49,3,2,149.410003662109,0,154.500000000004
154.5,3,2,149.419998168945,0,154.510000000004
154.51,3,2,149.429992675781,0,154.520000000004
154.52,3,2,149.429992675781,0,154.520000000004
154.53,3,2,149.449996948242,0,154.540000000004
154.54,3,2,149.460006713867,0,154.550000000004
154.55,3,2,149.470001220703,0,154.560000000004
154.56,3,2,149.479995727539,0,154.570000000004
154.57,3,2,149.490005493164,0,154.580000000004
154.58,3,2,149.490005493164,0,154.580000000004
154.59,3,2,149.509994506836,0,154.600000000004
154.6,3,2,149.520004272461,0,154.610000000004
154.61,3,2,149.529998779297,0,154.620000000004
154.62,3,2,149.539993286133,0,154.630000000004
154.63,3,2,149.550003051758,0,154.640000000004
154.64,3,2,149.550003051758,0,154.640000000004
154.65,3,2,149.570007324219,0,154.660000000004
154.66,3,2,149.580001831055,0,154.670000000004
154.67,3,2,149.589996337891,0,154.680000000004
154.68,3,2,149.600006103516,0,154.690000000004
154.69,3,2,149.610000610352,0,154.700000000004
154.7,3,2,149.610000610352,0,154.700000000004
154.71,3,2,149.630004882812,0,154.720000000004
154.72,3,2,149.639999389648,0,154.730000000004
154.73,3,2,149.649993896484,0,154.740000000004
154.74,3,2,149.660003662109,0,154.750000000004
154.75,3,2,149.669998168945,0,154.760000000004
154.76,3,2,149.679992675781,0,154.770000000004
154.77,3,2,149.679992675781,0,154.770000000004
154.78,3,2,149.699996948242,0,154.790000000004
154.79,3,2,149.710006713867,0,154.800000000004
154.8,3,2,149.720001220703,0,154.810000000004
154.81,3,2,149.729995727539,0,154.820000000004
154.82,3,2,149.740005493164,0,154.830000000004
154.83,3,2,149.740005493164,0,154.830000000004
154.84,3,2,149.759994506836,0,154.850000000004
154.85,3,2,149.770004272461,0,154.860000000004
154.86,3,2,149.779998779297,0,154.870000000004
154.87,3,2,149.789993286133,0,154.880000000004
154.88,3,2,149.800003051758,0,154.890000000004
154.89,3,2,149.800003051758,0,154.890000000004
154.9,3,2,149.820007324219,0,154.910000000004
154.91,3,2,149.830001831055,0,154.920000000004
154.92,3,2,149.839996337891,0,154.930000000004
154.93,3,2,149.850006103516,0,154.940000000004
154.94,3,2,149.860000610352,0,154.950000000004
154.95,3,2,149.860000610352,0,154.950000000004
154.96,3,2,149.880004882812,0,154.970000000004
154.97,3,2,149.889999389648,0,154.980000000004
154.98,3,2,149.899993896484,0,154.990000000004
154.99,3,2,149.910003662109,0,155.000000000004
155,3,2,149.919998168945,0,155.010000000004
155.01,3,2,149.929992675781,0,155.020000000004
155.02,3,2,149.929992675781,0,155.020000000004
155.03,3,2,149.949996948242,0,155.040000000004
155.04,3,2,149.960006713867,0,155.050000000004
155.05,3,2,149.970001220703,0,155.060000000004
155.06,3,2,149.979995727539,0,155.070000000004
155.07,3,2,149.990005493164,0,155.080000000004
155.08,3,2,149.990005493164,0,155.080000000004
155.09,3,2,150.009994506836,0,155.100000000004
155.1,3,2,150.020004272461,0,155.110000000004
155.11,3,2,150.029998779297,0,155.120000000004
155.12,3,2,150.039993286133,0,155.130000000004
155.13,3,2,150.050003051758,0,155.140000000004
155.14,3,2,150.050003051758,0,155.140000000004
155.15,3,2,150.070007324219,0,155.160000000004
155.16,3,2,150.080001831055,0,155.170000000004
155.17,3,2,150.089996337891,0,155.180000000004
155.18,3,2,150.100006103516,0,155.190000000004
155.19,3,2,150.110000610352,0,155.200000000004
155.2,3,2,150.110000610352,0,155.200000000004
155.21,3,2,150.130004882812,0,155.220000000004
155.22,3,2,150.139999389648,0,155.230000000004
155.23,3,2,150.149993896484,0,155.240000000004
155.24,3,2,150.160003662109,0,155.250000000004
155.25,3,2,150.169998168945,0,155.260000000004
155.26,3,2,150.179992675781,0,155.270000000004
155.27,3,2,150.179992675781,0,155.270000000004
155.28,3,2,150.199996948242,0,155.290000000004
155.29,3,2,150.210006713867,0,155.300000000004
155.3,3,2,150.220001220703,0,155.310000000004
155.31,3,2,150.229995727539,0,155.320000000004
155.32,3,2,150.240005493164,0,155.330000000004
155.33,3,2,150.240005493164,0,155.330000000004
155.34,3,2,150.259994506836,0,155.350000000004
155.35,3,2,150.270004272461,0,155.360000000004
155.36,3,2,150.279998779297,0,155.370000000004
155.37,3,2,150.289993286133,0,155.380000000004
155.38,3,2,150.300003051758,0,155.390000000004
155.39,3,2,150.300003051758,0,155.390000000004
155.4,3,2,150.320007324219,0,155.410000000004
155.41,3,2,150.330001831055,0,155.420000000004
155.42,3,2,150.339996337891,0,155.430000000004
155.43,3,2,150.350006103516,0,155.440000000004
155.44,3,2,150.360000610352,0,155.450000000004
155.45,3,2,150.360000610352,0,155.450000000004
155.46,3,2,150.380004882812,0,155.470000000004
155.47,3,2,150.389999389648,0,155.480000000004
155.48,3,2,150.399993896484,0,155.490000000004
155.49,3,2,150.410003662109,0,155.500000000004
155.5,3,2,150.419998168945,0,155.510000000004
155.51,3,2,150.429992675781,0,155.520000000004
155.52,3,2,150.429992675781,0,155.520000000004
155.53,3,2,150.449996948242,0,155.540000000004
155.54,3,2,150.460006713867,0,155.550000000004
155.55,3,2,150.470001220703,0,155.560000000003
155.56,3,2,150.479995727539,0,155.570000000003
155.57,3,2,150.490005493164,0,155.580000000003
155.58,3,2,150.490005493164,0,155.580000000003
155.59,3,2,150.509994506836,0,155.600000000003
155.6,3,2,150.520004272461,0,155.610000000003
155.61,3,2,150.529998779297,0,155.620000000003
155.62,3,2,150.539993286133,0,155.630000000003
155.63,3,2,150.550003051758,0,155.640000000003
155.64,3,2,150.550003051758,0,155.640000000003
155.65,3,2,150.570007324219,0,155.660000000003
155.66,3,2,150.580001831055,0,155.670000000003
155.67,3,2,150.589996337891,0,155.680000000003
155.68,3,2,150.600006103516,0,155.690000000003
155.69,3,2,150.610000610352,0,155.700000000003
155.7,3,2,150.610000610352,0,155.700000000003
155.71,3,2,150.630004882812,0,155.720000000003
155.72,3,2,150.639999389648,0,155.730000000003
155.73,3,2,150.649993896484,0,155.740000000003
155.74,3,2,150.660003662109,0,155.750000000003
155.75,3,2,150.669998168945,0,155.760000000003
155.76,3,2,150.679992675781,0,155.770000000003
155.77,3,2,150.679992675781,0,155.770000000003
155.78,3,2,150.699996948242,0,155.790000000003
155.79,3,2,150.710006713867,0,155.800000000003
155.8,3,2,150.720001220703,0,155.810000000003
155.81,3,2,150.729995727539,0,155.820000000003
155.82,3,2,150.740005493164,0,155.830000000003
155.83,3,2,150.740005493164,0,155.830000000003
155.84,3,2,150.759994506836,0,155.850000000003
155.85,3,2,150.770004272461,0,155.860000000003
155.86,3,2,150.779998779297,0,155.870000000003
155.87,3,2,150.789993286133,0,155.880000000003
155.88,3,2,150.800003051758,0,155.890000000003
155.89,3,2,150.800003051758,0,155.890000000003
155.9,3,2,150.820007324219,0,155.910000000003
155.91,3,2,150.830001831055,0,155.920000000003
155.92,3,2,150.839996337891,0,155.930000000003
155.93,3,2,150.850006103516,0,155.940000000003
155.94,3,2,150.860000610352,0,155.950000000003
155.95,3,2,150.860000610352,0,155.950000000003
155.96,3,2,150.880004882812,0,155.970000000003
155.97,3,2,150.889999389648,0,155.980000000003
155.98,3,2,150.899993896484,0,155.990000000003
155.99,3,2,150.910003662109,0,156.000000000003
156,3,2,150.919998168945,0,156.010000000003
156.01,3,2,150.929992675781,0,156.020000000003
156.02,3,2,150.929992675781,0,156.020000000003
156.03,3,2,150.949996948242,0,156.040000000003
156.04,3,2,150.960006713867,0,156.050000000003
156.05,3,2,150.970001220703,0,156.060000000003
156.06,3,2,150.979995727539,0,156.070000000003
156.07,3,2,150.990005493164,0,156.080000000003
156.08,3,2,150.990005493164,0,156.080000000003
156.09,3,2,151.009994506836,0,156.100000000003
156.1,3,2,151.020004272461,0,156.110000000003
156.11,3,2,151.029998779297,0,156.120000000003
156.12,3,2,151.039993286133,0,156.130000000003
156.13,3,2,151.050003051758,0,156.140000000003
156.14,3,2,151.050003051758,0,156.140000000003
156.15,3,2,151.070007324219,0,156.160000000003
156.16,3,2,151.080001831055,0,156.170000000003
156.17,3,2,151.089996337891,0,156.180000000003
156.18,3,2,151.100006103516,0,156.190000000003
156.19,3,2,151.110000610352,0,156.200000000003
156.2,3,2,151.110000610352,0,156.200000000003
156.21,3,2,151.130004882812,0,156.220000000003
156.22,3,2,151.139999389648,0,156.230000000003
156.23,3,2,151.149993896484,0,156.240000000003
156.24,3,2,151.160003662109,0,156.250000000003
156.25,3,2,151.169998168945,0,156.260000000003
156.26,3,2,151.179992675781,0,156.270000000003
156.27,3,2,151.179992675781,0,156.270000000003
156.28,3,2,151.199996948242,0,156.290000000003
156.29,3,2,151.210006713867,0,156.300000000003
156.3,3,2,151.220001220703,0,156.310000000003
156.31,3,2,151.229995727539,0,156.320000000003
156.32,3,2,151.240005493164,0,156.330000000003
156.33,3,2,151.240005493164,0,156.330000000003
156.34,3,2,151.259994506836,0,156.350000000003
156.35,3,2,151.270004272461,0,156.360000000003
156.36,3,2,151.279998779297,0,156.370000000003
156.37,3,2,151.289993286133,0,156.380000000003
156.38,3,2,151.300003051758,0,156.390000000003
156.39,3,2,151.300003051758,0,156.390000000003
156.4,3,2,151.320007324219,0,156.410000000003
156.41,3,2,151.330001831055,0,156.420000000003
156.42,3,2,151.339996337891,0,156.430000000003
156.43,3,2,151.350006103516,0,156.440000000003
156.44,3,2,151.360000610352,0,156.450000000003
156.45,3,2,151.360000610352,0,156.450000000003
156.46,3,2,151.380004882812,0,156.470000000003
156.47,3,2,151.389999389648,0,156.480000000003
156.48,3,2,151.399993896484,0,156.490000000003
156.49,3,2,151.410003662109,0,156.500000000003
156.5,3,2,151.419998168945,0,156.510000000003
156.51,3,2,151.429992675781,0,156.520000000003
156.52,3,2,151.429992675781,0,156.520000000003
156.53,3,2,151.449996948242,0,156.540000000003
156.54,3,2,151.460006713867,0,156.550000000003
156.55,3,2,151.470001220703,0,156.560000000003
156.56,3,2,151.479995727539,0,156.570000000003
156.57,3,2,151.490005493164,0,156.580000000003
156.58,3,2,151.490005493164,0,156.580000000003
156.59,3,2,151.509994506836,0,156.600000000003
156.6,3,2,151.520004272461,0,156.610000000003
156.61,3,2,151.529998779297,0,156.620000000003
156.62,3,2,151.539993286133,0,156.630000000003
156.63,3,2,151.550003051758,0,156.640000000003
156.64,3,2,151.550003051758,0,156.640000000003
156.65,3,2,151.570007324219,0,156.660000000002
156.66,3,2,151.580001831055,0,156.670000000002
156.67,3,2,151.589996337891,0,156.680000000002
156.68,3,2,151.600006103516,0,156.690000000002
156.69,3,2,151.610000610352,0,156.700000000002
156.7,3,2,151.610000610352,0,156.700000000002
156.71,3,2,151.630004882812,0,156.720000000002
156.72,3,2,151.639999389648,0,156.730000000002
156.73,3,2,151.649993896484,0,156.740000000002
156.74,3,2,151.660003662109,0,156.750000000002
156.75,3,2,151.669998168945,0,156.760000000002
156.76,3,2,151.679992675781,0,156.770000000002
156.77,3,2,151.679992675781,0,156.770000000002
156.78,3,2,151.699996948242,0,156.790000000002
156.79,3,2,151.710006713867,0,156.800000000002
156.8,3,2,151.720001220703,0,156.810000000002
156.81,3,2,151.729995727539,0,156.820000000002
156.82,3,2,151.740005493164,0,156.830000000002
156.83,3,2,151.740005493164,0,156.830000000002
156.84,3,2,151.759994506836,0,156.850000000002
156.85,3,2,151.770004272461,0,156.860000000002
156.86,3,2,151.779998779297,0,156.870000000002
156.87,3,2,151.789993286133,0,156.880000000002
156.88,3,2,151.800003051758,0,156.890000000002
156.89,3,2,151.800003051758,0,156.890000000002
156.9,3,2,151.820007324219,0,156.910000000002
156.91,3,2,151.830001831055,0,156.920000000002
156.92,3,2,151.839996337891,0,156.930000000002
156.93,3,2,151.850006103516,0,156.940000000002
156.94,3,2,151.860000610352,0,156.950000000002
156.95,3,2,151.860000610352,0,156.950000000002
156.96,3,2,151.880004882812,0,156.970000000002
156.97,3,2,151.889999389648,0,156.980000000002
156.98,3,2,151.899993896484,0,156.990000000002
156.99,3,2,151.910003662109,0,157.000000000002
157,3,2,151.919998168945,0,157.010000000002
157.01,3,2,151.929992675781,0,157.020000000002
157.02,3,2,151.929992675781,0,157.020000000002
157.03,3,2,151.949996948242,0,157.040000000002
157.04,3,2,151.960006713867,0,157.050000000002
157.05,3,2,151.970001220703,0,157.060000000002
157.06,3,2,151.979995727539,0,157.070000000002
157.07,3,2,151.990005493164,0,157.080000000002
157.08,3,2,151.990005493164,0,157.080000000002
157.09,3,2,152.009994506836,0,157.100000000002
157.1,3,2,152.020004272461,0,157.110000000002
157.11,3,2,152.029998779297,0,157.120000000002
157.12,3,2,152.039993286133,0,157.130000000002
157.13,3,2,152.050003051758,0,157.140000000002
157.14,3,2,152.050003051758,0,157.140000000002
157.15,3,2,152.070007324219,0,157.160000000002
157.16,3,2,152.080001831055,0,157.170000000002
157.17,3,2,152.089996337891,0,157.180000000002
157.18,3,2,152.100006103516,0,157.190000000002
157.19,3,2,152.110000610352,0,157.200000000002
157.2,3,2,152.110000610352,0,157.200000000002
157.21,3,2,152.130004882812,0,157.220000000002
157.22,3,2,152.139999389648,0,157.230000000002
157.23,3,2,152.149993896484,0,157.240000000002
157.24,3,2,152.160003662109,0,157.250000000002
157.25,3,2,152.169998168945,0,157.260000000002
157.26,3,2,152.179992675781,0,157.270000000002
157.27,3,2,152.179992675781,0,157.270000000002
157.28,3,2,152.199996948242,0,157.290000000002
157.29,3,2,152.210006713867,0,157.300000000002
157.3,3,2,152.220001220703,0,157.310000000002
157.31,3,2,152.229995727539,0,157.320000000002
157.32,3,2,152.240005493164,0,157.330000000002
157.33,3,2,152.240005493164,0,157.330000000002
157.34,3,2,152.259994506836,0,157.350000000002
157.35,3,2,152.270004272461,0,157.360000000002
157.36,3,2,152.279998779297,0,157.370000000002
157.37,3,2,152.289993286133,0,157.380000000002
157.38,3,2,152.300003051758,0,157.390000000002
157.39,3,2,152.300003051758,0,157.390000000002
157.4,3,2,152.320007324219,0,157.410000000002
157.41,3,2,152.330001831055,0,157.420000000002
157.42,3,2,152.339996337891,0,157.430000000002
157.43,3,2,152.350006103516,0,157.440000000002
157.44,3,2,152.360000610352,0,157.450000000002
157.45,3,2,152.360000610352,0,157.450000000002
157.46,3,2,152.380004882812,0,157.470000000002
157.47,3,2,152.389999389648,0,157.480000000002
157.48,3,2,152.399993896484,0,157.490000000002
157.49,3,2,152.410003662109,0,157.500000000002
157.5,3,2,152.419998168945,0,157.510000000002
157.51,3,2,152.429992675781,0,157.520000000002
157.52,3,2,152.429992675781,0,157.520000000002
157.53,3,2,152.449996948242,0,157.540000000002
157.54,3,2,152.460006713867,0,157.550000000002
157.55,3,2,152.470001220703,0,157.560000000002
157.56,3,2,152.479995727539,0,157.570000000002
157.57,3,2,152.490005493164,0,157.580000000002
157.58,3,2,152.490005493164,0,157.580000000002
157.59,3,2,152.509994506836,0,157.600000000002
157.6,3,2,152.520004272461,0,157.610000000002
157.61,3,2,152.529998779297,0,157.620000000002
157.62,3,2,152.539993286133,0,157.630000000002
157.63,3,2,152.550003051758,0,157.640000000002
157.64,3,2,152.550003051758,0,157.640000000002
157.65,3,2,152.570007324219,0,157.660000000002
157.66,3,2,152.580001831055,0,157.670000000002
157.67,3,2,152.589996337891,0,157.680000000002
157.68,3,2,152.600006103516,0,157.690000000002
157.69,3,2,152.610000610352,0,157.700000000002
157.7,3,2,152.610000610352,0,157.700000000002
157.71,3,2,152.630004882812,0,157.720000000002
157.72,3,2,152.639999389648,0,157.730000000002
157.73,3,2,152.649993896484,0,157.740000000002
157.74,3,2,152.660003662109,0,157.750000000002
157.75,3,2,152.669998168945,0,157.760000000001
157.76,3,2,152.679992675781,0,157.770000000001
157.77,3,2,152.679992675781,0,157.770000000001
157.78,3,2,152.699996948242,0,157.790000000001
157.79,3,2,152.710006713867,0,157.800000000001
157.8,3,2,152.720001220703,0,157.810000000001
157.81,3,2,152.729995727539,0,157.820000000001
157.82,3,2,152.740005493164,0,157.830000000001
157.83,3,2,152.740005493164,0,157.830000000001
157.84,3,2,152.759994506836,0,157.850000000001
157.85,3,2,152.770004272461,0,157.860000000001
157.86,3,2,152.779998779297,0,157.870000000001
157.87,3,2,152.789993286133,0,157.880000000001
157.88,3,2,152.800003051758,0,157.890000000001
157.89,3,2,152.800003051758,0,157.890000000001
157.9,3,2,152.820007324219,0,157.910000000001
157.91,3,2,152.830001831055,0,157.920000000001
157.92,3,2,152.839996337891,0,157.930000000001
157.93,3,2,152.850006103516,0,157.940000000001
157.94,3,2,152.860000610352,0,157.950000000001
157.95,3,2,152.860000610352,0,157.950000000001
157.96,3,2,152.880004882812,0,157.970000000001
157.97,3,2,152.889999389648,0,157.980000000001
157.98,3,2,152.899993896484,0,157.990000000001
157.99,3,2,152.910003662109,0,158.000000000001
158,3,2,152.919998168945,0,158.010000000001
158.01,3,2,152.929992675781,0,158.020000000001
158.02,3,2,152.929992675781,0,158.020000000001
158.03,3,2,152.949996948242,0,158.040000000001
158.04,3,2,152.960006713867,0,158.050000000001
158.05,3,2,152.970001220703,0,158.060000000001
158.06,3,2,152.979995727539,0,158.070000000001
158.07,3,2,152.990005493164,0,158.080000000001
158.08,3,2,152.990005493164,0,158.080000000001
158.09,3,2,153.009994506836,0,158.100000000001
158.1,3,2,153.020004272461,0,158.110000000001
158.11,3,2,153.029998779297,0,158.120000000001
158.12,3,2,153.039993286133,0,158.130000000001
158.13,3,2,153.050003051758,0,158.140000000001
158.14,3,2,153.050003051758,0,158.140000000001
158.15,3,2,153.070007324219,0,158.160000000001
158.16,3,2,153.080001831055,0,158.170000000001
158.17,3,2,153.089996337891,0,158.180000000001
158.18,3,2,153.100006103516,0,158.190000000001
158.19,3,2,153.110000610352,0,158.200000000001
158.2,3,2,153.110000610352,0,158.200000000001
158.21,3,2,153.130004882812,0,158.220000000001
158.22,3,2,153.139999389648,0,158.230000000001
158.23,3,2,153.149993896484,0,158.240000000001
158.24,3,2,153.160003662109,0,158.250000000001
158.25,3,2,153.169998168945,0,158.260000000001
158.26,3,2,153.179992675781,0,158.270000000001
158.27,3,2,153.179992675781,0,158.270000000001
158.28,3,2,153.199996948242,0,158.290000000001
158.29,3,2,153.210006713867,0,158.300000000001
158.3,3,2,153.220001220703,0,158.310000000001
158.31,3,2,153.229995727539,0,158.320000000001
158.32,3,2,153.240005493164,0,158.330000000001
158.33,3,2,153.240005493164,0,158.330000000001
158.34,3,2,153.259994506836,0,158.350000000001
158.35,3,2,153.270004272461,0,158.360000000001
158.36,3,2,153.279998779297,0,158.370000000001
158.37,3,2,153.289993286133,0,158.380000000001
158.38,3,2,153.300003051758,0,158.390000000001
158.39,3,2,153.300003051758,0,158.390000000001
158.4,3,2,153.320007324219,0,158.410000000001
158.41,3,2,153.330001831055,0,158.420000000001
158.42,3,2,153.339996337891,0,158.430000000001
158.43,3,2,153.350006103516,0,158.440000000001
158.44,3,2,153.360000610352,0,158.450000000001
158.45,3,2,153.360000610352,0,158.450000000001
158.46,3,2,153.380004882812,0,158.470000000001
158.47,3,2,153.389999389648,0,158.480000000001
158.48,3,2,153.399993896484,0,158.490000000001
158.49,3,2,153.410003662109,0,158.500000000001
158.5,3,2,153.419998168945,0,158.510000000001
158.51,3,2,153.429992675781,0,158.520000000001
158.52,3,2,153.429992675781,0,158.520000000001
158.53,3,2,153.449996948242,0,158.540000000001
158.54,3,2,153.460006713867,0,158.550000000001
158.55,3,2,153.470001220703,0,158.560000000001
158.56,3,2,153.479995727539,0,158.570000000001
158.57,3,2,153.490005493164,0,158.580000000001
158.58,3,2,153.490005493164,0,158.580000000001
158.59,3,2,153.509994506836,0,158.600000000001
158.6,3,2,153.520004272461,0,158.610000000001
158.61,3,2,153.529998779297,0,158.620000000001
158.62,3,2,153.539993286133,0,158.630000000001
158.63,3,2,153.550003051758,0,158.640000000001
158.64,3,2,153.550003051758,0,158.640000000001
158.65,3,2,153.570007324219,0,158.660000000001
158.66,3,2,153.580001831055,0,158.670000000001
158.67,3,2,153.589996337891,0,158.680000000001
158.68,3,2,153.600006103516,0,158.690000000001
158.69,3,2,153.610000610352,0,158.700000000001
158.7,3,2,153.610000610352,0,158.700000000001
158.71,3,2,153.630004882812,0,158.720000000001
158.72,3,2,153.639999389648,0,158.730000000001
158.73,3,2,153.649993896484,0,158.740000000001
158.74,3,2,153.660003662109,0,158.750000000001
158.75,3,2,153.669998168945,0,158.760000000001
158.76,3,2,153.679992675781,0,158.770000000001
158.77,3,2,153.679992675781,0,158.770000000001
158.78,3,2,153.699996948242,0,158.790000000001
158.79,3,2,153.710006713867,0,158.800000000001
158.8,3,2,153.720001220703,0,158.810000000001
158.81,3,2,153.729995727539,0,158.820000000001
158.82,3,2,153.740005493164,0,158.830000000001
158.83,3,2,153.740005493164,0,158.830000000001
158.84,3,2,153.759994506836,0,158.850000000001
158.85,3,2,153.770004272461,0,158.86
158.86,3,2,153.779998779297,0,158.87
158.87,3,2,153.789993286133,0,158.88
158.88,3,2,153.800003051758,0,158.89
158.89,3,2,153.800003051758,0,158.89
158.9,3,2,153.820007324219,0,158.91
158.91,3,2,153.830001831055,0,158.92
158.92,3,2,153.839996337891,0,158.93
158.93,3,2,153.850006103516,0,158.94
158.94,3,2,153.860000610352,0,158.95
158.95,3,2,153.860000610352,0,158.95
158.96,3,2,153.880004882812,0,158.97
158.97,3,2,153.889999389648,0,158.98
158.98,3,2,153.899993896484,0,158.99
158.99,3,2,153.910003662109,0,159
159,3,2,153.919998168945,0,159.01
159.01,3,2,153.929992675781,0,159.02
159.02,3,2,153.929992675781,0,159.02
159.03,3,2,153.949996948242,0,159.04
159.04,3,2,153.960006713867,0,159.05
159.05,3,2,153.970001220703,0,159.06
159.06,3,2,153.979995727539,0,159.07
159.07,3,2,153.990005493164,0,159.08
159.08,3,2,153.990005493164,0,159.08
159.09,3,2,154.009994506836,0,159.1
159.1,3,2,154.020004272461,0,159.11
159.11,3,2,154.029998779297,0,159.12
159.12,3,2,154.039993286133,0,159.13
159.13,3,2,154.050003051758,0,159.14
159.14,3,2,154.050003051758,0,159.14
159.15,3,2,154.070007324219,0,159.16
159.16,3,2,154.080001831055,0,159.17
159.17,3,2,154.089996337891,0,159.18
159.18,3,2,154.100006103516,0,159.19
159.19,3,2,154.110000610352,0,159.2
159.2,3,2,154.110000610352,0,159.2
159.21,3,2,154.130004882812,0,159.22
159.22,3,2,154.139999389648,0,159.23
159.23,3,2,154.149993896484,0,159.24
159.24,3,2,154.160003662109,0,159.25
159.25,3,2,154.169998168945,0,159.26
159.26,3,2,154.179992675781,0,159.27
159.27,3,2,154.179992675781,0,159.27
159.28,3,2,154.199996948242,0,159.29
159.29,3,2,154.210006713867,0,159.3
159.3,3,2,154.220001220703,0,159.31
159.31,3,2,154.229995727539,0,159.32
159.32,3,2,154.240005493164,0,159.33
159.33,3,2,154.240005493164,0,159.33
159.34,3,2,154.259994506836,0,159.35
159.35,3,2,154.270004272461,0,159.36
159.36,3,2,154.279998779297,0,159.37
159.37,3,2,154.289993286133,0,159.38
159.38,3,2,154.300003051758,0,159.39
159.39,3,2,154.300003051758,0,159.39
159.4,3,2,154.320007324219,0,159.41
159.41,3,2,154.330001831055,0,159.42
159.42,3,2,154.339996337891,0,159.43
159.43,3,2,154.350006103516,0,159.44
159.44,3,2,154.360000610352,0,159.45
159.45,3,2,154.360000610352,0,159.45
159.46,3,2,154.380004882812,0,159.47
159.47,3,2,154.389999389648,0,159.48
159.48,3,2,154.399993896484,0,159.49
159.49,3,2,154.410003662109,0,159.5
159.5,3,2,154.419998168945,0,159.51
159.51,3,2,154.429992675781,0,159.52
159.52,3,2,154.429992675781,0,159.52
159.53,3,2,154.449996948242,0,159.54
159.54,3,2,154.460006713867,0,159.55
159.55,3,2,154.470001220703,0,159.56
159.56,3,2,154.479995727539,0,159.57
159.57,3,2,154.490005493164,0,159.58
159.58,3,2,154.490005493164,0,159.58
159.59,3,2,154.509994506836,0,159.6
159.6,3,2,154.520004272461,0,159.61
159.61,3,2,154.529998779297,0,159.62
159.62,3,2,154.539993286133,0,159.63
159.63,3,2,154.550003051758,0,159.64
159.64,3,2,154.550003051758,0,159.64
159.65,3,2,154.570007324219,0,159.66
159.66,3,2,154.580001831055,0,159.67
159.67,3,2,154.589996337891,0,159.68
159.68,3,2,154.600006103516,0,159.69
159.69,3,2,154.610000610352,0,159.7
159.7,3,2,154.610000610352,0,159.7
159.71,3,2,154.630004882812,0,159.72
159.72,3,2,154.639999389648,0,159.73
159.73,3,2,154.649993896484,0,159.74
159.74,3,2,154.660003662109,0,159.75
159.75,3,2,154.669998168945,0,159.76
159.76,3,2,154.679992675781,0,159.77
159.77,3,2,154.679992675781,0,159.77
159.78,3,2,154.699996948242,0,159.79
159.79,3,2,154.710006713867,0,159.8
159.8,3,2,154.720001220703,0,159.81
159.81,3,2,154.729995727539,0,159.82
159.82,3,2,154.740005493164,0,159.83
159.83,3,2,154.740005493164,0,159.83
159.84,3,2,154.759994506836,0,159.85
159.85,3,2,154.770004272461,0,159.86
159.86,3,2,154.779998779297,0,159.87
159.87,3,2,154.789993286133,0,159.88
159.88,3,2,154.800003051758,0,159.89
159.89,3,2,154.800003051758,0,159.89
159.9,3,2,154.820007324219,0,159.91
159.91,3,2,154.830001831055,0,159.92
159.92,3,2,154.839996337891,0,159.93
159.93,3,2,154.850006103516,0,159.94
159.94,3,2,154.860000610352,0,159.95
159.95,3,2,154.860000610352,0,159.95
159.96,3,2,154.880004882812,0,159.969999999999
159.97,3,2,154.889999389648,0,159.979999999999
159.98,3,2,154.899993896484,0,159.989999999999
159.99,3,2,154.910003662109,0,159.999999999999
160,3,2,154.919998168945,0,160.009999999999
160.01,3,2,154.929992675781,0,160.019999999999
160.02,3,2,154.929992675781,0,160.019999999999
160.03,3,2,154.949996948242,0,160.039999999999
160.04,3,2,154.960006713867,0,160.049999999999
160.05,3,2,154.970001220703,0,160.059999999999
160.06,3,2,154.979995727539,0,160.069999999999
160.07,3,2,154.990005493164,0,160.079999999999
160.08,3,2,154.990005493164,0,160.079999999999
160.09,3,2,155.009994506836,0,160.099999999999
160.1,3,2,155.020004272461,0,160.109999999999
160.11,3,2,155.029998779297,0,160.119999999999
160.12,3,2,155.039993286133,0,160.129999999999
160.13,3,2,155.050003051758,0,160.139999999999
160.14,3,2,155.050003051758,0,160.139999999999
160.15,3,2,155.070007324219,0,160.159999999999
160.16,3,2,155.080001831055,0,160.169999999999
160.17,3,2,155.089996337891,0,160.179999999999
160.18,3,2,155.100006103516,0,160.189999999999
160.19,3,2,155.110000610352,0,160.199999999999
160.2,3,2,155.110000610352,0,160.199999999999
160.21,3,2,155.130004882812,0,160.219999999999
160.22,3,2,155.139999389648,0,160.229999999999
160.23,3,2,155.149993896484,0,160.239999999999
160.24,3,2,155.160003662109,0,160.249999999999
160.25,3,2,155.169998168945,0,160.259999999999
160.26,3,2,155.179992675781,0,160.269999999999
160.27,3,2,155.179992675781,0,160.269999999999
160.28,3,2,155.199996948242,0,160.289999999999
160.29,3,2,155.210006713867,0,160.299999999999
160.3,3,2,155.220001220703,0,160.309999999999
160.31,3,2,155.229995727539,0,160.319999999999
160.32,3,2,155.240005493164,0,160.329999999999
160.33,3,2,155.240005493164,0,160.329999999999
160.34,3,2,155.259994506836,0,160.349999999999
160.35,3,2,155.270004272461,0,160.359999999999
160.36,3,2,155.279998779297,0,160.369999999999
160.37,3,2,155.289993286133,0,160.379999999999
160.38,3,2,155.300003051758,0,160.389999999999
160.39,3,2,155.300003051758,0,160.389999999999
160.4,3,2,155.320007324219,0,160.409999999999
160.41,3,2,155.330001831055,0,160.419999999999
160.42,3,2,155.339996337891,0,160.429999999999
160.43,3,2,155.350006103516,0,160.439999999999
160.44,3,2,155.360000610352,0,160.449999999999
160.45,3,2,155.360000610352,0,160.449999999999
160.46,3,2,155.380004882812,0,160.469999999999
160.47,3,2,155.389999389648,0,160.479999999999
160.48,3,2,155.399993896484,0,160.489999999999
160.49,3,2,155.410003662109,0,160.499999999999
160.5,3,2,155.419998168945,0,160.509999999999
160.51,3,2,155.429992675781,0,160.519999999999
160.52,3,2,155.429992675781,0,160.519999999999
160.53,3,2,155.449996948242,0,160.539999999999
160.54,3,2,155.460006713867,0,160.549999999999
160.55,3,2,155.470001220703,0,160.559999999999
160.56,3,2,155.479995727539,0,160.569999999999
160.57,3,2,155.490005493164,0,160.579999999999
160.58,3,2,155.490005493164,0,160.579999999999
160.59,3,2,155.509994506836,0,160.599999999999
160.6,3,2,155.520004272461,0,160.609999999999
160.61,3,2,155.529998779297,0,160.619999999999
160.62,3,2,155.539993286133,0,160.629999999999
160.63,3,2,155.550003051758,0,160.639999999999
160.64,3,2,155.550003051758,0,160.639999999999
160.65,3,2,155.570007324219,0,160.659999999999
160.66,3,2,155.580001831055,0,160.669999999999
160.67,3,2,155.589996337891,0,160.679999999999
160.68,3,2,155.600006103516,0,160.689999999999
160.69,3,2,155.610000610352,0,160.699999999999
160.7,3,2,155.610000610352,0,160.699999999999
160.71,3,2,155.630004882812,0,160.719999999999
160.72,3,2,155.639999389648,0,160.729999999999
160.73,3,2,155.649993896484,0,160.739999999999
160.74,3,2,155.660003662109,0,160.749999999999
160.75,3,2,155.669998168945,0,160.759999999999
160.76,3,2,155.679992675781,0,160.769999999999
160.77,3,2,155.679992675781,0,160.769999999999
160.78,3,2,155.699996948242,0,160.789999999999
160.79,3,2,155.710006713867,0,160.799999999999
160.8,3,2,155.720001220703,0,160.809999999999
160.81,3,2,155.729995727539,0,160.819999999999
160.82,3,2,155.740005493164,0,160.829999999999
160.83,3,2,155.740005493164,0,160.829999999999
160.84,3,2,155.759994506836,0,160.849999999999
160.85,3,2,155.770004272461,0,160.859999999999
160.86,3,2,155.779998779297,0,160.869999999999
160.87,3,2,155.789993286133,0,160.879999999999
160.88,3,2,155.800003051758,0,160.889999999999
160.89,3,2,155.800003051758,0,160.889999999999
160.9,3,2,155.820007324219,0,160.909999999999
160.91,3,2,155.830001831055,0,160.919999999999
160.92,3,2,155.839996337891,0,160.929999999999
160.93,3,2,155.850006103516,0,160.939999999999
160.94,3,2,155.860000610352,0,160.949999999999
160.95,3,2,155.860000610352,0,160.949999999999
160.96,3,2,155.880004882812,0,160.969999999999
160.97,3,2,155.889999389648,0,160.979999999999
160.98,3,2,155.899993896484,0,160.989999999999
160.99,3,2,155.910003662109,0,160.999999999999
161,3,2,155.919998168945,0,161.009999999999
161.01,3,2,155.929992675781,0,161.019999999999
161.02,3,2,155.929992675781,0,161.019999999999
161.03,3,2,155.949996948242,0,161.039999999999
161.04,3,2,155.960006713867,0,161.049999999999
161.05,3,2,155.970001220703,0,161.059999999998
161.06,3,2,155.979995727539,0,161.069999999998
161.07,3,2,155.990005493164,0,161.079999999998
161.08,3,2,155.990005493164,0,161.079999999998
161.09,3,2,156.009994506836,0,161.099999999998
161.1,3,2,156.020004272461,0,161.109999999998
161.11,3,2,156.029998779297,0,161.119999999998
161.12,3,2,156.039993286133,0,161.129999999998
161.13,3,2,156.050003051758,0,161.139999999998
161.14,3,2,156.050003051758,0,161.139999999998
161.15,3,2,156.070007324219,0,161.159999999998
161.16,3,2,156.080001831055,0,161.169999999998
161.17,3,2,156.089996337891,0,161.179999999998
161.18,3,2,156.100006103516,0,161.189999999998
161.19,3,2,156.110000610352,0,161.199999999998
161.2,3,2,156.110000610352,0,161.199999999998
161.21,3,2,156.130004882812,0,161.219999999998
161.22,3,2,156.139999389648,0,161.229999999998
161.23,3,2,156.149993896484,0,161.239999999998
161.24,3,2,156.160003662109,0,161.249999999998
161.25,3,2,156.169998168945,0,161.259999999998
161.26,3,2,156.179992675781,0,161.269999999998
161.27,3,2,156.179992675781,0,161.269999999998
161.28,3,2,156.199996948242,0,161.289999999998
161.29,3,2,156.210006713867,0,161.299999999998
161.3,3,2,156.220001220703,0,161.309999999998
161.31,3,2,156.229995727539,0,161.319999999998
161.32,3,2,156.240005493164,0,161.329999999998
161.33,3,2,156.240005493164,0,161.329999999998
161.34,3,2,156.259994506836,0,161.349999999998
161.35,3,2,156.270004272461,0,161.359999999998
161.36,3,2,156.279998779297,0,161.369999999998
161.37,3,2,156.289993286133,0,161.379999999998
161.38,3,2,156.300003051758,0,161.389999999998
161.39,3,2,156.300003051758,0,161.389999999998
161.4,3,2,156.320007324219,0,161.409999999998
161.41,3,2,156.330001831055,0,161.419999999998
161.42,3,2,156.339996337891,0,161.429999999998
161.43,3,2,156.350006103516,0,161.439999999998
161.44,3,2,156.360000610352,0,161.449999999998
161.45,3,2,156.360000610352,0,161.449999999998
161.46,3,2,156.380004882812,0,161.469999999998
161.47,3,2,156.389999389648,0,161.479999999998
161.48,3,2,156.399993896484,0,161.489999999998
161.49,3,2,156.410003662109,0,161.499999999998
161.5,3,2,156.419998168945,0,161.509999999998
161.51,3,2,156.429992675781,0,161.519999999998
161.52,3,2,156.429992675781,0,161.519999999998
161.53,3,2,156.449996948242,0,161.539999999998
161.54,3,2,156.460006713867,0,161.549999999998
161.55,3,2,156.470001220703,0,161.559999999998
161.56,3,2,156.479995727539,0,161.569999999998
161.57,3,2,156.490005493164,0,161.579999999998
161.58,3,2,156.490005493164,0,161.579999999998
161.59,3,2,156.509994506836,0,161.599999999998
161.6,3,2,156.520004272461,0,161.609999999998
161.61,3,2,156.529998779297,0,161.619999999998
161.62,3,2,156.539993286133,0,161.629999999998
161.63,3,2,156.550003051758,0,161.639999999998
161.64,3,2,156.550003051758,0,161.639999999998
161.65,3,2,156.570007324219,0,161.659999999998
161.66,3,2,156.580001831055,0,161.669999999998
161.67,3,2,156.589996337891,0,161.679999999998
161.68,3,2,156.600006103516,0,161.689999999998
161.69,3,2,156.610000610352,0,161.699999999998
161.7,3,2,156.610000610352,0,161.699999999998
161.71,3,2,156.630004882812,0,161.719999999998
161.72,3,2,156.639999389648,0,161.729999999998
161.73,3,2,156.649993896484,0,161.739999999998
161.74,3,2,156.660003662109,0,161.749999999998
161.75,3,2,156.669998168945,0,161.759999999998
161.76,3,2,156.679992675781,0,161.769999999998
161.77,3,2,156.679992675781,0,161.769999999998
161.78,3,2,156.699996948242,0,161.789999999998
161.79,3,2,156.710006713867,0,161.799999999998
161.8,3,2,156.720001220703,0,161.809999999998
161.81,3,2,156.729995727539,0,161.819999999998
161.82,3,2,156.740005493164,0,161.829999999998
161.83,3,2,156.740005493164,0,161.829999999998
161.84,3,2,156.759994506836,0,161.849999999998
161.85,3,2,156.770004272461,0,161.859999999998
161.86,3,2,156.779998779297,0,161.869999999998
161.87,3,2,156.789993286133,0,161.879999999998
161.88,3,2,156.800003051758,0,161.889999999998
161.89,3,2,156.800003051758,0,161.889999999998
161.9,3,2,156.820007324219,0,161.909999999998
161.91,3,2,156.830001831055,0,161.919999999998
161.92,3,2,156.839996337891,0,161.929999999998
161.93,3,2,156.850006103516,0,161.939999999998
161.94,3,2,156.860000610352,0,161.949999999998
161.95,3,2,156.860000610352,0,161.949999999998
161.96,3,2,156.880004882812,0,161.969999999998
161.97,3,2,156.889999389648,0,161.979999999998
161.98,3,2,156.899993896484,0,161.989999999998
161.99,3,2,156.910003662109,0,161.999999999998
162,3,2,156.919998168945,0,162.009999999998
162.01,3,2,156.929992675781,0,162.019999999998
162.02,3,2,156.929992675781,0,162.019999999998
162.03,3,2,156.949996948242,0,162.039999999998
162.04,3,2,156.960006713867,0,162.049999999998
162.05,3,2,156.970001220703,0,162.059999999998
162.06,3,2,156.979995727539,0,162.069999999998
162.07,3,2,156.990005493164,0,162.079999999998
162.08,3,2,156.990005493164,0,162.079999999998
162.09,3,2,157.009994506836,0,162.099999999998
162.1,3,2,157.020004272461,0,162.109999999998
162.11,3,2,157.029998779297,0,162.119999999998
162.12,3,2,157.039993286133,0,162.129999999998
162.13,3,2,157.050003051758,0,162.139999999998
162.14,3,2,157.050003051758,0,162.139999999998
162.15,3,2,157.070007324219,0,162.159999999997
162.16,3,2,157.080001831055,0,162.169999999997
162.17,3,2,157.089996337891,0,162.179999999997
162.18,3,2,157.100006103516,0,162.189999999997
162.19,3,2,157.110000610352,0,162.199999999997
162.2,3,2,157.110000610352,0,162.199999999997
162.21,3,2,157.130004882812,0,162.219999999997
162.22,3,2,157.139999389648,0,162.229999999997
162.23,3,2,157.149993896484,0,162.239999999997
162.24,3,2,157.160003662109,0,162.249999999997
162.25,3,2,157.169998168945,0,162.259999999997
162.26,3,2,157.179992675781,0,162.269999999997
162.27,3,2,157.179992675781,0,162.269999999997
162.28,3,2,157.199996948242,0,162.289999999997
162.29,3,2,157.210006713867,0,162.299999999997
162.3,3,2,157.220001220703,0,162.309999999997
162.31,3,2,157.229995727539,0,162.319999999997
162.32,3,2,157.240005493164,0,162.329999999997
162.33,3,2,157.240005493164,0,162.329999999997
162.34,3,2,157.259994506836,0,162.349999999997
162.35,3,2,157.270004272461,0,162.359999999997
162.36,3,2,157.279998779297,0,162.369999999997
162.37,3,2,157.289993286133,0,162.379999999997
162.38,3,2,157.300003051758,0,162.389999999997
162.39,3,2,157.300003051758,0,162.389999999997
162.4,3,2,157.320007324219,0,162.409999999997
162.41,3,2,157.330001831055,0,162.419999999997
162.42,3,2,157.339996337891,0,162.429999999997
162.43,3,2,157.350006103516,0,162.439999999997
162.44,3,2,157.360000610352,0,162.449999999997
162.45,3,2,157.360000610352,0,162.449999999997
162.46,3,2,157.380004882812,0,162.469999999997
162.47,3,2,157.389999389648,0,162.479999999997
162.48,3,2,157.399993896484,0,162.489999999997
162.49,3,2,157.410003662109,0,162.499999999997
162.5,3,2,157.419998168945,0,162.509999999997
162.51,3,2,157.429992675781,0,162.519999999997
162.52,3,2,157.429992675781,0,162.519999999997
162.53,3,2,157.449996948242,0,162.539999999997
162.54,3,2,157.460006713867,0,162.549999999997
162.55,3,2,157.470001220703,0,162.559999999997
162.56,3,2,157.479995727539,0,162.569999999997
162.57,3,2,157.490005493164,0,162.579999999997
162.58,3,2,157.490005493164,0,162.579999999997
162.59,3,2,157.509994506836,0,162.599999999997
162.6,3,2,157.520004272461,0,162.609999999997
162.61,3,2,157.529998779297,0,162.619999999997
162.62,3,2,157.539993286133,0,162.629999999997
162.63,3,2,157.550003051758,0,162.639999999997
162.64,3,2,157.550003051758,0,162.639999999997
162.65,3,2,157.570007324219,0,162.659999999997
162.66,3,2,157.580001831055,0,162.669999999997
162.67,3,2,157.589996337891,0,162.679999999997
162.68,3,2,157.600006103516,0,162.689999999997
162.69,3,2,157.610000610352,0,162.699999999997
162.7,3,2,157.610000610352,0,162.699999999997
162.71,3,2,157.630004882812,0,162.719999999997
162.72,3,2,157.639999389648,0,162.729999999997
162.73,3,2,157.649993896484,0,162.739999999997
162.74,3,2,157.660003662109,0,162.749999999997
162.75,3,2,157.669998168945,0,162.759999999997
162.76,3,2,157.679992675781,0,162.769999999997
162.77,3,2,157.679992675781,0,162.769999999997
162.78,3,2,157.699996948242,0,162.789999999997
162.79,3,2,157.710006713867,0,162.799999999997
162.8,3,2,157.720001220703,0,162.809999999997
162.81,3,2,157.729995727539,0,162.819999999997
162.82,3,2,157.740005493164,0,162.829999999997
162.83,3,2,157.740005493164,0,162.829999999997
162.84,3,2,157.759994506836,0,162.849999999997
162.85,3,2,157.770004272461,0,162.859999999997
162.86,3,2,157.779998779297,0,162.869999999997
162.87,3,2,157.789993286133,0,162.879999999997
162.88,3,2,157.800003051758,0,162.889999999997
162.89,3,2,157.800003051758,0,162.889999999997
162.9,3,2,157.820007324219,0,162.909999999997
162.91,3,2,157.830001831055,0,162.919999999997
162.92,3,2,157.839996337891,0,162.929999999997
162.93,3,2,157.850006103516,0,162.939999999997
162.94,3,2,157.860000610352,0,162.949999999997
162.95,3,2,157.860000610352,0,162.949999999997
162.96,3,2,157.880004882812,0,162.969999999997
162.97,3,2,157.889999389648,0,162.979999999997
162.98,3,2,157.899993896484,0,162.989999999997
162.99,3,2,157.910003662109,0,162.999999999997
163,3,2,157.919998168945,0,163.009999999997
163.01,3,2,157.929992675781,0,163.019999999997
163.02,3,2,157.929992675781,0,163.019999999997
163.03,3,2,157.949996948242,0,163.039999999997
163.04,3,2,157.960006713867,0,163.049999999997
163.05,3,2,157.970001220703,0,163.059999999997
163.06,3,2,157.979995727539,0,163.069999999997
163.07,3,2,157.990005493164,0,163.079999999997
163.08,3,2,157.990005493164,0,163.079999999997
163.09,3,2,158.009994506836,0,163.099999999997
163.1,3,2,158.020004272461,0,163.109999999997
163.11,3,2,158.029998779297,0,163.119999999997
163.12,3,2,158.039993286133,0,163.129999999997
163.13,3,2,158.050003051758,0,163.139999999997
163.14,3,2,158.050003051758,0,163.139999999997
163.15,3,2,158.070007324219,0,163.159999999997
163.16,3,2,158.080001831055,0,163.169999999997
163.17,3,2,158.089996337891,0,163.179999999997
163.18,3,2,158.100006103516,0,163.189999999997
163.19,3,2,158.110000610352,0,163.199999999997
163.2,3,2,158.110000610352,0,163.199999999997
163.21,3,2,158.130004882812,0,163.219999999997
163.22,3,2,158.139999389648,0,163.229999999997
163.23,3,2,158.149993896484,0,163.239999999997
163.24,3,2,158.160003662109,0,163.249999999997
163.25,3,2,158.169998168945,0,163.259999999996
163.26,3,2,158.179992675781,0,163.269999999996
163.27,3,2,158.179992675781,0,163.269999999996
163.28,3,2,158.199996948242,0,163.289999999996
163.29,3,2,158.210006713867,0,163.299999999996
163.3,3,2,158.220001220703,0,163.309999999996
163.31,3,2,158.229995727539,0,163.319999999996
163.32,3,2,158.240005493164,0,163.329999999996
163.33,3,2,158.240005493164,0,163.329999999996
163.34,3,2,158.259994506836,0,163.349999999996
163.35,3,2,158.270004272461,0,163.359999999996
163.36,3,2,158.279998779297,0,163.369999999996
163.37,3,2,158.289993286133,0,163.379999999996
163.38,3,2,158.300003051758,0,163.389999999996
163.39,3,2,158.300003051758,0,163.389999999996
163.4,3,2,158.320007324219,0,163.409999999996
163.41,3,2,158.330001831055,0,163.419999999996
163.42,3,2,158.339996337891,0,163.429999999996
163.43,3,2,158.350006103516,0,163.439999999996
163.44,3,2,158.360000610352,0,163.449999999996
163.45,3,2,158.360000610352,0,163.449999999996
163.46,3,2,158.380004882812,0,163.469999999996
163.47,3,2,158.389999389648,0,163.479999999996
163.48,3,2,158.399993896484,0,163.489999999996
163.49,3,2,158.410003662109,0,163.499999999996
163.5,3,2,158.419998168945,0,163.509999999996
163.51,3,2,158.429992675781,0,163.519999999996
163.52,3,2,158.429992675781,0,163.519999999996
163.53,3,2,158.449996948242,0,163.539999999996
163.54,3,2,158.460006713867,0,163.549999999996
163.55,3,2,158.470001220703,0,163.559999999996
163.56,3,2,158.479995727539,0,163.569999999996
163.57,3,2,158.490005493164,0,163.579999999996
163.58,3,2,158.490005493164,0,163.579999999996
163.59,3,2,158.509994506836,0,163.599999999996
163.6,3,2,158.520004272461,0,163.609999999996
163.61,3,2,158.529998779297,0,163.619999999996
163.62,3,2,158.539993286133,0,163.629999999996
163.63,3,2,158.550003051758,0,163.639999999996
163.64,3,2,158.550003051758,0,163.639999999996
163.65,3,2,158.570007324219,0,163.659999999996
163.66,3,2,158.580001831055,0,163.669999999996
163.67,3,2,158.589996337891,0,163.679999999996
163.68,3,2,158.600006103516,0,163.689999999996
163.69,3,2,158.610000610352,0,163.699999999996
163.7,3,2,158.610000610352,0,163.699999999996
163.71,3,2,158.630004882812,0,163.719999999996
163.72,3,2,158.639999389648,0,163.729999999996
163.73,3,2,158.649993896484,0,163.739999999996
163.74,3,2,158.660003662109,0,163.749999999996
163.75,3,2,158.669998168945,0,163.759999999996
163.76,3,2,158.679992675781,0,163.769999999996
163.77,3,2,158.679992675781,0,163.769999999996
163.78,3,2,158.699996948242,0,163.789999999996
163.79,3,2,158.710006713867,0,163.799999999996
163.8,3,2,158.720001220703,0,163.809999999996
163.81,3,2,158.729995727539,0,163.819999999996
163.82,3,2,158.740005493164,0,163.829999999996
163.83,3,2,158.740005493164,0,163.829999999996
163.84,3,2,158.759994506836,0,163.849999999996
163.85,3,2,158.770004272461,0,163.859999999996
163.86,3,2,158.779998779297,0,163.869999999996
163.87,3,2,158.789993286133,0,163.879999999996
163.88,3,2,158.800003051758,0,163.889999999996
163.89,3,2,158.800003051758,0,163.889999999996
163.9,3,2,158.820007324219,0,163.909999999996
163.91,3,2,158.830001831055,0,163.919999999996
163.92,3,2,158.839996337891,0,163.929999999996
163.93,3,2,158.850006103516,0,163.939999999996
163.94,3,2,158.860000610352,0,163.949999999996
163.95,3,2,158.860000610352,0,163.949999999996
163.96,3,2,158.880004882812,0,163.969999999996
163.97,3,2,158.889999389648,0,163.979999999996
163.98,3,2,158.899993896484,0,163.989999999996
163.99,3,2,158.910003662109,0,163.999999999996
164,3,2,158.919998168945,0,164.009999999996
164.01,3,2,158.929992675781,0,164.019999999996
164.02,3,2,158.929992675781,0,164.019999999996
164.03,3,2,158.949996948242,0,164.039999999996
164.04,3,2,158.960006713867,0,164.049999999996
164.05,3,2,158.970001220703,0,164.059999999996
164.06,3,2,158.979995727539,0,164.069999999996
164.07,3,2,158.990005493164,0,164.079999999996
164.08,3,2,158.990005493164,0,164.079999999996
164.09,3,2,159.009994506836,0,164.099999999996
164.1,3,2,159.020004272461,0,164.109999999996
164.11,3,2,159.029998779297,0,164.119999999996
164.12,3,2,159.039993286133,0,164.129999999996
164.13,3,2,159.050003051758,0,164.139999999996
164.14,3,2,159.050003051758,0,164.139999999996
164.15,3,2,159.070007324219,0,164.159999999996
164.16,3,2,159.080001831055,0,164.169999999996
164.17,3,2,159.089996337891,0,164.179999999996
164.18,3,2,159.100006103516,0,164.189999999996
164.19,3,2,159.110000610352,0,164.199999999996
164.2,3,2,159.110000610352,0,164.199999999996
164.21,3,2,159.130004882812,0,164.219999999996
164.22,3,2,159.139999389648,0,164.229999999996
164.23,3,2,159.149993896484,0,164.239999999996
164.24,3,2,159.160003662109,0,164.249999999996
164.25,3,2,159.169998168945,0,164.259999999996
164.26,3,2,159.179992675781,0,164.269999999996
164.27,3,2,159.179992675781,0,164.269999999996
164.28,3,2,159.199996948242,0,164.289999999996
164.29,3,2,159.210006713867,0,164.299999999996
164.3,3,2,159.220001220703,0,164.309999999996
164.31,3,2,159.229995727539,0,164.319999999996
164.32,3,2,159.240005493164,0,164.329999999996
164.33,3,2,159.240005493164,0,164.329999999996
164.34,3,2,159.259994506836,0,164.349999999996
164.35,3,2,159.270004272461,0,164.359999999995
164.36,3,2,159.279998779297,0,164.369999999995
164.37,3,2,159.289993286133,0,164.379999999995
164.38,3,2,159.300003051758,0,164.389999999995
164.39,3,2,159.300003051758,0,164.389999999995
164.4,3,2,159.320007324219,0,164.409999999995
164.41,3,2,159.330001831055,0,164.419999999995
164.42,3,2,159.339996337891,0,164.429999999995
164.43,3,2,159.350006103516,0,164.439999999995
164.44,3,2,159.360000610352,0,164.449999999995
164.45,3,2,159.360000610352,0,164.449999999995
164.46,3,2,159.380004882812,0,164.469999999995
164.47,3,2,159.389999389648,0,164.479999999995
164.48,3,2,159.399993896484,0,164.489999999995
164.49,3,2,159.410003662109,0,164.499999999995
164.5,3,2,159.419998168945,0,164.509999999995
164.51,3,2,159.429992675781,0,164.519999999995
164.52,3,2,159.429992675781,0,164.519999999995
164.53,3,2,159.449996948242,0,164.539999999995
164.54,3,2,159.460006713867,0,164.549999999995
164.55,3,2,159.470001220703,0,164.559999999995
164.56,3,2,159.479995727539,0,164.569999999995
164.57,3,2,159.490005493164,0,164.579999999995
164.58,3,2,159.490005493164,0,164.579999999995
164.59,3,2,159.509994506836,0,164.599999999995
164.6,3,2,159.520004272461,0,164.609999999995
164.61,3,2,159.529998779297,0,164.619999999995
164.62,3,2,159.539993286133,0,164.629999999995
164.63,3,2,159.550003051758,0,164.639999999995
164.64,3,2,159.550003051758,0,164.639999999995
164.65,3,2,159.570007324219,0,164.659999999995
164.66,3,2,159.580001831055,0,164.669999999995
164.67,3,2,159.589996337891,0,164.679999999995
164.68,3,2,159.600006103516,0,164.689999999995
164.69,3,2,159.610000610352,0,164.699999999995
164.7,3,2,159.610000610352,0,164.699999999995
164.71,3,2,159.630004882812,0,164.719999999995
164.72,3,2,159.639999389648,0,164.729999999995
164.73,3,2,159.649993896484,0,164.739999999995
164.74,3,2,159.660003662109,0,164.749999999995
164.75,3,2,159.669998168945,0,164.759999999995
164.76,3,2,159.679992675781,0,164.769999999995
164.77,3,2,159.679992675781,0,164.769999999995
164.78,3,2,159.699996948242,0,164.789999999995
164.79,3,2,159.710006713867,0,164.799999999995
164.8,3,2,159.720001220703,0,164.809999999995
164.81,3,2,159.729995727539,0,164.819999999995
164.82,3,2,159.740005493164,0,164.829999999995
164.83,3,2,159.740005493164,0,164.829999999995
164.84,3,2,159.759994506836,0,164.849999999995
164.85,3,2,159.770004272461,0,164.859999999995
164.86,3,2,159.779998779297,0,164.869999999995
164.87,3,2,159.789993286133,0,164.879999999995
164.88,3,2,159.800003051758,0,164.889999999995
164.89,3,2,159.800003051758,0,164.889999999995
164.9,3,2,159.820007324219,0,164.909999999995
164.91,3,2,159.830001831055,0,164.919999999995
164.92,3,2,159.839996337891,0,164.929999999995
164.93,3,2,159.850006103516,0,164.939999999995
164.94,3,2,159.860000610352,0,164.949999999995
164.95,3,2,159.860000610352,0,164.949999999995
164.96,3,2,159.880004882812,0,164.969999999995
164.97,3,2,159.889999389648,0,164.979999999995
164.98,3,2,159.899993896484,0,164.989999999995
164.99,3,2,159.910003662109,0,164.999999999995
165,3,2,159.919998168945,0,165.009999999995
165.01,3,2,159.929992675781,0,165.019999999995
165.02,3,2,159.929992675781,0,165.019999999995
165.03,3,2,159.949996948242,0,165.039999999995
165.04,3,2,159.960006713867,0,165.049999999995
165.05,3,2,159.970001220703,0,165.059999999995
165.06,3,2,159.979995727539,0,165.069999999995
165.07,3,2,159.990005493164,0,165.079999999995
165.08,3,2,159.990005493164,0,165.079999999995
165.09,3,2,160.009994506836,0,165.099999999995
165.1,3,2,160.020004272461,0,165.109999999995
165.11,3,2,160.029998779297,0,165.119999999995
165.12,3,2,160.039993286133,0,165.129999999995
165.13,3,2,160.050003051758,0,165.139999999995
165.14,3,2,160.050003051758,0,165.139999999995
165.15,3,2,160.070007324219,0,165.159999999995
165.16,3,2,160.080001831055,0,165.169999999995
165.17,3,2,160.089996337891,0,165.179999999995
165.18,3,2,160.100006103516,0,165.189999999995
165.19,3,2,160.110000610352,0,165.199999999995
165.2,3,2,160.110000610352,0,165.199999999995
165.21,3,2,160.130004882812,0,165.219999999995
165.22,3,2,160.139999389648,0,165.229999999995
165.23,3,2,160.149993896484,0,165.239999999995
165.24,3,2,160.160003662109,0,165.249999999995
165.25,3,2,160.169998168945,0,165.259999999995
165.26,3,2,160.179992675781,0,165.269999999995
165.27,3,2,160.179992675781,0,165.269999999995
165.28,3,2,160.199996948242,0,165.289999999995
165.29,3,2,160.210006713867,0,165.299999999995
165.3,3,2,160.220001220703,0,165.309999999995
165.31,3,2,160.229995727539,0,165.319999999995
165.32,3,2,160.240005493164,0,165.329999999995
165.33,3,2,160.240005493164,0,165.329999999995
165.34,3,2,160.259994506836,0,165.349999999995
165.35,3,2,160.270004272461,0,165.359999999995
165.36,3,2,160.279998779297,0,165.369999999995
165.37,3,2,160.289993286133,0,165.379999999995
165.38,3,2,160.300003051758,0,165.389999999995
165.39,3,2,160.300003051758,0,165.389999999995
165.4,3,2,160.320007324219,0,165.409999999995
165.41,3,2,160.330001831055,0,165.419999999995
165.42,3,2,160.339996337891,0,165.429999999995
165.43,3,2,160.350006103516,0,165.439999999995
165.44,3,2,160.360000610352,0,165.449999999995
165.45,3,2,160.360000610352,0,165.449999999995
165.46,3,2,160.380004882812,0,165.469999999994
165.47,3,2,160.389999389648,0,165.479999999994
165.48,3,2,160.399993896484,0,165.489999999994
165.49,3,2,160.410003662109,0,165.499999999994
165.5,3,2,160.419998168945,0,165.509999999994
165.51,3,2,160.429992675781,0,165.519999999994
165.52,3,2,160.429992675781,0,165.519999999994
165.53,3,2,160.449996948242,0,165.539999999994
165.54,3,2,160.460006713867,0,165.549999999994
165.55,3,2,160.470001220703,0,165.559999999994
165.56,3,2,160.479995727539,0,165.569999999994
165.57,3,2,160.490005493164,0,165.579999999994
165.58,3,2,160.490005493164,0,165.579999999994
165.59,3,2,160.509994506836,0,165.599999999994
165.6,3,2,160.520004272461,0,165.609999999994
165.61,3,2,160.529998779297,0,165.619999999994
165.62,3,2,160.539993286133,0,165.629999999994
165.63,3,2,160.550003051758,0,165.639999999994
165.64,3,2,160.550003051758,0,165.639999999994
165.65,3,2,160.570007324219,0,165.659999999994
165.66,3,2,160.580001831055,0,165.669999999994
165.67,3,2,160.589996337891,0,165.679999999994
165.68,3,2,160.600006103516,0,165.689999999994
165.69,3,2,160.610000610352,0,165.699999999994
165.7,3,2,160.610000610352,0,165.699999999994
165.71,3,2,160.630004882812,0,165.719999999994
165.72,3,2,160.639999389648,0,165.729999999994
165.73,3,2,160.649993896484,0,165.739999999994
165.74,3,2,160.660003662109,0,165.749999999994
165.75,3,2,160.669998168945,0,165.759999999994
165.76,3,2,160.679992675781,0,165.769999999994
165.77,3,2,160.679992675781,0,165.769999999994
165.78,3,2,160.699996948242,0,165.789999999994
165.79,3,2,160.710006713867,0,165.799999999994
165.8,3,2,160.720001220703,0,165.809999999994
165.81,3,2,160.729995727539,0,165.819999999994
165.82,3,2,160.740005493164,0,165.829999999994
165.83,3,2,160.740005493164,0,165.829999999994
165.84,3,2,160.759994506836,0,165.849999999994
165.85,3,2,160.770004272461,0,165.859999999994
165.86,3,2,160.779998779297,0,165.869999999994
165.87,3,2,160.789993286133,0,165.879999999994
165.88,3,2,160.800003051758,0,165.889999999994
165.89,3,2,160.800003051758,0,165.889999999994
165.9,3,2,160.820007324219,0,165.909999999994
165.91,3,2,160.830001831055,0,165.919999999994
165.92,3,2,160.839996337891,0,165.929999999994
165.93,3,2,160.850006103516,0,165.939999999994
165.94,3,2,160.860000610352,0,165.949999999994
165.95,3,2,160.860000610352,0,165.949999999994
165.96,3,2,160.880004882812,0,165.969999999994
165.97,3,2,160.889999389648,0,165.979999999994
165.98,3,2,160.899993896484,0,165.989999999994
165.99,3,2,160.910003662109,0,165.999999999994
166,3,2,160.919998168945,0,166.009999999994
166.01,3,2,160.929992675781,0,166.019999999994
166.02,3,2,160.929992675781,0,166.019999999994
166.03,3,2,160.949996948242,0,166.039999999994
166.04,3,2,160.960006713867,0,166.049999999994
166.05,3,2,160.970001220703,0,166.059999999994
166.06,3,2,160.979995727539,0,166.069999999994
166.07,3,2,160.990005493164,0,166.079999999994
166.08,3,2,160.990005493164,0,166.079999999994
166.09,3,2,161.009994506836,0,166.099999999994
166.1,3,2,161.020004272461,0,166.109999999994
166.11,3,2,161.029998779297,0,166.119999999994
166.12,3,2,161.039993286133,0,166.129999999994
166.13,3,2,161.050003051758,0,166.139999999994
166.14,3,2,161.050003051758,0,166.139999999994
166.15,3,2,161.070007324219,0,166.159999999994
166.16,3,2,161.080001831055,0,166.169999999994
166.17,3,2,161.089996337891,0,166.179999999994
166.18,3,2,161.100006103516,0,166.189999999994
166.19,3,2,161.110000610352,0,166.199999999994
166.2,3,2,161.110000610352,0,166.199999999994
166.21,3,2,161.130004882812,0,166.219999999994
166.22,3,2,161.139999389648,0,166.229999999994
166.23,3,2,161.149993896484,0,166.239999999994
166.24,3,2,161.160003662109,0,166.249999999994
166.25,3,2,161.169998168945,0,166.259999999994
166.26,3,2,161.179992675781,0,166.269999999994
166.27,3,2,161.179992675781,0,166.269999999994
166.28,3,2,161.199996948242,0,166.289999999994
166.29,3,2,161.210006713867,0,166.299999999994
166.3,3,2,161.220001220703,0,166.309999999994
166.31,3,2,161.229995727539,0,166.319999999994
166.32,3,2,161.240005493164,0,166.329999999994
166.33,3,2,161.240005493164,0,166.329999999994
166.34,3,2,161.259994506836,0,166.349999999994
166.35,3,2,161.270004272461,0,166.359999999994
166.36,3,2,161.279998779297,0,166.369999999994
166.37,3,2,161.289993286133,0,166.379999999994
166.38,3,2,161.300003051758,0,166.389999999994
166.39,3,2,161.300003051758,0,166.389999999994
166.4,3,2,161.320007324219,0,166.409999999994
166.41,3,2,161.330001831055,0,166.419999999994
166.42,3,2,161.339996337891,0,166.429999999994
166.43,3,2,161.350006103516,0,166.439999999994
166.44,3,2,161.360000610352,0,166.449999999994
166.45,3,2,161.360000610352,0,166.449999999994
166.46,3,2,161.380004882812,0,166.469999999994
166.47,3,2,161.389999389648,0,166.479999999994
166.48,3,2,161.399993896484,0,166.489999999994
166.49,3,2,161.410003662109,0,166.499999999994
166.5,3,2,161.419998168945,0,166.509999999994
166.51,3,2,161.429992675781,0,166.519999999994
166.52,3,2,161.429992675781,0,166.519999999994
166.53,3,2,161.449996948242,0,166.539999999994
166.54,3,2,161.460006713867,0,166.549999999994
166.55,3,2,161.470001220703,0,166.559999999993
166.56,3,2,161.479995727539,0,166.569999999993
166.57,3,2,161.490005493164,0,166.579999999993
166.58,3,2,161.490005493164,0,166.579999999993
166.59,3,2,161.509994506836,0,166.599999999993
166.6,3,2,161.520004272461,0,166.609999999993
166.61,3,2,161.529998779297,0,166.619999999993
166.62,3,2,161.539993286133,0,166.629999999993
166.63,3,2,161.550003051758,0,166.639999999993
166.64,3,2,161.550003051758,0,166.639999999993
166.65,3,2,161.570007324219,0,166.659999999993
166.66,3,2,161.580001831055,0,166.669999999993
166.67,3,2,161.589996337891,0,166.679999999993
166.68,3,2,161.600006103516,0,166.689999999993
166.69,3,2,161.610000610352,0,166.699999999993
166.7,3,2,161.610000610352,0,166.699999999993
166.71,3,2,161.630004882812,0,166.719999999993
166.72,3,2,161.639999389648,0,166.729999999993
166.73,3,2,161.649993896484,0,166.739999999993
166.74,3,2,161.660003662109,0,166.749999999993
166.75,3,2,161.669998168945,0,166.759999999993
166.76,3,2,161.679992675781,0,166.769999999993
166.77,3,2,161.679992675781,0,166.769999999993
166.78,3,2,161.699996948242,0,166.789999999993
166.79,3,2,161.710006713867,0,166.799999999993
166.8,3,2,161.720001220703,0,166.809999999993
166.81,3,2,161.729995727539,0,166.819999999993
166.82,3,2,161.740005493164,0,166.829999999993
166.83,3,2,161.740005493164,0,166.829999999993
166.84,3,2,161.759994506836,0,166.849999999993
166.85,3,2,161.770004272461,0,166.859999999993
166.86,3,2,161.779998779297,0,166.869999999993
166.87,3,2,161.789993286133,0,166.879999999993
166.88,3,2,161.800003051758,0,166.889999999993
166.89,3,2,161.800003051758,0,166.889999999993
166.9,3,2,161.820007324219,0,166.909999999993
166.91,3,2,161.830001831055,0,166.919999999993
166.92,3,2,161.839996337891,0,166.929999999993
166.93,3,2,161.850006103516,0,166.939999999993
166.94,3,2,161.860000610352,0,166.949999999993
166.95,3,2,161.860000610352,0,166.949999999993
166.96,3,2,161.880004882812,0,166.969999999993
166.97,3,2,161.889999389648,0,166.979999999993
166.98,3,2,161.899993896484,0,166.989999999993
166.99,3,2,161.910003662109,0,166.999999999993
167,3,2,161.919998168945,0,167.009999999993
167.01,3,2,161.929992675781,0,167.019999999993
167.02,3,2,161.929992675781,0,167.019999999993
167.03,3,2,161.949996948242,0,167.039999999993
167.04,3,2,161.960006713867,0,167.049999999993
167.05,3,2,161.970001220703,0,167.059999999993
167.06,3,2,161.979995727539,0,167.069999999993
167.07,3,2,161.990005493164,0,167.079999999993
167.08,3,2,161.990005493164,0,167.079999999993
167.09,3,2,162.009994506836,0,167.099999999993
167.1,3,2,162.020004272461,0,167.109999999993
167.11,3,2,162.029998779297,0,167.119999999993
167.12,3,2,162.039993286133,0,167.129999999993
167.13,3,2,162.050003051758,0,167.139999999993
167.14,3,2,162.050003051758,0,167.139999999993
167.15,3,2,162.070007324219,0,167.159999999993
167.16,3,2,162.080001831055,0,167.169999999993
167.17,3,2,162.089996337891,0,167.179999999993
167.18,3,2,162.100006103516,0,167.189999999993
167.19,3,2,162.110000610352,0,167.199999999993
167.2,3,2,162.110000610352,0,167.199999999993
167.21,3,2,162.130004882812,0,167.219999999993
167.22,3,2,162.139999389648,0,167.229999999993
167.23,3,2,162.149993896484,0,167.239999999993
167.24,3,2,162.160003662109,0,167.249999999993
167.25,3,2,162.169998168945,0,167.259999999993
167.26,3,2,162.179992675781,0,167.269999999993
167.27,3,2,162.179992675781,0,167.269999999993
167.28,3,2,162.199996948242,0,167.289999999993
167.29,3,2,162.210006713867,0,167.299999999993
167.3,3,2,162.220001220703,0,167.309999999993
167.31,3,2,162.229995727539,0,167.319999999993
167.32,3,2,162.240005493164,0,167.329999999993
167.33,3,2,162.240005493164,0,167.329999999993
167.34,3,2,162.259994506836,0,167.349999999993
167.35,3,2,162.270004272461,0,167.359999999993
167.36,3,2,162.279998779297,0,167.369999999993
167.37,3,2,162.289993286133,0,167.379999999993
167.38,3,2,162.300003051758,0,167.389999999993
167.39,3,2,162.300003051758,0,167.389999999993
167.4,3,2,162.320007324219,0,167.409999999993
167.41,3,2,162.330001831055,0,167.419999999993
167.42,3,2,162.339996337891,0,167.429999999993
167.43,3,2,162.350006103516,0,167.439999999993
167.44,3,2,162.360000610352,0,167.449999999993
167.45,3,2,162.360000610352,0,167.449999999993
167.46,3,2,162.380004882812,0,167.469999999993
167.47,3,2,162.389999389648,0,167.479999999993
167.48,3,2,162.399993896484,0,167.489999999993
167.49,3,2,162.410003662109,0,167.499999999993
167.5,3,2,162.419998168945,0,167.509999999993
167.51,3,2,162.429992675781,0,167.519999999993
167.52,3,2,162.429992675781,0,167.519999999993
167.53,3,2,162.449996948242,0,167.539999999993
167.54,3,2,162.460006713867,0,167.549999999993
167.55,3,2,162.470001220703,0,167.559999999993
167.56,3,2,162.479995727539,0,167.569999999993
167.57,3,2,162.490005493164,0,167.579999999993
167.58,3,2,162.490005493164,0,167.579999999993
167.59,3,2,162.509994506836,0,167.599999999993
167.6,3,2,162.520004272461,0,167.609999999993
167.61,3,2,162.529998779297,0,167.619999999993
167.62,3,2,162.539993286133,0,167.629999999993
167.63,3,2,162.550003051758,0,167.639999999993
167.64,3,2,162.550003051758,0,167.639999999993
167.65,3,2,162.570007324219,0,167.659999999992
167.66,3,2,162.580001831055,0,167.669999999992
167.67,3,2,162.589996337891,0,167.679999999992
167.68,3,2,162.600006103516,0,167.689999999992
167.69,3,2,162.610000610352,0,167.699999999992
167.7,3,2,162.610000610352,0,167.699999999992
167.71,3,2,162.630004882812,0,167.719999999992
167.72,3,2,162.639999389648,0,167.729999999992
167.73,3,2,162.649993896484,0,167.739999999992
167.74,3,2,162.660003662109,0,167.749999999992
167.75,3,2,162.669998168945,0,167.759999999992
167.76,3,2,162.679992675781,0,167.769999999992
167.77,3,2,162.679992675781,0,167.769999999992
167.78,3,2,162.699996948242,0,167.789999999992
167.79,3,2,162.710006713867,0,167.799999999992
167.8,3,2,162.720001220703,0,167.809999999992
167.81,3,2,162.729995727539,0,167.819999999992
167.82,3,2,162.740005493164,0,167.829999999992
167.83,3,2,162.740005493164,0,167.829999999992
167.84,3,2,162.759994506836,0,167.849999999992
167.85,3,2,162.770004272461,0,167.859999999992
167.86,3,2,162.779998779297,0,167.869999999992
167.87,3,2,162.789993286133,0,167.879999999992
167.88,3,2,162.800003051758,0,167.889999999992
167.89,3,2,162.800003051758,0,167.889999999992
167.9,3,2,162.820007324219,0,167.909999999992
167.91,3,2,162.830001831055,0,167.919999999992
167.92,3,2,162.839996337891,0,167.929999999992
167.93,3,2,162.850006103516,0,167.939999999992
167.94,3,2,162.860000610352,0,167.949999999992
167.95,3,2,162.860000610352,0,167.949999999992
167.96,3,2,162.880004882812,0,167.969999999992
167.97,3,2,162.889999389648,0,167.979999999992
167.98,3,2,162.899993896484,0,167.989999999992
167.99,3,2,162.910003662109,0,167.999999999992
168,3,2,162.919998168945,0,168.009999999992
168.01,3,2,162.929992675781,0,168.019999999992
168.02,3,2,162.929992675781,0,168.019999999992
168.03,3,2,162.949996948242,0,168.039999999992
168.04,3,2,162.960006713867,0,168.049999999992
168.05,3,2,162.970001220703,0,168.059999999992
168.06,3,2,162.979995727539,0,168.069999999992
168.07,3,2,162.990005493164,0,168.079999999992
168.08,3,2,162.990005493164,0,168.079999999992
168.09,3,2,163.009994506836,0,168.099999999992
168.1,3,2,163.020004272461,0,168.109999999992
168.11,3,2,163.029998779297,0,168.119999999992
168.12,3,2,163.039993286133,0,168.129999999992
168.13,3,2,163.050003051758,0,168.139999999992
168.14,3,2,163.050003051758,0,168.139999999992
168.15,3,2,163.070007324219,0,168.159999999992
168.16,3,2,163.080001831055,0,168.169999999992
168.17,3,2,163.089996337891,0,168.179999999992
168.18,3,2,163.100006103516,0,168.189999999992
168.19,3,2,163.110000610352,0,168.199999999992
168.2,3,2,163.110000610352,0,168.199999999992
168.21,3,2,163.130004882812,0,168.219999999992
168.22,3,2,163.139999389648,0,168.229999999992
168.23,3,2,163.149993896484,0,168.239999999992
168.24,3,2,163.160003662109,0,168.249999999992
168.25,3,2,163.169998168945,0,168.259999999992
168.26,3,2,163.179992675781,0,168.269999999992
168.27,3,2,163.179992675781,0,168.269999999992
168.28,3,2,163.199996948242,0,168.289999999992
168.29,3,2,163.210006713867,0,168.299999999992
168.3,3,2,163.220001220703,0,168.309999999992
168.31,3,2,163.229995727539,0,168.319999999992
168.32,3,2,163.240005493164,0,168.329999999992
168.33,3,2,163.240005493164,0,168.329999999992
168.34,3,2,163.259994506836,0,168.349999999992
168.35,3,2,163.270004272461,0,168.359999999992
168.36,3,2,163.279998779297,0,168.369999999992
168.37,3,2,163.289993286133,0,168.379999999992
168.38,3,2,163.300003051758,0,168.389999999992
168.39,3,2,163.300003051758,0,168.389999999992
168.4,3,2,163.320007324219,0,168.409999999992
168.41,3,2,163.330001831055,0,168.419999999992
168.42,3,2,163.339996337891,0,168.429999999992
168.43,3,2,163.350006103516,0,168.439999999992
168.44,3,2,163.360000610352,0,168.449999999992
168.45,3,2,163.360000610352,0,168.449999999992
168.46,3,2,163.380004882812,0,168.469999999992
168.47,3,2,163.389999389648,0,168.479999999992
168.48,3,2,163.399993896484,0,168.489999999992
168.49,3,2,163.410003662109,0,168.499999999992
168.5,3,2,163.419998168945,0,168.509999999992
168.51,3,2,163.429992675781,0,168.519999999992
168.52,3,2,163.429992675781,0,168.519999999992
168.53,3,2,163.449996948242,0,168.539999999992
168.54,3,2,163.460006713867,0,168.549999999992
168.55,3,2,163.470001220703,0,168.559999999992
168.56,3,2,163.479995727539,0,168.569999999992
168.57,3,2,163.490005493164,0,168.579999999992
168.58,3,2,163.490005493164,0,168.579999999992
168.59,3,2,163.509994506836,0,168.599999999992
168.6,3,2,163.520004272461,0,168.609999999992
168.61,3,2,163.529998779297,0,168.619999999992
168.62,3,2,163.539993286133,0,168.629999999992
168.63,3,2,163.550003051758,0,168.639999999992
168.64,3,2,163.550003051758,0,168.639999999992
168.65,3,2,163.570007324219,0,168.659999999992
168.66,3,2,163.580001831055,0,168.669999999992
168.67,3,2,163.589996337891,0,168.679999999992
168.68,3,2,163.600006103516,0,168.689999999992
168.69,3,2,163.610000610352,0,168.699999999992
168.7,3,2,163.610000610352,0,168.699999999992
168.71,3,2,163.630004882812,0,168.719999999992
168.72,3,2,163.639999389648,0,168.729999999992
168.73,3,2,163.649993896484,0,168.739999999992
168.74,3,2,163.660003662109,0,168.749999999992
168.75,3,2,163.669998168945,0,168.759999999991
168.76,3,2,163.679992675781,0,168.769999999991
168.77,3,2,163.679992675781,0,168.769999999991
168.78,3,2,163.699996948242,0,168.789999999991
168.79,3,2,163.710006713867,0,168.799999999991
168.8,3,2,163.720001220703,0,168.809999999991
168.81,3,2,163.729995727539,0,168.819999999991
168.82,3,2,163.740005493164,0,168.829999999991
168.83,3,2,163.740005493164,0,168.829999999991
168.84,3,2,163.759994506836,0,168.849999999991
168.85,3,2,163.770004272461,0,168.859999999991
168.86,3,2,163.779998779297,0,168.869999999991
168.87,3,2,163.789993286133,0,168.879999999991
168.88,3,2,163.800003051758,0,168.889999999991
168.89,3,2,163.800003051758,0,168.889999999991
168.9,3,2,163.820007324219,0,168.909999999991
168.91,3,2,163.830001831055,0,168.919999999991
168.92,3,2,163.839996337891,0,168.929999999991
168.93,3,2,163.850006103516,0,168.939999999991
168.94,3,2,163.860000610352,0,168.949999999991
168.95,3,2,163.860000610352,0,168.949999999991
168.96,3,2,163.880004882812,0,168.969999999991
168.97,3,2,163.889999389648,0,168.979999999991
168.98,3,2,163.899993896484,0,168.989999999991
168.99,3,2,163.910003662109,0,168.999999999991
169,3,2,163.919998168945,0,169.009999999991
169.01,3,2,163.929992675781,0,169.019999999991
169.02,3,2,163.929992675781,0,169.019999999991
169.03,3,2,163.949996948242,0,169.039999999991
169.04,3,2,163.960006713867,0,169.049999999991
169.05,3,2,163.970001220703,0,169.059999999991
169.06,3,2,163.979995727539,0,169.069999999991
169.07,3,2,163.990005493164,0,169.079999999991
169.08,3,2,163.990005493164,0,169.079999999991
169.09,3,2,164.009994506836,0,169.099999999991
169.1,3,2,164.020004272461,0,169.109999999991
169.11,3,2,164.029998779297,0,169.119999999991
169.12,3,2,164.039993286133,0,169.129999999991
169.13,3,2,164.050003051758,0,169.139999999991
169.14,3,2,164.050003051758,0,169.139999999991
169.15,3,2,164.070007324219,0,169.159999999991
169.16,3,2,164.080001831055,0,169.169999999991
169.17,3,2,164.089996337891,0,169.179999999991
169.18,3,2,164.100006103516,0,169.189999999991
169.19,3,2,164.110000610352,0,169.199999999991
169.2,3,2,164.110000610352,0,169.199999999991
169.21,3,2,164.130004882812,0,169.219999999991
169.22,3,2,164.139999389648,0,169.229999999991
169.23,3,2,164.149993896484,0,169.239999999991
169.24,3,2,164.160003662109,0,169.249999999991
169.25,3,2,164.169998168945,0,169.259999999991
169.26,3,2,164.179992675781,0,169.269999999991
169.27,3,2,164.179992675781,0,169.269999999991
169.28,3,2,164.199996948242,0,169.289999999991
169.29,3,2,164.210006713867,0,169.299999999991
169.3,3,2,164.220001220703,0,169.309999999991
169.31,3,2,164.229995727539,0,169.319999999991
169.32,3,2,164.240005493164,0,169.329999999991
169.33,3,2,164.240005493164,0,169.329999999991
169.34,3,2,164.259994506836,0,169.349999999991
169.35,3,2,164.270004272461,0,169.359999999991
169.36,3,2,164.279998779297,0,169.369999999991
169.37,3,2,164.289993286133,0,169.379999999991
169.38,3,2,164.300003051758,0,169.389999999991
169.39,3,2,164.300003051758,0,169.389999999991
169.4,3,2,164.320007324219,0,169.409999999991
169.41,3,2,164.330001831055,0,169.419999999991
169.42,3,2,164.339996337891,0,169.429999999991
169.43,3,2,164.350006103516,0,169.439999999991
169.44,3,2,164.360000610352,0,169.449999999991
169.45,3,2,164.360000610352,0,169.449999999991
169.46,3,2,164.380004882812,0,169.469999999991
169.47,3,2,164.389999389648,0,169.479999999991
169.48,3,2,164.399993896484,0,169.489999999991
169.49,3,2,164.410003662109,0,169.499999999991
169.5,3,2,164.419998168945,0,169.509999999991
169.51,3,2,164.429992675781,0,169.519999999991
169.52,3,2,164.429992675781,0,169.519999999991
169.53,3,2,164.449996948242,0,169.539999999991
169.54,3,2,164.460006713867,0,169.549999999991
169.55,3,2,164.470001220703,0,169.559999999991
169.56,3,2,164.479995727539,0,169.569999999991
169.57,3,2,164.490005493164,0,169.579999999991
169.58,3,2,164.490005493164,0,169.579999999991
169.59,3,2,164.509994506836,0,169.599999999991
169.6,3,2,164.520004272461,0,169.609999999991
169.61,3,2,164.529998779297,0,169.619999999991
169.62,3,2,164.539993286133,0,169.629999999991
169.63,3,2,164.550003051758,0,169.639999999991
169.64,3,2,164.550003051758,0,169.639999999991
169.65,3,2,164.570007324219,0,169.659999999991
169.66,3,2,164.580001831055,0,169.669999999991
169.67,3,2,164.589996337891,0,169.679999999991
169.68,3,2,164.600006103516,0,169.689999999991
169.69,3,2,164.610000610352,0,169.699999999991
169.7,3,2,164.610000610352,0,169.699999999991
169.71,3,2,164.630004882812,0,169.719999999991
169.72,3,2,164.639999389648,0,169.729999999991
169.73,3,2,164.649993896484,0,169.739999999991
169.74,3,2,164.660003662109,0,169.749999999991
169.75,3,2,164.669998168945,0,169.759999999991
169.76,3,2,164.679992675781,0,169.769999999991
169.77,3,2,164.679992675781,0,169.769999999991
169.78,3,2,164.699996948242,0,169.789999999991
169.79,3,2,164.710006713867,0,169.799999999991
169.8,3,2,164.720001220703,0,169.809999999991
169.81,3,2,164.729995727539,0,169.819999999991
169.82,3,2,164.740005493164,0,169.829999999991
169.83,3,2,164.740005493164,0,169.829999999991
169.84,3,2,164.759994506836,0,169.849999999991
169.85,3,2,164.770004272461,0,169.85999999999
169.86,3,2,164.779998779297,0,169.86999999999
169.87,3,2,164.789993286133,0,169.87999999999
169.88,3,2,164.800003051758,0,169.88999999999
169.89,3,2,164.800003051758,0,169.88999999999
169.9,3,2,164.820007324219,0,169.90999999999
169.91,3,2,164.830001831055,0,169.91999999999
169.92,3,2,164.839996337891,0,169.92999999999
169.93,3,2,164.850006103516,0,169.93999999999
169.94,3,2,164.860000610352,0,169.94999999999
169.95,3,2,164.860000610352,0,169.94999999999
169.96,3,2,164.880004882812,0,169.96999999999
169.97,3,2,164.889999389648,0,169.97999999999
169.98,3,2,164.899993896484,0,169.98999999999
169.99,3,2,164.910003662109,0,169.99999999999
170,3,2,164.919998168945,0,170.00999999999
170.01,3,2,164.929992675781,0,170.01999999999
170.02,3,2,164.929992675781,0,170.01999999999
170.03,3,2,164.949996948242,0,170.03999999999
170.04,3,2,164.960006713867,0,170.04999999999
170.05,3,2,164.970001220703,0,170.05999999999
170.06,3,2,164.979995727539,0,170.06999999999
170.07,3,2,164.990005493164,0,170.07999999999
170.08,3,2,164.990005493164,0,170.07999999999
170.09,3,2,165.009994506836,0,170.09999999999
170.1,3,2,165.020004272461,0,170.10999999999
170.11,3,2,165.029998779297,0,170.11999999999
170.12,3,2,165.039993286133,0,170.12999999999
170.13,3,2,165.050003051758,0,170.13999999999
170.14,3,2,165.050003051758,0,170.13999999999
170.15,3,2,165.070007324219,0,170.15999999999
170.16,3,2,165.080001831055,0,170.16999999999
170.17,3,2,165.089996337891,0,170.17999999999
170.18,3,2,165.100006103516,0,170.18999999999
170.19,3,2,165.110000610352,0,170.19999999999
170.2,3,2,165.110000610352,0,170.19999999999
170.21,3,2,165.130004882812,0,170.21999999999
170.22,3,2,165.139999389648,0,170.22999999999
170.23,3,2,165.149993896484,0,170.23999999999
170.24,3,2,165.160003662109,0,170.24999999999
170.25,3,2,165.169998168945,0,170.25999999999
170.26,3,2,165.179992675781,0,170.26999999999
170.27,3,2,165.179992675781,0,170.26999999999
170.28,3,2,165.199996948242,0,170.28999999999
170.29,3,2,165.210006713867,0,170.29999999999
170.3,3,2,165.220001220703,0,170.30999999999
170.31,3,2,165.229995727539,0,170.31999999999
170.32,3,2,165.240005493164,0,170.32999999999
170.33,3,2,165.240005493164,0,170.32999999999
170.34,3,2,165.259994506836,0,170.34999999999
170.35,3,2,165.270004272461,0,170.35999999999
170.36,3,2,165.279998779297,0,170.36999999999
170.37,3,2,165.289993286133,0,170.37999999999
170.38,3,2,165.300003051758,0,170.38999999999
170.39,3,2,165.300003051758,0,170.38999999999
170.4,3,2,165.320007324219,0,170.40999999999
170.41,3,2,165.330001831055,0,170.41999999999
170.42,3,2,165.339996337891,0,170.42999999999
170.43,3,2,165.350006103516,0,170.43999999999
170.44,3,2,165.360000610352,0,170.44999999999
170.45,3,2,165.360000610352,0,170.44999999999
170.46,3,2,165.380004882812,0,170.46999999999
170.47,3,2,165.389999389648,0,170.47999999999
170.48,3,2,165.399993896484,0,170.48999999999
170.49,3,2,165.410003662109,0,170.49999999999
170.5,3,2,165.419998168945,0,170.50999999999
170.51,3,2,165.429992675781,0,170.51999999999
170.52,3,2,165.429992675781,0,170.51999999999
170.53,3,2,165.449996948242,0,170.53999999999
170.54,3,2,165.460006713867,0,170.54999999999
170.55,3,2,165.470001220703,0,170.55999999999
170.56,3,2,165.479995727539,0,170.56999999999
170.57,3,2,165.490005493164,0,170.57999999999
170.58,3,2,165.490005493164,0,170.57999999999
170.59,3,2,165.509994506836,0,170.59999999999
170.6,3,2,165.520004272461,0,170.60999999999
170.61,3,2,165.529998779297,0,170.61999999999
170.62,3,2,165.539993286133,0,170.62999999999
170.63,3,2,165.550003051758,0,170.63999999999
170.64,3,2,165.550003051758,0,170.63999999999
170.65,3,2,165.570007324219,0,170.65999999999
170.66,3,2,165.580001831055,0,170.66999999999
170.67,3,2,165.589996337891,0,170.67999999999
170.68,3,2,165.600006103516,0,170.68999999999
170.69,3,2,165.610000610352,0,170.69999999999
170.7,3,2,165.610000610352,0,170.69999999999
170.71,3,2,165.630004882812,0,170.71999999999
170.72,3,2,165.639999389648,0,170.72999999999
170.73,3,2,165.649993896484,0,170.73999999999
170.74,3,2,165.660003662109,0,170.74999999999
170.75,3,2,165.669998168945,0,170.75999999999
170.76,3,2,165.679992675781,0,170.76999999999
170.77,3,2,165.679992675781,0,170.76999999999
170.78,3,2,165.699996948242,0,170.78999999999
170.79,3,2,165.710006713867,0,170.79999999999
170.8,3,2,165.720001220703,0,170.80999999999
170.81,3,2,165.729995727539,0,170.81999999999
170.82,3,2,165.740005493164,0,170.82999999999
170.83,3,2,165.740005493164,0,170.82999999999
170.84,3,2,165.759994506836,0,170.84999999999
170.85,3,2,165.770004272461,0,170.85999999999
170.86,3,2,165.779998779297,0,170.86999999999
170.87,3,2,165.789993286133,0,170.87999999999
170.88,3,2,165.800003051758,0,170.88999999999
170.89,3,2,165.800003051758,0,170.88999999999
170.9,3,2,165.820007324219,0,170.90999999999
170.91,3,2,165.830001831055,0,170.91999999999
170.92,3,2,165.839996337891,0,170.92999999999
170.93,3,2,165.850006103516,0,170.93999999999
170.94,3,2,165.860000610352,0,170.94999999999
170.95,3,2,165.860000610352,0,170.94999999999
170.96,3,2,165.880004882812,0,170.969999999989
170.97,3,2,165.889999389648,0,170.979999999989
170.98,3,2,165.899993896484,0,170.989999999989
170.99,3,2,165.910003662109,0,170.999999999989
171,3,2,165.919998168945,0,171.009999999989
171.01,3,2,165.929992675781,0,171.019999999989
171.02,3,2,165.929992675781,0,171.019999999989
171.03,3,2,165.949996948242,0,171.039999999989
171.04,3,2,165.960006713867,0,171.049999999989
171.05,3,2,165.970001220703,0,171.059999999989
171.06,3,2,165.979995727539,0,171.069999999989
171.07,3,2,165.990005493164,0,171.079999999989
171.08,3,2,165.990005493164,0,171.079999999989
171.09,3,2,166.009994506836,0,171.099999999989
171.1,3,2,166.020004272461,0,171.109999999989
171.11,3,2,166.029998779297,0,171.119999999989
171.12,3,2,166.039993286133,0,171.129999999989
171.13,3,2,166.050003051758,0,171.139999999989
171.14,3,2,166.050003051758,0,171.139999999989
171.15,3,2,166.070007324219,0,171.159999999989
171.16,3,2,166.080001831055,0,171.169999999989
171.17,3,2,166.089996337891,0,171.179999999989
171.18,3,2,166.100006103516,0,171.189999999989
171.19,3,2,166.110000610352,0,171.199999999989
171.2,3,2,166.110000610352,0,171.199999999989
171.21,3,2,166.130004882812,0,171.219999999989
171.22,3,2,166.139999389648,0,171.229999999989
171.23,3,2,166.149993896484,0,171.239999999989
171.24,3,2,166.160003662109,0,171.249999999989
171.25,3,2,166.169998168945,0,171.259999999989
171.26,3,2,166.179992675781,0,171.269999999989
171.27,3,2,166.179992675781,0,171.269999999989
171.28,3,2,166.199996948242,0,171.289999999989
171.29,3,2,166.210006713867,0,171.299999999989
171.3,3,2,166.220001220703,0,171.309999999989
171.31,3,2,166.229995727539,0,171.319999999989
171.32,3,2,166.240005493164,0,171.329999999989
171.33,3,2,166.240005493164,0,171.329999999989
171.34,3,2,166.259994506836,0,171.349999999989
171.35,3,2,166.270004272461,0,171.359999999989
171.36,3,2,166.279998779297,0,171.369999999989
171.37,3,2,166.289993286133,0,171.379999999989
171.38,3,2,166.300003051758,0,171.389999999989
171.39,3,2,166.300003051758,0,171.389999999989
171.4,3,2,166.320007324219,0,171.409999999989
171.41,3,2,166.330001831055,0,171.419999999989
171.42,3,2,166.339996337891,0,171.429999999989
171.43,3,2,166.350006103516,0,171.439999999989
171.44,3,2,166.360000610352,0,171.449999999989
171.45,3,2,166.360000610352,0,171.449999999989
171.46,3,2,166.380004882812,0,171.469999999989
171.47,3,2,166.389999389648,0,171.479999999989
171.48,3,2,166.399993896484,0,171.489999999989
171.49,3,2,166.410003662109,0,171.499999999989
171.5,3,2,166.419998168945,0,171.509999999989
171.51,3,2,166.429992675781,0,171.519999999989
171.52,3,2,166.429992675781,0,171.519999999989
171.53,3,2,166.449996948242,0,171.539999999989
171.54,3,2,166.460006713867,0,171.549999999989
171.55,3,2,166.470001220703,0,171.559999999989
171.56,3,2,166.479995727539,0,171.569999999989
171.57,3,2,166.490005493164,0,171.579999999989
171.58,3,2,166.490005493164,0,171.579999999989
171.59,3,2,166.509994506836,0,171.599999999989
171.6,3,2,166.520004272461,0,171.609999999989
171.61,3,2,166.529998779297,0,171.619999999989
171.62,3,2,166.539993286133,0,171.629999999989
171.63,3,2,166.550003051758,0,171.639999999989
171.64,3,2,166.550003051758,0,171.639999999989
171.65,3,2,166.570007324219,0,171.659999999989
171.66,3,2,166.580001831055,0,171.669999999989
171.67,3,2,166.589996337891,0,171.679999999989
171.68,3,2,166.600006103516,0,171.689999999989
171.69,3,2,166.610000610352,0,171.699999999989
171.7,3,2,166.610000610352,0,171.699999999989
171.71,3,2,166.630004882812,0,171.719999999989
171.72,3,2,166.639999389648,0,171.729999999989
171.73,3,2,166.649993896484,0,171.739999999989
171.74,3,2,166.660003662109,0,171.749999999989
171.75,3,2,166.669998168945,0,171.759999999989
171.76,3,2,166.679992675781,0,171.769999999989
171.77,3,2,166.679992675781,0,171.769999999989
171.78,3,2,166.699996948242,0,171.789999999989
171.79,3,2,166.710006713867,0,171.799999999989
171.8,3,2,166.720001220703,0,171.809999999989
171.81,3,2,166.729995727539,0,171.819999999989
171.82,3,2,166.740005493164,0,171.829999999989
171.83,3,2,166.740005493164,0,171.829999999989
171.84,3,2,166.759994506836,0,171.849999999989
171.85,3,2,166.770004272461,0,171.859999999989
171.86,3,2,166.779998779297,0,171.869999999989
171.87,3,2,166.789993286133,0,171.879999999989
171.88,3,2,166.800003051758,0,171.889999999989
171.89,3,2,166.800003051758,0,171.889999999989
171.9,3,2,166.820007324219,0,171.909999999989
171.91,3,2,166.830001831055,0,171.919999999989
171.92,3,2,166.839996337891,0,171.929999999989
171.93,3,2,166.850006103516,0,171.939999999989
171.94,3,2,166.860000610352,0,171.949999999989
171.95,3,2,166.860000610352,0,171.949999999989
171.96,3,2,166.880004882812,0,171.969999999989
171.97,3,2,166.889999389648,0,171.979999999989
171.98,3,2,166.899993896484,0,171.989999999989
171.99,3,2,166.910003662109,0,171.999999999989
172,3,2,166.919998168945,0,172.009999999989
172.01,3,2,166.929992675781,0,172.019999999989
172.02,3,2,166.929992675781,0,172.019999999989
172.03,3,2,166.949996948242,0,172.039999999989
172.04,3,2,166.960006713867,0,172.049999999989
172.05,3,2,166.970001220703,0,172.059999999988
172.06,3,2,166.979995727539,0,172.069999999988
172.07,3,2,166.990005493164,0,172.079999999988
172.08,3,2,166.990005493164,0,172.079999999988
172.09,3,2,167.009994506836,0,172.099999999988
172.1,3,2,167.020004272461,0,172.109999999988
172.11,3,2,167.029998779297,0,172.119999999988
172.12,3,2,167.039993286133,0,172.129999999988
172.13,3,2,167.050003051758,0,172.139999999988
172.14,3,2,167.050003051758,0,172.139999999988
172.15,3,2,167.070007324219,0,172.159999999988
172.16,3,2,167.080001831055,0,172.169999999988
172.17,3,2,167.089996337891,0,172.179999999988
172.18,3,2,167.100006103516,0,172.189999999988
172.19,3,2,167.110000610352,0,172.199999999988
172.2,3,2,167.110000610352,0,172.199999999988
172.21,3,2,167.130004882812,0,172.219999999988
172.22,3,2,167.139999389648,0,172.229999999988
172.23,3,2,167.149993896484,0,172.239999999988
172.24,3,2,167.160003662109,0,172.249999999988
172.25,3,2,167.169998168945,0,172.259999999988
172.26,3,2,167.179992675781,0,172.269999999988
172.27,3,2,167.179992675781,0,172.269999999988
172.28,3,2,167.199996948242,0,172.289999999988
172.29,3,2,167.210006713867,0,172.299999999988
172.3,3,2,167.220001220703,0,172.309999999988
172.31,3,2,167.229995727539,0,172.319999999988
172.32,3,2,167.240005493164,0,172.329999999988
172.33,3,2,167.240005493164,0,172.329999999988
172.34,3,2,167.259994506836,0,172.349999999988
172.35,3,2,167.270004272461,0,172.359999999988
172.36,3,2,167.279998779297,0,172.369999999988
172.37,3,2,167.289993286133,0,172.379999999988
172.38,3,2,167.300003051758,0,172.389999999988
172.39,3,2,167.300003051758,0,172.389999999988
172.4,3,2,167.320007324219,0,172.409999999988
172.41,3,2,167.330001831055,0,172.419999999988
172.42,3,2,167.339996337891,0,172.429999999988
172.43,3,2,167.350006103516,0,172.439999999988
172.44,3,2,167.360000610352,0,172.449999999988
172.45,3,2,167.360000610352,0,172.449999999988
172.46,3,2,167.380004882812,0,172.469999999988
172.47,3,2,167.389999389648,0,172.479999999988
172.48,3,2,167.399993896484,0,172.489999999988
172.49,3,2,167.410003662109,0,172.499999999988
172.5,3,2,167.419998168945,0,172.509999999988
172.51,3,2,167.429992675781,0,172.519999999988
172.52,3,2,167.429992675781,0,172.519999999988
172.53,3,2,167.449996948242,0,172.539999999988
172.54,3,2,167.460006713867,0,172.549999999988
172.55,3,2,167.470001220703,0,172.559999999988
172.56,3,2,167.479995727539,0,172.569999999988
172.57,3,2,167.490005493164,0,172.579999999988
172.58,3,2,167.490005493164,0,172.579999999988
172.59,3,2,167.509994506836,0,172.599999999988
172.6,3,2,167.520004272461,0,172.609999999988
172.61,3,2,167.529998779297,0,172.619999999988
172.62,3,2,167.539993286133,0,172.629999999988
172.63,3,2,167.550003051758,0,172.639999999988
172.64,3,2,167.550003051758,0,172.639999999988
172.65,3,2,167.570007324219,0,172.659999999988
172.66,3,2,167.580001831055,0,172.669999999988
172.67,3,2,167.589996337891,0,172.679999999988
172.68,3,2,167.600006103516,0,172.689999999988
172.69,3,2,167.610000610352,0,172.699999999988
172.7,3,2,167.610000610352,0,172.699999999988
172.71,3,2,167.630004882812,0,172.719999999988
172.72,3,2,167.639999389648,0,172.729999999988
172.73,3,2,167.649993896484,0,172.739999999988
172.74,3,2,167.660003662109,0,172.749999999988
172.75,3,2,167.669998168945,0,172.759999999988
172.76,3,2,167.679992675781,0,172.769999999988
172.77,3,2,167.679992675781,0,172.769999999988
172.78,3,2,167.699996948242,0,172.789999999988
172.79,3,2,167.710006713867,0,172.799999999988
172.8,3,2,167.720001220703,0,172.809999999988
172.81,3,2,167.729995727539,0,172.819999999988
172.82,3,2,167.740005493164,0,172.829999999988
172.83,3,2,167.740005493164,0,172.829999999988
172.84,3,2,167.759994506836,0,172.849999999988
172.85,3,2,167.770004272461,0,172.859999999988
172.86,3,2,167.779998779297,0,172.869999999988
172.87,3,2,167.789993286133,0,172.879999999988
172.88,3,2,167.800003051758,0,172.889999999988
172.89,3,2,167.800003051758,0,172.889999999988
172.9,3,2,167.820007324219,0,172.909999999988
172.91,3,2,167.830001831055,0,172.919999999988
172.92,3,2,167.839996337891,0,172.929999999988
172.93,3,2,167.850006103516,0,172.939999999988
172.94,3,2,167.860000610352,0,172.949999999988
172.95,3,2,167.860000610352,0,172.949999999988
172.96,3,2,167.880004882812,0,172.969999999988
172.97,3,2,167.889999389648,0,172.979999999988
172.98,3,2,167.899993896484,0,172.989999999988
172.99,3,2,167.910003662109,0,172.999999999988
173,3,2,167.919998168945,0,173.009999999988
173.01,3,2,167.929992675781,0,173.019999999988
173.02,3,2,167.929992675781,0,173.019999999988
173.03,3,2,167.949996948242,0,173.039999999988
173.04,3,2,167.960006713867,0,173.049999999988
173.05,3,2,167.970001220703,0,173.059999999988
173.06,3,2,167.979995727539,0,173.069999999988
173.07,3,2,167.990005493164,0,173.079999999988
173.08,3,2,167.990005493164,0,173.079999999988
173.09,3,2,168.009994506836,0,173.099999999988
173.1,3,2,168.020004272461,0,173.109999999988
173.11,3,2,168.029998779297,0,173.119999999988
173.12,3,2,168.039993286133,0,173.129999999988
173.13,3,2,168.050003051758,0,173.139999999988
173.14,3,2,168.050003051758,0,173.139999999988
173.15,3,2,168.070007324219,0,173.159999999987
173.16,3,2,168.080001831055,0,173.169999999987
173.17,3,2,168.089996337891,0,173.179999999987
173.18,3,2,168.100006103516,0,173.189999999987
173.19,3,2,168.110000610352,0,173.199999999987
173.2,3,2,168.110000610352,0,173.199999999987
173.21,3,2,168.130004882812,0,173.219999999987
173.22,3,2,168.139999389648,0,173.229999999987
173.23,3,2,168.149993896484,0,173.239999999987
173.24,3,2,168.160003662109,0,173.249999999987
173.25,3,2,168.169998168945,0,173.259999999987
173.26,3,2,168.179992675781,0,173.269999999987
173.27,3,2,168.179992675781,0,173.269999999987
173.28,3,2,168.199996948242,0,173.289999999987
173.29,3,2,168.210006713867,0,173.299999999987
173.3,3,2,168.220001220703,0,173.309999999987
173.31,3,2,168.229995727539,0,173.319999999987
173.32,3,2,168.240005493164,0,173.329999999987
173.33,3,2,168.240005493164,0,173.329999999987
173.34,3,2,168.259994506836,0,173.349999999987
173.35,3,2,168.270004272461,0,173.359999999987
173.36,3,2,168.279998779297,0,173.369999999987
173.37,3,2,168.289993286133,0,173.379999999987
173.38,3,2,168.300003051758,0,173.389999999987
173.39,3,2,168.300003051758,0,173.389999999987
173.4,3,2,168.320007324219,0,173.409999999987
173.41,3,2,168.330001831055,0,173.419999999987
173.42,3,2,168.339996337891,0,173.429999999987
173.43,3,2,168.350006103516,0,173.439999999987
173.44,3,2,168.360000610352,0,173.449999999987
173.45,3,2,168.360000610352,0,173.449999999987
173.46,3,2,168.380004882812,0,173.469999999987
173.47,3,2,168.389999389648,0,173.479999999987
173.48,3,2,168.399993896484,0,173.489999999987
173.49,3,2,168.410003662109,0,173.499999999987
173.5,3,2,168.419998168945,0,173.509999999987
173.51,3,2,168.429992675781,0,173.519999999987
173.52,3,2,168.429992675781,0,173.519999999987
173.53,3,2,168.449996948242,0,173.539999999987
173.54,3,2,168.460006713867,0,173.549999999987
173.55,3,2,168.470001220703,0,173.559999999987
173.56,3,2,168.479995727539,0,173.569999999987
173.57,3,2,168.490005493164,0,173.579999999987
173.58,3,2,168.490005493164,0,173.579999999987
173.59,3,2,168.509994506836,0,173.599999999987
173.6,3,2,168.520004272461,0,173.609999999987
173.61,3,2,168.529998779297,0,173.619999999987
173.62,3,2,168.539993286133,0,173.629999999987
173.63,3,2,168.550003051758,0,173.639999999987
173.64,3,2,168.550003051758,0,173.639999999987
173.65,3,2,168.570007324219,0,173.659999999987
173.66,3,2,168.580001831055,0,173.669999999987
173.67,3,2,168.589996337891,0,173.679999999987
173.68,3,2,168.600006103516,0,173.689999999987
173.69,3,2,168.610000610352,0,173.699999999987
173.7,3,2,168.610000610352,0,173.699999999987
173.71,3,2,168.630004882812,0,173.719999999987
173.72,3,2,168.639999389648,0,173.729999999987
173.73,3,2,168.649993896484,0,173.739999999987
173.74,3,2,168.660003662109,0,173.749999999987
173.75,3,2,168.669998168945,0,173.759999999987
173.76,3,2,168.679992675781,0,173.769999999987
173.77,3,2,168.679992675781,0,173.769999999987
173.78,3,2,168.699996948242,0,173.789999999987
173.79,3,2,168.710006713867,0,173.799999999987
173.8,3,2,168.720001220703,0,173.809999999987
173.81,3,2,168.729995727539,0,173.819999999987
173.82,3,2,168.740005493164,0,173.829999999987
173.83,3,2,168.740005493164,0,173.829999999987
173.84,3,2,168.759994506836,0,173.849999999987
173.85,3,2,168.770004272461,0,173.859999999987
173.86,3,2,168.779998779297,0,173.869999999987
173.87,3,2,168.789993286133,0,173.879999999987
173.88,3,2,168.800003051758,0,173.889999999987
173.89,3,2,168.800003051758,0,173.889999999987
173.9,3,2,168.820007324219,0,173.909999999987
173.91,3,2,168.830001831055,0,173.919999999987
173.92,3,2,168.839996337891,0,173.929999999987
173.93,3,2,168.850006103516,0,173.939999999987
173.94,3,2,168.860000610352,0,173.949999999987
173.95,3,2,168.860000610352,0,173.949999999987
173.96,3,2,168.880004882812,0,173.969999999987
173.97,3,2,168.889999389648,0,173.979999999987
173.98,3,2,168.899993896484,0,173.989999999987
173.99,3,2,168.910003662109,0,173.999999999987
174,3,2,168.919998168945,0,174.009999999987
174.01,3,2,168.929992675781,0,174.019999999987
174.02,3,2,168.929992675781,0,174.019999999987
174.03,3,2,168.949996948242,0,174.039999999987
174.04,3,2,168.960006713867,0,174.049999999987
174.05,3,2,168.970001220703,0,174.059999999987
174.06,3,2,168.979995727539,0,174.069999999987
174.07,3,2,168.990005493164,0,174.079999999987
174.08,3,2,168.990005493164,0,174.079999999987
174.09,3,2,169.009994506836,0,174.099999999987
174.1,3,2,169.020004272461,0,174.109999999987
174.11,3,2,169.029998779297,0,174.119999999987
174.12,3,2,169.039993286133,0,174.129999999987
174.13,3,2,169.050003051758,0,174.139999999987
174.14,3,2,169.050003051758,0,174.139999999987
174.15,3,2,169.070007324219,0,174.159999999987
174.16,3,2,169.080001831055,0,174.169999999987
174.17,3,2,169.089996337891,0,174.179999999987
174.18,3,2,169.100006103516,0,174.189999999987
174.19,3,2,169.110000610352,0,174.199999999987
174.2,3,2,169.110000610352,0,174.199999999987
174.21,3,2,169.130004882812,0,174.219999999987
174.22,3,2,169.139999389648,0,174.229999999987
174.23,3,2,169.149993896484,0,174.239999999987
174.24,3,2,169.160003662109,0,174.249999999986
174.25,3,2,169.169998168945,0,174.259999999986
174.26,3,2,169.179992675781,0,174.269999999986
174.27,3,2,169.179992675781,0,174.269999999986
174.28,3,2,169.199996948242,0,174.289999999986
174.29,3,2,169.210006713867,0,174.299999999986
174.3,3,2,169.220001220703,0,174.309999999986
174.31,3,2,169.229995727539,0,174.319999999986
174.32,3,2,169.240005493164,0,174.329999999986
174.33,3,2,169.240005493164,0,174.329999999986
174.34,3,2,169.259994506836,0,174.349999999986
174.35,3,2,169.270004272461,0,174.359999999986
174.36,3,2,169.279998779297,0,174.369999999986
174.37,3,2,169.289993286133,0,174.379999999986
174.38,3,2,169.300003051758,0,174.389999999986
174.39,3,2,169.300003051758,0,174.389999999986
174.4,3,2,169.320007324219,0,174.409999999986
174.41,3,2,169.330001831055,0,174.419999999986
174.42,3,2,169.339996337891,0,174.429999999986
174.43,3,2,169.350006103516,0,174.439999999986
174.44,3,2,169.360000610352,0,174.449999999986
174.45,3,2,169.360000610352,0,174.449999999986
174.46,3,2,169.380004882812,0,174.469999999986
174.47,3,2,169.389999389648,0,174.479999999986
174.48,3,2,169.399993896484,0,174.489999999986
174.49,3,2,169.410003662109,0,174.499999999986
174.5,3,2,169.419998168945,0,174.509999999986
174.51,3,2,169.429992675781,0,174.519999999986
174.52,3,2,169.429992675781,0,174.519999999986
174.53,3,2,169.449996948242,0,174.539999999986
174.54,3,2,169.460006713867,0,174.549999999986
174.55,3,2,169.470001220703,0,174.559999999986
174.56,3,2,169.479995727539,0,174.569999999986
174.57,3,2,169.490005493164,0,174.579999999986
174.58,3,2,169.490005493164,0,174.579999999986
174.59,3,2,169.509994506836,0,174.599999999986
174.6,3,2,169.520004272461,0,174.609999999986
174.61,3,2,169.529998779297,0,174.619999999986
174.62,3,2,169.539993286133,0,174.629999999986
174.63,3,2,169.550003051758,0,174.639999999986
174.64,3,2,169.550003051758,0,174.639999999986
174.65,3,2,169.570007324219,0,174.659999999986
174.66,3,2,169.580001831055,0,174.669999999986
174.67,3,2,169.589996337891,0,174.679999999986
174.68,3,2,169.600006103516,0,174.689999999986
174.69,3,2,169.610000610352,0,174.699999999986
174.7,3,2,169.610000610352,0,174.699999999986
174.71,3,2,169.630004882812,0,174.719999999986
174.72,3,2,169.639999389648,0,174.729999999986
174.73,3,2,169.649993896484,0,174.739999999986
174.74,3,2,169.660003662109,0,174.749999999986
174.75,3,2,169.669998168945,0,174.759999999986
174.76,3,2,169.679992675781,0,174.769999999986
174.77,3,2,169.679992675781,0,174.769999999986
174.78,3,2,169.699996948242,0,174.789999999986
174.79,3,2,169.710006713867,0,174.799999999986
174.8,3,2,169.720001220703,0,174.809999999986
174.81,3,2,169.729995727539,0,174.819999999986
174.82,3,2,169.740005493164,0,174.829999999986
174.83,3,2,169.740005493164,0,174.829999999986
174.84,3,2,169.759994506836,0,174.849999999986
174.85,3,2,169.770004272461,0,174.859999999986
174.86,3,2,169.779998779297,0,174.869999999986
174.87,3,2,169.789993286133,0,174.879999999986
174.88,3,2,169.800003051758,0,174.889999999986
174.89,3,2,169.800003051758,0,174.889999999986
174.9,3,2,169.820007324219,0,174.909999999986
174.91,3,2,169.830001831055,0,174.919999999986
174.92,3,2,169.839996337891,0,174.929999999986
174.93,3,2,169.850006103516,0,174.939999999986
174.94,3,2,169.860000610352,0,174.949999999986
174.95,3,2,169.860000610352,0,174.949999999986
174.96,3,2,169.880004882812,0,174.969999999986
174.97,3,2,169.889999389648,0,174.979999999986
174.98,3,2,169.899993896484,0,174.989999999986
174.99,3,2,169.910003662109,0,174.999999999986
175,3,2,169.919998168945,0,175.009999999986
175.01,3,2,169.929992675781,0,175.019999999986
175.02,3,2,169.929992675781,0,175.019999999986
175.03,3,2,169.949996948242,0,175.039999999986
175.04,3,2,169.960006713867,0,175.049999999986
175.05,3,2,169.970001220703,0,175.059999999986
175.06,3,2,169.979995727539,0,175.069999999986
175.07,3,2,169.990005493164,0,175.079999999986
175.08,3,2,169.990005493164,0,175.079999999986
175.09,3,2,170.009994506836,0,175.099999999986
175.1,3,2,170.020004272461,0,175.109999999986
175.11,3,2,170.029998779297,0,175.119999999986
175.12,3,2,170.039993286133,0,175.129999999986
175.13,3,2,170.050003051758,0,175.139999999986
175.14,3,2,170.050003051758,0,175.139999999986
175.15,3,2,170.070007324219,0,175.159999999986
175.16,3,2,170.080001831055,0,175.169999999986
175.17,3,2,170.089996337891,0,175.179999999986
175.18,3,2,170.100006103516,0,175.189999999986
175.19,3,2,170.110000610352,0,175.199999999986
175.2,3,2,170.110000610352,0,175.199999999986
175.21,3,2,170.130004882812,0,175.219999999986
175.22,3,2,170.139999389648,0,175.229999999986
175.23,3,2,170.149993896484,0,175.239999999986
175.24,3,2,170.160003662109,0,175.249999999986
175.25,3,2,170.169998168945,0,175.259999999986
175.26,3,2,170.179992675781,0,175.269999999986
175.27,3,2,170.179992675781,0,175.269999999986
175.28,3,2,170.199996948242,0,175.289999999986
175.29,3,2,170.210006713867,0,175.299999999986
175.3,3,2,170.220001220703,0,175.309999999986
175.31,3,2,170.229995727539,0,175.319999999986
175.32,3,2,170.240005493164,0,175.329999999986
175.33,3,2,170.240005493164,0,175.329999999986
175.34,3,2,170.259994506836,0,175.349999999985
175.35,3,2,170.270004272461,0,175.359999999985
175.36,3,2,170.279998779297,0,175.369999999985
175.37,3,2,170.289993286133,0,175.379999999985
175.38,3,2,170.300003051758,0,175.389999999985
175.39,3,2,170.300003051758,0,175.389999999985
175.4,3,2,170.320007324219,0,175.409999999985
175.41,3,2,170.330001831055,0,175.419999999985
175.42,3,2,170.339996337891,0,175.429999999985
175.43,3,2,170.350006103516,0,175.439999999985
175.44,3,2,170.360000610352,0,175.449999999985
175.45,3,2,170.360000610352,0,175.449999999985
175.46,3,2,170.380004882812,0,175.469999999985
175.47,3,2,170.389999389648,0,175.479999999985
175.48,3,2,170.399993896484,0,175.489999999985
175.49,3,2,170.410003662109,0,175.499999999985
175.5,3,2,170.419998168945,0,175.509999999985
175.51,3,2,170.429992675781,0,175.519999999985
175.52,3,2,170.429992675781,0,175.519999999985
175.53,3,2,170.449996948242,0,175.539999999985
175.54,3,2,170.460006713867,0,175.549999999985
175.55,3,2,170.470001220703,0,175.559999999985
175.56,3,2,170.479995727539,0,175.569999999985
175.57,3,2,170.490005493164,0,175.579999999985
175.58,3,2,170.490005493164,0,175.579999999985
175.59,3,2,170.509994506836,0,175.599999999985
175.6,3,2,170.520004272461,0,175.609999999985
175.61,3,2,170.529998779297,0,175.619999999985
175.62,3,2,170.539993286133,0,175.629999999985
175.63,3,2,170.550003051758,0,175.639999999985
175.64,3,2,170.550003051758,0,175.639999999985
175.65,3,2,170.570007324219,0,175.659999999985
175.66,3,2,170.580001831055,0,175.669999999985
175.67,3,2,170.589996337891,0,175.679999999985
175.68,3,2,170.600006103516,0,175.689999999985
175.69,3,2,170.610000610352,0,175.699999999985
175.7,3,2,170.610000610352,0,175.699999999985
175.71,3,2,170.630004882812,0,175.719999999985
175.72,3,2,170.639999389648,0,175.729999999985
175.73,3,2,170.649993896484,0,175.739999999985
175.74,3,2,170.660003662109,0,175.749999999985
175.75,3,2,170.669998168945,0,175.759999999985
175.76,3,2,170.679992675781,0,175.769999999985
175.77,3,2,170.679992675781,0,175.769999999985
175.78,3,2,170.699996948242,0,175.789999999985
175.79,3,2,170.710006713867,0,175.799999999985
175.8,3,2,170.720001220703,0,175.809999999985
175.81,3,2,170.729995727539,0,175.819999999985
175.82,3,2,170.740005493164,0,175.829999999985
175.83,3,2,170.740005493164,0,175.829999999985
175.84,3,2,170.759994506836,0,175.849999999985
175.85,3,2,170.770004272461,0,175.859999999985
175.86,3,2,170.779998779297,0,175.869999999985
175.87,3,2,170.789993286133,0,175.879999999985
175.88,3,2,170.800003051758,0,175.889999999985
175.89,3,2,170.800003051758,0,175.889999999985
175.9,3,2,170.820007324219,0,175.909999999985
175.91,3,2,170.830001831055,0,175.919999999985
175.92,3,2,170.839996337891,0,175.929999999985
175.93,3,2,170.850006103516,0,175.939999999985
175.94,3,2,170.860000610352,0,175.949999999985
175.95,3,2,170.860000610352,0,175.949999999985
175.96,3,2,170.880004882812,0,175.969999999985
175.97,3,2,170.889999389648,0,175.979999999985
175.98,3,2,170.899993896484,0,175.989999999985
175.99,3,2,170.910003662109,0,175.999999999985
176,3,2,170.919998168945,0,176.009999999985
176.01,3,2,170.929992675781,0,176.019999999985
176.02,3,2,170.929992675781,0,176.019999999985
176.03,3,2,170.949996948242,0,176.039999999985
176.04,3,2,170.960006713867,0,176.049999999985
176.05,3,2,170.970001220703,0,176.059999999985
176.06,3,2,170.979995727539,0,176.069999999985
176.07,3,2,170.990005493164,0,176.079999999985
176.08,3,2,170.990005493164,0,176.079999999985
176.09,3,2,171.009994506836,0,176.099999999985
176.1,3,2,171.020004272461,0,176.109999999985
176.11,3,2,171.029998779297,0,176.119999999985
176.12,3,2,171.039993286133,0,176.129999999985
176.13,3,2,171.050003051758,0,176.139999999985
176.14,3,2,171.050003051758,0,176.139999999985
176.15,3,2,171.070007324219,0,176.159999999985
176.16,3,2,171.080001831055,0,176.169999999985
176.17,3,2,171.089996337891,0,176.179999999985
176.18,3,2,171.100006103516,0,176.189999999985
176.19,3,2,171.110000610352,0,176.199999999985
176.2,3,2,171.110000610352,0,176.199999999985
176.21,3,2,171.130004882812,0,176.219999999985
176.22,3,2,171.139999389648,0,176.229999999985
176.23,3,2,171.149993896484,0,176.239999999985
176.24,3,2,171.160003662109,0,176.249999999985
176.25,3,2,171.169998168945,0,176.259999999985
176.26,3,2,171.179992675781,0,176.269999999985
176.27,3,2,171.179992675781,0,176.269999999985
176.28,3,2,171.199996948242,0,176.289999999985
176.29,3,2,171.210006713867,0,176.299999999985
176.3,3,2,171.220001220703,0,176.309999999985
176.31,3,2,171.229995727539,0,176.319999999985
176.32,3,2,171.240005493164,0,176.329999999985
176.33,3,2,171.240005493164,0,176.329999999985
176.34,3,2,171.259994506836,0,176.349999999985
176.35,3,2,171.270004272461,0,176.359999999985
176.36,3,2,171.279998779297,0,176.369999999985
176.37,3,2,171.289993286133,0,176.379999999985
176.38,3,2,171.300003051758,0,176.389999999985
176.39,3,2,171.300003051758,0,176.389999999985
176.4,3,2,171.320007324219,0,176.409999999985
176.41,3,2,171.330001831055,0,176.419999999985
176.42,3,2,171.339996337891,0,176.429999999985
176.43,3,2,171.350006103516,0,176.439999999985
176.44,3,2,171.360000610352,0,176.449999999984
176.45,3,2,171.360000610352,0,176.449999999984
176.46,3,2,171.380004882812,0,176.469999999984
176.47,3,2,171.389999389648,0,176.479999999984
176.48,3,2,171.399993896484,0,176.489999999984
176.49,3,2,171.410003662109,0,176.499999999984
176.5,3,2,171.419998168945,0,176.509999999984
176.51,3,2,171.429992675781,0,176.519999999984
176.52,3,2,171.429992675781,0,176.519999999984
176.53,3,2,171.449996948242,0,176.539999999984
176.54,3,2,171.460006713867,0,176.549999999984
176.55,3,2,171.470001220703,0,176.559999999984
176.56,3,2,171.479995727539,0,176.569999999984
176.57,3,2,171.490005493164,0,176.579999999984
176.58,3,2,171.490005493164,0,176.579999999984
176.59,3,2,171.509994506836,0,176.599999999984
176.6,3,2,171.520004272461,0,176.609999999984
176.61,3,2,171.529998779297,0,176.619999999984
176.62,3,2,171.539993286133,0,176.629999999984
176.63,3,2,171.550003051758,0,176.639999999984
176.64,3,2,171.550003051758,0,176.639999999984
176.65,3,2,171.570007324219,0,176.659999999984
176.66,3,2,171.580001831055,0,176.669999999984
176.67,3,2,171.589996337891,0,176.679999999984
176.68,3,2,171.600006103516,0,176.689999999984
176.69,3,2,171.610000610352,0,176.699999999984
176.7,3,2,171.610000610352,0,176.699999999984
176.71,3,2,171.630004882812,0,176.719999999984
176.72,3,2,171.639999389648,0,176.729999999984
176.73,3,2,171.649993896484,0,176.739999999984
176.74,3,2,171.660003662109,0,176.749999999984
176.75,3,2,171.669998168945,0,176.759999999984
176.76,3,2,171.679992675781,0,176.769999999984
176.77,3,2,171.679992675781,0,176.769999999984
176.78,3,2,171.699996948242,0,176.789999999984
176.79,3,2,171.710006713867,0,176.799999999984
176.8,3,2,171.720001220703,0,176.809999999984
176.81,3,2,171.729995727539,0,176.819999999984
176.82,3,2,171.740005493164,0,176.829999999984
176.83,3,2,171.740005493164,0,176.829999999984
176.84,3,2,171.759994506836,0,176.849999999984
176.85,3,2,171.770004272461,0,176.859999999984
176.86,3,2,171.779998779297,0,176.869999999984
176.87,3,2,171.789993286133,0,176.879999999984
176.88,3,2,171.800003051758,0,176.889999999984
176.89,3,2,171.800003051758,0,176.889999999984
176.9,3,2,171.820007324219,0,176.909999999984
176.91,3,2,171.830001831055,0,176.919999999984
176.92,3,2,171.839996337891,0,176.929999999984
176.93,3,2,171.850006103516,0,176.939999999984
176.94,3,2,171.860000610352,0,176.949999999984
176.95,3,2,171.860000610352,0,176.949999999984
176.96,3,2,171.880004882812,0,176.969999999984
176.97,3,2,171.889999389648,0,176.979999999984
176.98,3,2,171.899993896484,0,176.989999999984
176.99,3,2,171.910003662109,0,176.999999999984
177,3,2,171.919998168945,0,177.009999999984
177.01,3,2,171.929992675781,0,177.019999999984
177.02,3,2,171.929992675781,0,177.019999999984
177.03,3,2,171.949996948242,0,177.039999999984
177.04,3,2,171.960006713867,0,177.049999999984
177.05,3,2,171.970001220703,0,177.059999999984
177.06,3,2,171.979995727539,0,177.069999999984
177.07,3,2,171.990005493164,0,177.079999999984
177.08,3,2,171.990005493164,0,177.079999999984
177.09,3,2,172.009994506836,0,177.099999999984
177.1,3,2,172.020004272461,0,177.109999999984
177.11,3,2,172.029998779297,0,177.119999999984
177.12,3,2,172.039993286133,0,177.129999999984
177.13,3,2,172.050003051758,0,177.139999999984
177.14,3,2,172.050003051758,0,177.139999999984
177.15,3,2,172.070007324219,0,177.159999999984
177.16,3,2,172.080001831055,0,177.169999999984
177.17,3,2,172.089996337891,0,177.179999999984
177.18,3,2,172.100006103516,0,177.189999999984
177.19,3,2,172.110000610352,0,177.199999999984
177.2,3,2,172.110000610352,0,177.199999999984
177.21,3,2,172.130004882812,0,177.219999999984
177.22,3,2,172.139999389648,0,177.229999999984
177.23,3,2,172.149993896484,0,177.239999999984
177.24,3,2,172.160003662109,0,177.249999999984
177.25,3,2,172.169998168945,0,177.259999999984
177.26,3,2,172.179992675781,0,177.269999999984
177.27,3,2,172.179992675781,0,177.269999999984
177.28,3,2,172.199996948242,0,177.289999999984
177.29,3,2,172.210006713867,0,177.299999999984
177.3,3,2,172.220001220703,0,177.309999999984
177.31,3,2,172.229995727539,0,177.319999999984
177.32,3,2,172.240005493164,0,177.329999999984
177.33,3,2,172.240005493164,0,177.329999999984
177.34,3,2,172.259994506836,0,177.349999999984
177.35,3,2,172.270004272461,0,177.359999999984
177.36,3,2,172.279998779297,0,177.369999999984
177.37,3,2,172.289993286133,0,177.379999999984
177.38,3,2,172.300003051758,0,177.389999999984
177.39,3,2,172.300003051758,0,177.389999999984
177.4,3,2,172.320007324219,0,177.409999999984
177.41,3,2,172.330001831055,0,177.419999999984
177.42,3,2,172.339996337891,0,177.429999999984
177.43,3,2,172.350006103516,0,177.439999999984
177.44,3,2,172.360000610352,0,177.449999999984
177.45,3,2,172.360000610352,0,177.449999999984
177.46,3,2,172.380004882812,0,177.469999999984
177.47,3,2,172.389999389648,0,177.479999999984
177.48,3,2,172.399993896484,0,177.489999999984
177.49,3,2,172.410003662109,0,177.499999999984
177.5,3,2,172.419998168945,0,177.509999999984
177.51,3,2,172.429992675781,0,177.519999999984
177.52,3,2,172.429992675781,0,177.519999999984
177.53,3,2,172.449996948242,0,177.539999999984
177.54,3,2,172.460006713867,0,177.549999999983
177.55,3,2,172.470001220703,0,177.559999999983
177.56,3,2,172.479995727539,0,177.569999999983
177.57,3,2,172.490005493164,0,177.579999999983
177.58,3,2,172.490005493164,0,177.579999999983
177.59,3,2,172.509994506836,0,177.599999999983
177.6,3,2,172.520004272461,0,177.609999999983
177.61,3,2,172.529998779297,0,177.619999999983
177.62,3,2,172.539993286133,0,177.629999999983
177.63,3,2,172.550003051758,0,177.639999999983
177.64,3,2,172.550003051758,0,177.639999999983
177.65,3,2,172.570007324219,0,177.659999999983
177.66,3,2,172.580001831055,0,177.669999999983
177.67,3,2,172.589996337891,0,177.679999999983
177.68,3,2,172.600006103516,0,177.689999999983
177.69,3,2,172.610000610352,0,177.699999999983
177.7,3,2,172.610000610352,0,177.699999999983
177.71,3,2,172.630004882812,0,177.719999999983
177.72,3,2,172.639999389648,0,177.729999999983
177.73,3,2,172.649993896484,0,177.739999999983
177.74,3,2,172.660003662109,0,177.749999999983
177.75,3,2,172.669998168945,0,177.759999999983
177.76,3,2,172.679992675781,0,177.769999999983
177.77,3,2,172.679992675781,0,177.769999999983
177.78,3,2,172.699996948242,0,177.789999999983
177.79,3,2,172.710006713867,0,177.799999999983
177.8,3,2,172.720001220703,0,177.809999999983
177.81,3,2,172.729995727539,0,177.819999999983
177.82,3,2,172.740005493164,0,177.829999999983
177.83,3,2,172.740005493164,0,177.829999999983
177.84,3,2,172.759994506836,0,177.849999999983
177.85,3,2,172.770004272461,0,177.859999999983
177.86,3,2,172.779998779297,0,177.869999999983
177.87,3,2,172.789993286133,0,177.879999999983
177.88,3,2,172.800003051758,0,177.889999999983
177.89,3,2,172.800003051758,0,177.889999999983
177.9,3,2,172.820007324219,0,177.909999999983
177.91,3,2,172.830001831055,0,177.919999999983
177.92,3,2,172.839996337891,0,177.929999999983
177.93,3,2,172.850006103516,0,177.939999999983
177.94,3,2,172.860000610352,0,177.949999999983
177.95,3,2,172.860000610352,0,177.949999999983
177.96,3,2,172.880004882812,0,177.969999999983
177.97,3,2,172.889999389648,0,177.979999999983
177.98,3,2,172.899993896484,0,177.989999999983
177.99,3,2,172.910003662109,0,177.999999999983
178,3,2,172.919998168945,0,178.009999999983
178.01,3,2,172.929992675781,0,178.019999999983
178.02,3,2,172.940002441406,0,178.029999999983
178.03,3,2,172.949996948242,0,178.039999999983
178.04,3,2,172.960006713867,0,178.049999999983
178.05,3,2,172.970001220703,0,178.059999999983
178.06,3,2,172.979995727539,0,178.069999999983
178.07,3,2,172.990005493164,0,178.079999999983
178.08,3,2,172.990005493164,0,178.079999999983
178.09,3,2,173.009994506836,0,178.099999999983
178.1,3,2,173.020004272461,0,178.109999999983
178.11,3,2,173.029998779297,0,178.119999999983
178.12,3,2,173.039993286133,0,178.129999999983
178.13,3,2,173.050003051758,0,178.139999999983
178.14,3,2,173.050003051758,0,178.139999999983
178.15,3,2,173.070007324219,0,178.159999999983
178.16,3,2,173.080001831055,0,178.169999999983
178.17,3,2,173.080001831055,0,178.169999999983
178.18,3,2,173.100006103516,0,178.189999999983
178.19,3,2,173.110000610352,0,178.199999999983
178.2,3,2,173.110000610352,0,178.199999999983
178.21,3,2,173.130004882812,0,178.219999999983
178.22,3,2,173.139999389648,0,178.229999999983
178.23,3,2,173.149993896484,0,178.239999999983
178.24,3,2,173.160003662109,0,178.249999999983
178.25,3,2,173.169998168945,0,178.259999999983
178.26,3,2,173.179992675781,0,178.269999999983
178.27,3,2,173.190002441406,0,178.279999999983
178.28,3,2,173.199996948242,0,178.289999999983
178.29,3,2,173.210006713867,0,178.299999999983
178.3,3,2,173.220001220703,0,178.309999999983
178.31,3,2,173.229995727539,0,178.319999999983
178.32,3,2,173.240005493164,0,178.329999999983
178.33,3,2,173.240005493164,0,178.329999999983
178.34,3,2,173.259994506836,0,178.349999999983
178.35,3,2,173.270004272461,0,178.359999999983
178.36,3,2,173.279998779297,0,178.369999999983
178.37,3,2,173.289993286133,0,178.379999999983
178.38,3,2,173.300003051758,0,178.389999999983
178.39,3,2,173.300003051758,0,178.389999999983
178.4,3,2,173.320007324219,0,178.409999999983
178.41,3,2,173.330001831055,0,178.419999999983
178.42,3,2,173.330001831055,0,178.419999999983
178.43,3,2,173.350006103516,0,178.439999999983
178.44,3,2,173.360000610352,0,178.449999999983
178.45,3,2,173.360000610352,0,178.449999999983
178.46,3,2,173.380004882812,0,178.469999999983
178.47,3,2,173.389999389648,0,178.479999999983
178.48,3,2,173.399993896484,0,178.489999999983
178.49,3,2,173.410003662109,0,178.499999999983
178.5,3,2,173.419998168945,0,178.509999999983
178.51,3,2,173.429992675781,0,178.519999999983
178.52,3,2,173.440002441406,0,178.529999999983
178.53,3,2,173.449996948242,0,178.539999999983
178.54,3,2,173.460006713867,0,178.549999999983
178.55,3,2,173.470001220703,0,178.559999999983
178.56,3,2,173.479995727539,0,178.569999999983
178.57,3,2,173.490005493164,0,178.579999999983
178.58,3,2,173.490005493164,0,178.579999999983
178.59,3,2,173.509994506836,0,178.599999999983
178.6,3,2,173.520004272461,0,178.609999999983
178.61,3,2,173.529998779297,0,178.619999999983
178.62,3,2,173.539993286133,0,178.629999999983
178.63,3,2,173.550003051758,0,178.639999999983
178.64,3,2,173.550003051758,0,178.639999999983
178.65,3,2,173.570007324219,0,178.659999999982
178.66,3,2,173.580001831055,0,178.669999999982
178.67,3,2,173.580001831055,0,178.669999999982
178.68,3,2,173.600006103516,0,178.689999999982
178.69,3,2,173.610000610352,0,178.699999999982
178.7,3,2,173.610000610352,0,178.699999999982
178.71,3,2,173.630004882812,0,178.719999999982
178.72,3,2,173.639999389648,0,178.729999999982
178.73,3,2,173.649993896484,0,178.739999999982
178.74,3,2,173.660003662109,0,178.749999999982
178.75,3,2,173.669998168945,0,178.759999999982
178.76,3,2,173.679992675781,0,178.769999999982
178.77,3,2,173.690002441406,0,178.779999999982
178.78,3,2,173.699996948242,0,178.789999999982
178.79,3,2,173.710006713867,0,178.799999999982
178.8,3,2,173.720001220703,0,178.809999999982
178.81,3,2,173.729995727539,0,178.819999999982
178.82,3,2,173.740005493164,0,178.829999999982
178.83,3,2,173.740005493164,0,178.829999999982
178.84,3,2,173.759994506836,0,178.849999999982
178.85,3,2,173.770004272461,0,178.859999999982
178.86,3,2,173.779998779297,0,178.869999999982
178.87,3,2,173.789993286133,0,178.879999999982
178.88,3,2,173.800003051758,0,178.889999999982
178.89,3,2,173.800003051758,0,178.889999999982
178.9,3,2,173.820007324219,0,178.909999999982
178.91,3,2,173.830001831055,0,178.919999999982
178.92,3,2,173.830001831055,0,178.919999999982
178.93,3,2,173.850006103516,0,178.939999999982
178.94,3,2,173.860000610352,0,178.949999999982
178.95,3,2,173.860000610352,0,178.949999999982
178.96,3,2,173.880004882812,0,178.969999999982
178.97,3,2,173.889999389648,0,178.979999999982
178.98,3,2,173.899993896484,0,178.989999999982
178.99,3,2,173.910003662109,0,178.999999999982
179,3,2,173.919998168945,0,179.009999999982
179.01,3,2,173.929992675781,0,179.019999999982
179.02,3,2,173.940002441406,0,179.029999999982
179.03,3,2,173.949996948242,0,179.039999999982
179.04,3,2,173.960006713867,0,179.049999999982
179.05,3,2,173.970001220703,0,179.059999999982
179.06,3,2,173.979995727539,0,179.069999999982
179.07,3,2,173.990005493164,0,179.079999999982
179.08,3,2,173.990005493164,0,179.079999999982
179.09,3,2,174.009994506836,0,179.099999999982
179.1,3,2,174.020004272461,0,179.109999999982
179.11,3,2,174.029998779297,0,179.119999999982
179.12,3,2,174.039993286133,0,179.129999999982
179.13,3,2,174.050003051758,0,179.139999999982
179.14,3,2,174.050003051758,0,179.139999999982
179.15,3,2,174.070007324219,0,179.159999999982
179.16,3,2,174.080001831055,0,179.169999999982
179.17,3,2,174.080001831055,0,179.169999999982
179.18,3,2,174.100006103516,0,179.189999999982
179.19,3,2,174.110000610352,0,179.199999999982
179.2,3,2,174.110000610352,0,179.199999999982
179.21,3,2,174.130004882812,0,179.219999999982
179.22,3,2,174.139999389648,0,179.229999999982
179.23,3,2,174.149993896484,0,179.239999999982
179.24,3,2,174.160003662109,0,179.249999999982
179.25,3,2,174.169998168945,0,179.259999999982
179.26,3,2,174.179992675781,0,179.269999999982
179.27,3,2,174.190002441406,0,179.279999999982
179.28,3,2,174.199996948242,0,179.289999999982
179.29,3,2,174.210006713867,0,179.299999999982
179.3,3,2,174.220001220703,0,179.309999999982
179.31,3,2,174.229995727539,0,179.319999999982
179.32,3,2,174.240005493164,0,179.329999999982
179.33,3,2,174.240005493164,0,179.329999999982
179.34,3,2,174.259994506836,0,179.349999999982
179.35,3,2,174.270004272461,0,179.359999999982
179.36,3,2,174.279998779297,0,179.369999999982
179.37,3,2,174.289993286133,0,179.379999999982
179.38,3,2,174.300003051758,0,179.389999999982
179.39,3,2,174.300003051758,0,179.389999999982
179.4,3,2,174.320007324219,0,179.409999999982
179.41,3,2,174.330001831055,0,179.419999999982
179.42,3,2,174.330001831055,0,179.419999999982
179.43,3,2,174.350006103516,0,179.439999999982
179.44,3,2,174.360000610352,0,179.449999999982
179.45,3,2,174.360000610352,0,179.449999999982
179.46,3,2,174.380004882812,0,179.469999999982
179.47,3,2,174.389999389648,0,179.479999999982
179.48,3,2,174.399993896484,0,179.489999999982
179.49,3,2,174.410003662109,0,179.499999999982
179.5,3,2,174.419998168945,0,179.509999999982
179.51,3,2,174.429992675781,0,179.519999999982
179.52,3,2,174.440002441406,0,179.529999999982
179.53,3,2,174.449996948242,0,179.539999999982
179.54,3,2,174.460006713867,0,179.549999999982
179.55,3,2,174.470001220703,0,179.559999999982
179.56,3,2,174.479995727539,0,179.569999999982
179.57,3,2,174.490005493164,0,179.579999999982
179.58,3,2,174.490005493164,0,179.579999999982
179.59,3,2,174.509994506836,0,179.599999999982
179.6,3,2,174.520004272461,0,179.609999999982
179.61,3,2,174.529998779297,0,179.619999999982
179.62,3,2,174.539993286133,0,179.629999999982
179.63,3,2,174.550003051758,0,179.639999999982
179.64,3,2,174.550003051758,0,179.639999999982
179.65,3,2,174.570007324219,0,179.659999999982
179.66,3,2,174.580001831055,0,179.669999999982
179.67,3,2,174.580001831055,0,179.669999999982
179.68,3,2,174.600006103516,0,179.689999999982
179.69,3,2,174.610000610352,0,179.699999999982
179.7,3,2,174.610000610352,0,179.699999999982
179.71,3,2,174.630004882812,0,179.719999999982
179.72,3,2,174.639999389648,0,179.729999999982
179.73,3,2,174.649993896484,0,179.739999999982
179.74,3,2,174.660003662109,0,179.749999999981
179.75,3,2,174.669998168945,0,179.759999999981
179.76,3,2,174.679992675781,0,179.769999999981
179.77,3,2,174.690002441406,0,179.779999999981
179.78,3,2,174.699996948242,0,179.789999999981
179.79,3,2,174.710006713867,0,179.799999999981
179.8,3,2,174.720001220703,0,179.809999999981
179.81,3,2,174.729995727539,0,179.819999999981
179.82,3,2,174.740005493164,0,179.829999999981
179.83,3,2,174.740005493164,0,179.829999999981
179.84,3,2,174.759994506836,0,179.849999999981
179.85,3,2,174.770004272461,0,179.859999999981
179.86,3,2,174.779998779297,0,179.869999999981
179.87,3,2,174.789993286133,0,179.879999999981
179.88,3,2,174.800003051758,0,179.889999999981
179.89,3,2,174.800003051758,0,179.889999999981
179.9,3,2,174.820007324219,0,179.909999999981
179.91,3,2,174.830001831055,0,179.919999999981
179.92,3,2,174.830001831055,0,179.919999999981
179.93,3,2,174.850006103516,0,179.939999999981
179.94,3,2,174.860000610352,0,179.949999999981
179.95,3,2,174.860000610352,0,179.949999999981
179.96,3,2,174.880004882812,0,179.969999999981
179.97,3,2,174.889999389648,0,179.979999999981
179.98,3,2,174.899993896484,0,179.989999999981
179.99,3,2,174.910003662109,0,179.999999999981
180,3,2,174.919998168945,0,180.009999999981
180.01,3,2,174.929992675781,0,180.019999999981
180.02,3,2,174.940002441406,0,180.029999999981
180.03,3,2,174.949996948242,0,180.039999999981
180.04,3,2,174.960006713867,0,180.049999999981
180.05,3,2,174.970001220703,0,180.059999999981
180.06,3,2,174.979995727539,0,180.069999999981
180.07,3,2,174.990005493164,0,180.079999999981
180.08,3,2,174.990005493164,0,180.079999999981
180.09,3,2,175.009994506836,0,180.099999999981
180.1,3,2,175.020004272461,0,180.109999999981
180.11,3,2,175.029998779297,0,180.119999999981
180.12,3,2,175.039993286133,0,180.129999999981
180.13,3,2,175.050003051758,0,180.139999999981
180.14,3,2,175.050003051758,0,180.139999999981
180.15,3,2,175.070007324219,0,180.159999999981
180.16,3,2,175.080001831055,0,180.169999999981
180.17,3,2,175.080001831055,0,180.169999999981
180.18,3,2,175.100006103516,0,180.189999999981
180.19,3,2,175.110000610352,0,180.199999999981
180.2,3,2,175.110000610352,0,180.199999999981
180.21,3,2,175.130004882812,0,180.219999999981
180.22,3,2,175.139999389648,0,180.229999999981
180.23,3,2,175.149993896484,0,180.239999999981
180.24,3,2,175.160003662109,0,180.249999999981
180.25,3,2,175.169998168945,0,180.259999999981
180.26,3,2,175.179992675781,0,180.269999999981
180.27,3,2,175.190002441406,0,180.279999999981
180.28,3,2,175.199996948242,0,180.289999999981
180.29,3,2,175.210006713867,0,180.299999999981
180.3,3,2,175.220001220703,0,180.309999999981
180.31,3,2,175.229995727539,0,180.319999999981
180.32,3,2,175.240005493164,0,180.329999999981
180.33,3,2,175.240005493164,0,180.329999999981
180.34,3,2,175.259994506836,0,180.349999999981
180.35,3,2,175.270004272461,0,180.359999999981
180.36,3,2,175.279998779297,0,180.369999999981
180.37,3,2,175.289993286133,0,180.379999999981
180.38,3,2,175.300003051758,0,180.389999999981
180.39,3,2,175.300003051758,0,180.389999999981
180.4,3,2,175.320007324219,0,180.409999999981
180.41,3,2,175.330001831055,0,180.419999999981
180.42,3,2,175.330001831055,0,180.419999999981
180.43,3,2,175.350006103516,0,180.439999999981
180.44,3,2,175.360000610352,0,180.449999999981
180.45,3,2,175.360000610352,0,180.449999999981
180.46,3,2,175.380004882812,0,180.469999999981
180.47,3,2,175.389999389648,0,180.479999999981
180.48,3,2,175.399993896484,0,180.489999999981
180.49,3,2,175.410003662109,0,180.499999999981
180.5,3,2,175.419998168945,0,180.509999999981
180.51,3,2,175.429992675781,0,180.519999999981
180.52,3,2,175.440002441406,0,180.529999999981
180.53,3,2,175.449996948242,0,180.539999999981
180.54,3,2,175.460006713867,0,180.549999999981
180.55,3,2,175.470001220703,0,180.559999999981
180.56,3,2,175.479995727539,0,180.569999999981
180.57,3,2,175.490005493164,0,180.579999999981
180.58,3,2,175.490005493164,0,180.579999999981
180.59,3,2,175.509994506836,0,180.599999999981
180.6,3,2,175.520004272461,0,180.609999999981
180.61,3,2,175.529998779297,0,180.619999999981
180.62,3,2,175.539993286133,0,180.629999999981
180.63,3,2,175.550003051758,0,180.639999999981
180.64,3,2,175.550003051758,0,180.639999999981
180.65,3,2,175.570007324219,0,180.659999999981
180.66,3,2,175.580001831055,0,180.669999999981
180.67,3,2,175.580001831055,0,180.669999999981
180.68,3,2,175.600006103516,0,180.689999999981
180.69,3,2,175.610000610352,0,180.699999999981
180.7,3,2,175.610000610352,0,180.699999999981
180.71,3,2,175.630004882812,0,180.719999999981
180.72,3,2,175.639999389648,0,180.729999999981
180.73,3,2,175.649993896484,0,180.739999999981
180.74,3,2,175.660003662109,0,180.749999999981
180.75,3,2,175.669998168945,0,180.759999999981
180.76,3,2,175.679992675781,0,180.769999999981
180.77,3,2,175.690002441406,0,180.779999999981
180.78,3,2,175.699996948242,0,180.789999999981
180.79,3,2,175.710006713867,0,180.799999999981
180.8,3,2,175.720001220703,0,180.809999999981
180.81,3,2,175.729995727539,0,180.819999999981
180.82,3,2,175.740005493164,0,180.829999999981
180.83,3,2,175.740005493164,0,180.829999999981
180.84,3,2,175.759994506836,0,180.84999999998
180.85,3,2,175.770004272461,0,180.85999999998
180.86,3,2,175.779998779297,0,180.86999999998
180.87,3,2,175.789993286133,0,180.87999999998
180.88,3,2,175.800003051758,0,180.88999999998
180.89,3,2,175.800003051758,0,180.88999999998
180.9,3,2,175.820007324219,0,180.90999999998
180.91,3,2,175.830001831055,0,180.91999999998
180.92,3,2,175.830001831055,0,180.91999999998
180.93,3,2,175.850006103516,0,180.93999999998
180.94,3,2,175.860000610352,0,180.94999999998
180.95,3,2,175.860000610352,0,180.94999999998
180.96,3,2,175.880004882812,0,180.96999999998
180.97,3,2,175.889999389648,0,180.97999999998
180.98,3,2,175.899993896484,0,180.98999999998
180.99,3,2,175.910003662109,0,180.99999999998
181,3,2,175.919998168945,0,181.00999999998
181.01,3,2,175.929992675781,0,181.01999999998
181.02,3,2,175.940002441406,0,181.02999999998
181.03,3,2,175.949996948242,0,181.03999999998
181.04,3,2,175.960006713867,0,181.04999999998
181.05,3,2,175.970001220703,0,181.05999999998
181.06,3,2,175.979995727539,0,181.06999999998
181.07,3,2,175.990005493164,0,181.07999999998
181.08,3,2,175.990005493164,0,181.07999999998
181.09,3,2,176.009994506836,0,181.09999999998
181.1,3,2,176.020004272461,0,181.10999999998
181.11,3,2,176.029998779297,0,181.11999999998
181.12,3,2,176.039993286133,0,181.12999999998
181.13,3,2,176.050003051758,0,181.13999999998
181.14,3,2,176.050003051758,0,181.13999999998
181.15,3,2,176.070007324219,0,181.15999999998
181.16,3,2,176.080001831055,0,181.16999999998
181.17,3,2,176.080001831055,0,181.16999999998
181.18,3,2,176.100006103516,0,181.18999999998
181.19,3,2,176.110000610352,0,181.19999999998
181.2,3,2,176.110000610352,0,181.19999999998
181.21,3,2,176.130004882812,0,181.21999999998
181.22,3,2,176.139999389648,0,181.22999999998
181.23,3,2,176.149993896484,0,181.23999999998
181.24,3,2,176.160003662109,0,181.24999999998
181.25,3,2,176.169998168945,0,181.25999999998
181.26,3,2,176.179992675781,0,181.26999999998
181.27,3,2,176.190002441406,0,181.27999999998
181.28,3,2,176.199996948242,0,181.28999999998
181.29,3,2,176.210006713867,0,181.29999999998
181.3,3,2,176.220001220703,0,181.30999999998
181.31,3,2,176.229995727539,0,181.31999999998
181.32,3,2,176.240005493164,0,181.32999999998
181.33,3,2,176.240005493164,0,181.32999999998
181.34,3,2,176.259994506836,0,181.34999999998
181.35,3,2,176.270004272461,0,181.35999999998
181.36,3,2,176.279998779297,0,181.36999999998
181.37,3,2,176.289993286133,0,181.37999999998
181.38,3,2,176.300003051758,0,181.38999999998
181.39,3,2,176.300003051758,0,181.38999999998
181.4,3,2,176.320007324219,0,181.40999999998
181.41,3,2,176.330001831055,0,181.41999999998
181.42,3,2,176.330001831055,0,181.41999999998
181.43,3,2,176.350006103516,0,181.43999999998
181.44,3,2,176.360000610352,0,181.44999999998
181.45,3,2,176.360000610352,0,181.44999999998
181.46,3,2,176.380004882812,0,181.46999999998
181.47,3,2,176.389999389648,0,181.47999999998
181.48,3,2,176.399993896484,0,181.48999999998
181.49,3,2,176.410003662109,0,181.49999999998
181.5,3,2,176.419998168945,0,181.50999999998
181.51,3,2,176.429992675781,0,181.51999999998
181.52,3,2,176.440002441406,0,181.52999999998
181.53,3,2,176.449996948242,0,181.53999999998
181.54,3,2,176.460006713867,0,181.54999999998
181.55,3,2,176.470001220703,0,181.55999999998
181.56,3,2,176.479995727539,0,181.56999999998
181.57,3,2,176.490005493164,0,181.57999999998
181.58,3,2,176.490005493164,0,181.57999999998
181.59,3,2,176.509994506836,0,181.59999999998
181.6,3,2,176.520004272461,0,181.60999999998
181.61,3,2,176.529998779297,0,181.61999999998
181.62,3,2,176.539993286133,0,181.62999999998
181.63,3,2,176.550003051758,0,181.63999999998
181.64,3,2,176.550003051758,0,181.63999999998
181.65,3,2,176.570007324219,0,181.65999999998
181.66,3,2,176.580001831055,0,181.66999999998
181.67,3,2,176.580001831055,0,181.66999999998
181.68,3,2,176.600006103516,0,181.68999999998
181.69,3,2,176.610000610352,0,181.69999999998
181.7,3,2,176.610000610352,0,181.69999999998
181.71,3,2,176.630004882812,0,181.71999999998
181.72,3,2,176.639999389648,0,181.72999999998
181.73,3,2,176.649993896484,0,181.73999999998
181.74,3,2,176.660003662109,0,181.74999999998
181.75,3,2,176.669998168945,0,181.75999999998
181.76,3,2,176.679992675781,0,181.76999999998
181.77,3,2,176.690002441406,0,181.77999999998
181.78,3,2,176.699996948242,0,181.78999999998
181.79,3,2,176.710006713867,0,181.79999999998
181.8,3,2,176.720001220703,0,181.80999999998
181.81,3,2,176.729995727539,0,181.81999999998
181.82,3,2,176.740005493164,0,181.82999999998
181.83,3,2,176.740005493164,0,181.82999999998
181.84,3,2,176.759994506836,0,181.84999999998
181.85,3,2,176.770004272461,0,181.85999999998
181.86,3,2,176.779998779297,0,181.86999999998
181.87,3,2,176.789993286133,0,181.87999999998
181.88,3,2,176.800003051758,0,181.88999999998
181.89,3,2,176.800003051758,0,181.88999999998
181.9,3,2,176.820007324219,0,181.90999999998
181.91,3,2,176.830001831055,0,181.91999999998
181.92,3,2,176.830001831055,0,181.91999999998
181.93,3,2,176.850006103516,0,181.93999999998
181.94,3,2,176.860000610352,0,181.949999999979
181.95,3,2,176.860000610352,0,181.949999999979
181.96,3,2,176.880004882812,0,181.969999999979
181.97,3,2,176.889999389648,0,181.979999999979
181.98,3,2,176.899993896484,0,181.989999999979
181.99,3,2,176.910003662109,0,181.999999999979
182,3,2,176.919998168945,0,182.009999999979
182.01,3,2,176.929992675781,0,182.019999999979
182.02,3,2,176.940002441406,0,182.029999999979
182.03,3,2,176.949996948242,0,182.039999999979
182.04,3,2,176.960006713867,0,182.049999999979
182.05,3,2,176.970001220703,0,182.059999999979
182.06,3,2,176.979995727539,0,182.069999999979
182.07,3,2,176.990005493164,0,182.079999999979
182.08,3,2,176.990005493164,0,182.079999999979
182.09,3,2,177.009994506836,0,182.099999999979
182.1,3,2,177.020004272461,0,182.109999999979
182.11,3,2,177.029998779297,0,182.119999999979
182.12,3,2,177.039993286133,0,182.129999999979
182.13,3,2,177.050003051758,0,182.139999999979
182.14,3,2,177.050003051758,0,182.139999999979
182.15,3,2,177.070007324219,0,182.159999999979
182.16,3,2,177.080001831055,0,182.169999999979
182.17,3,2,177.080001831055,0,182.169999999979
182.18,3,2,177.100006103516,0,182.189999999979
182.19,3,2,177.110000610352,0,182.199999999979
182.2,3,2,177.110000610352,0,182.199999999979
182.21,3,2,177.130004882812,0,182.219999999979
182.22,3,2,177.139999389648,0,182.229999999979
182.23,3,2,177.149993896484,0,182.239999999979
182.24,3,2,177.160003662109,0,182.249999999979
182.25,3,2,177.169998168945,0,182.259999999979
182.26,3,2,177.179992675781,0,182.269999999979
182.27,3,2,177.190002441406,0,182.279999999979
182.28,3,2,177.199996948242,0,182.289999999979
182.29,3,2,177.210006713867,0,182.299999999979
182.3,3,2,177.220001220703,0,182.309999999979
182.31,3,2,177.229995727539,0,182.319999999979
182.32,3,2,177.240005493164,0,182.329999999979
182.33,3,2,177.240005493164,0,182.329999999979
182.34,3,2,177.259994506836,0,182.349999999979
182.35,3,2,177.270004272461,0,182.359999999979
182.36,3,2,177.279998779297,0,182.369999999979
182.37,3,2,177.289993286133,0,182.379999999979
182.38,3,2,177.300003051758,0,182.389999999979
182.39,3,2,177.300003051758,0,182.389999999979
182.4,3,2,177.320007324219,0,182.409999999979
182.41,3,2,177.330001831055,0,182.419999999979
182.42,3,2,177.330001831055,0,182.419999999979
182.43,3,2,177.350006103516,0,182.439999999979
182.44,3,2,177.360000610352,0,182.449999999979
182.45,3,2,177.360000610352,0,182.449999999979
182.46,3,2,177.380004882812,0,182.469999999979
182.47,3,2,177.389999389648,0,182.479999999979
182.48,3,2,177.399993896484,0,182.489999999979
182.49,3,2,177.410003662109,0,182.499999999979
182.5,3,2,177.419998168945,0,182.509999999979
182.51,3,2,177.429992675781,0,182.519999999979
182.52,3,2,177.440002441406,0,182.529999999979
182.53,3,2,177.449996948242,0,182.539999999979
182.54,3,2,177.460006713867,0,182.549999999979
182.55,3,2,177.470001220703,0,182.559999999979
182.56,3,2,177.479995727539,0,182.569999999979
182.57,3,2,177.490005493164,0,182.579999999979
182.58,3,2,177.490005493164,0,182.579999999979
182.59,3,2,177.509994506836,0,182.599999999979
182.6,3,2,177.520004272461,0,182.609999999979
182.61,3,2,177.529998779297,0,182.619999999979
182.62,3,2,177.539993286133,0,182.629999999979
182.63,3,2,177.550003051758,0,182.639999999979
182.64,3,2,177.550003051758,0,182.639999999979
182.65,3,2,177.570007324219,0,182.659999999979
182.66,3,2,177.580001831055,0,182.669999999979
182.67,3,2,177.580001831055,0,182.669999999979
182.68,3,2,177.600006103516,0,182.689999999979
182.69,3,2,177.610000610352,0,182.699999999979
182.7,3,2,177.610000610352,0,182.699999999979
182.71,3,2,177.630004882812,0,182.719999999979
182.72,3,2,177.639999389648,0,182.729999999979
182.73,3,2,177.649993896484,0,182.739999999979
182.74,3,2,177.660003662109,0,182.749999999979
182.75,3,2,177.669998168945,0,182.759999999979
182.76,3,2,177.679992675781,0,182.769999999979
182.77,3,2,177.690002441406,0,182.779999999979
182.78,3,2,177.699996948242,0,182.789999999979
182.79,3,2,177.710006713867,0,182.799999999979
182.8,3,2,177.720001220703,0,182.809999999979
182.81,3,2,177.729995727539,0,182.819999999979
182.82,3,2,177.740005493164,0,182.829999999979
182.83,3,2,177.740005493164,0,182.829999999979
182.84,3,2,177.759994506836,0,182.849999999979
182.85,3,2,177.770004272461,0,182.859999999979
182.86,3,2,177.779998779297,0,182.869999999979
182.87,3,2,177.789993286133,0,182.879999999979
182.88,3,2,177.800003051758,0,182.889999999979
182.89,3,2,177.800003051758,0,182.889999999979
182.9,3,2,177.820007324219,0,182.909999999979
182.91,3,2,177.830001831055,0,182.919999999979
182.92,3,2,177.830001831055,0,182.919999999979
182.93,3,2,177.850006103516,0,182.939999999979
182.94,3,2,177.860000610352,0,182.949999999979
182.95,3,2,177.860000610352,0,182.949999999979
182.96,3,2,177.880004882812,0,182.969999999979
182.97,3,2,177.889999389648,0,182.979999999979
182.98,3,2,177.899993896484,0,182.989999999979
182.99,3,2,177.910003662109,0,182.999999999979
183,3,2,177.919998168945,0,183.009999999979
183.01,3,2,177.929992675781,0,183.019999999979
183.02,3,2,177.940002441406,0,183.029999999979
183.03,3,2,177.949996948242,0,183.039999999979
183.04,3,2,177.960006713867,0,183.049999999978
183.05,3,2,177.970001220703,0,183.059999999978
183.06,3,2,177.979995727539,0,183.069999999978
183.07,3,2,177.990005493164,0,183.079999999978
183.08,3,2,177.990005493164,0,183.079999999978
183.09,3,2,178.009994506836,0,183.099999999978
183.1,3,2,178.020004272461,0,183.109999999978
183.11,3,2,178.029998779297,0,183.119999999978
183.12,3,2,178.039993286133,0,183.129999999978
183.13,3,2,178.050003051758,0,183.139999999978
183.14,3,2,178.050003051758,0,183.139999999978
183.15,3,2,178.070007324219,0,183.159999999978
183.16,3,2,178.080001831055,0,183.169999999978
183.17,3,2,178.080001831055,0,183.169999999978
183.18,3,2,178.100006103516,0,183.189999999978
183.19,3,2,178.110000610352,0,183.199999999978
183.2,3,2,178.110000610352,0,183.199999999978
183.21,3,2,178.130004882812,0,183.219999999978
183.22,3,2,178.139999389648,0,183.229999999978
183.23,3,2,178.149993896484,0,183.239999999978
183.24,3,2,178.160003662109,0,183.249999999978
183.25,3,2,178.169998168945,0,183.259999999978
183.26,3,2,178.179992675781,0,183.269999999978
183.27,3,2,178.190002441406,0,183.279999999978
183.28,3,2,178.199996948242,0,183.289999999978
183.29,3,2,178.210006713867,0,183.299999999978
183.3,3,2,178.220001220703,0,183.309999999978
183.31,3,2,178.229995727539,0,183.319999999978
183.32,3,2,178.240005493164,0,183.329999999978
183.33,3,2,178.240005493164,0,183.329999999978
183.34,3,2,178.259994506836,0,183.349999999978
183.35,3,2,178.270004272461,0,183.359999999978
183.36,3,2,178.279998779297,0,183.369999999978
183.37,3,2,178.289993286133,0,183.379999999978
183.38,3,2,178.300003051758,0,183.389999999978
183.39,3,2,178.300003051758,0,183.389999999978
183.4,3,2,178.320007324219,0,183.409999999978
183.41,3,2,178.330001831055,0,183.419999999978
183.42,3,2,178.330001831055,0,183.419999999978
183.43,3,2,178.350006103516,0,183.439999999978
183.44,3,2,178.360000610352,0,183.449999999978
183.45,3,2,178.360000610352,0,183.449999999978
183.46,3,2,178.380004882812,0,183.469999999978
183.47,3,2,178.389999389648,0,183.479999999978
183.48,3,2,178.399993896484,0,183.489999999978
183.49,3,2,178.410003662109,0,183.499999999978
183.5,3,2,178.419998168945,0,183.509999999978
183.51,3,2,178.429992675781,0,183.519999999978
183.52,3,2,178.440002441406,0,183.529999999978
183.53,3,2,178.449996948242,0,183.539999999978
183.54,3,2,178.460006713867,0,183.549999999978
183.55,3,2,178.470001220703,0,183.559999999978
183.56,3,2,178.479995727539,0,183.569999999978
183.57,3,2,178.490005493164,0,183.579999999978
183.58,3,2,178.490005493164,0,183.579999999978
183.59,3,2,178.509994506836,0,183.599999999978
183.6,3,2,178.520004272461,0,183.609999999978
183.61,3,2,178.529998779297,0,183.619999999978
183.62,3,2,178.539993286133,0,183.629999999978
183.63,3,2,178.550003051758,0,183.639999999978
183.64,3,2,178.550003051758,0,183.639999999978
183.65,3,2,178.570007324219,0,183.659999999978
183.66,3,2,178.580001831055,0,183.669999999978
183.67,3,2,178.580001831055,0,183.669999999978
183.68,3,2,178.600006103516,0,183.689999999978
183.69,3,2,178.610000610352,0,183.699999999978
183.7,3,2,178.610000610352,0,183.699999999978
183.71,3,2,178.630004882812,0,183.719999999978
183.72,3,2,178.639999389648,0,183.729999999978
183.73,3,2,178.649993896484,0,183.739999999978
183.74,3,2,178.660003662109,0,183.749999999978
183.75,3,2,178.669998168945,0,183.759999999978
183.76,3,2,178.679992675781,0,183.769999999978
183.77,3,2,178.690002441406,0,183.779999999978
183.78,3,2,178.699996948242,0,183.789999999978
183.79,3,2,178.710006713867,0,183.799999999978
183.8,3,2,178.720001220703,0,183.809999999978
183.81,3,2,178.729995727539,0,183.819999999978
183.82,3,2,178.740005493164,0,183.829999999978
183.83,3,2,178.740005493164,0,183.829999999978
183.84,3,2,178.759994506836,0,183.849999999978
183.85,3,2,178.770004272461,0,183.859999999978
183.86,3,2,178.779998779297,0,183.869999999978
183.87,3,2,178.789993286133,0,183.879999999978
183.88,3,2,178.800003051758,0,183.889999999978
183.89,3,2,178.800003051758,0,183.889999999978
183.9,3,2,178.820007324219,0,183.909999999978
183.91,3,2,178.830001831055,0,183.919999999978
183.92,3,2,178.830001831055,0,183.919999999978
183.93,3,2,178.850006103516,0,183.939999999978
183.94,3,2,178.860000610352,0,183.949999999978
183.95,3,2,178.860000610352,0,183.949999999978
183.96,3,2,178.880004882812,0,183.969999999978
183.97,3,2,178.889999389648,0,183.979999999978
183.98,3,2,178.899993896484,0,183.989999999978
183.99,3,2,178.910003662109,0,183.999999999978
184,3,2,178.919998168945,0,184.009999999978
184.01,3,2,178.929992675781,0,184.019999999978
184.02,3,2,178.940002441406,0,184.029999999978
184.03,3,2,178.949996948242,0,184.039999999978
184.04,3,2,178.960006713867,0,184.049999999978
184.05,3,2,178.970001220703,0,184.059999999978
184.06,3,2,178.979995727539,0,184.069999999978
184.07,3,2,178.990005493164,0,184.079999999978
184.08,3,2,178.990005493164,0,184.079999999978
184.09,3,2,179.009994506836,0,184.099999999978
184.1,3,2,179.020004272461,0,184.109999999978
184.11,3,2,179.029998779297,0,184.119999999978
184.12,3,2,179.039993286133,0,184.129999999978
184.13,3,2,179.050003051758,0,184.139999999978
184.14,3,2,179.050003051758,0,184.139999999978
184.15,3,2,179.070007324219,0,184.159999999977
184.16,3,2,179.080001831055,0,184.169999999977
184.17,3,2,179.080001831055,0,184.169999999977
184.18,3,2,179.100006103516,0,184.189999999977
184.19,3,2,179.110000610352,0,184.199999999977
184.2,3,2,179.110000610352,0,184.199999999977
184.21,3,2,179.130004882812,0,184.219999999977
184.22,3,2,179.139999389648,0,184.229999999977
184.23,3,2,179.149993896484,0,184.239999999977
184.24,3,2,179.160003662109,0,184.249999999977
184.25,3,2,179.169998168945,0,184.259999999977
184.26,3,2,179.179992675781,0,184.269999999977
184.27,3,2,179.190002441406,0,184.279999999977
184.28,3,2,179.199996948242,0,184.289999999977
184.29,3,2,179.210006713867,0,184.299999999977
184.3,3,2,179.220001220703,0,184.309999999977
184.31,3,2,179.229995727539,0,184.319999999977
184.32,3,2,179.240005493164,0,184.329999999977
184.33,3,2,179.240005493164,0,184.329999999977
184.34,3,2,179.259994506836,0,184.349999999977
184.35,3,2,179.270004272461,0,184.359999999977
184.36,3,2,179.279998779297,0,184.369999999977
184.37,3,2,179.289993286133,0,184.379999999977
184.38,3,2,179.300003051758,0,184.389999999977
184.39,3,2,179.300003051758,0,184.389999999977
184.4,3,2,179.320007324219,0,184.409999999977
184.41,3,2,179.330001831055,0,184.419999999977
184.42,3,2,179.330001831055,0,184.419999999977
184.43,3,2,179.350006103516,0,184.439999999977
184.44,3,2,179.360000610352,0,184.449999999977
184.45,3,2,179.360000610352,0,184.449999999977
184.46,3,2,179.380004882812,0,184.469999999977
184.47,3,2,179.389999389648,0,184.479999999977
184.48,3,2,179.399993896484,0,184.489999999977
184.49,3,2,179.410003662109,0,184.499999999977
184.5,3,2,179.419998168945,0,184.509999999977
184.51,3,2,179.429992675781,0,184.519999999977
184.52,3,2,179.440002441406,0,184.529999999977
184.53,3,2,179.449996948242,0,184.539999999977
184.54,3,2,179.460006713867,0,184.549999999977
184.55,3,2,179.470001220703,0,184.559999999977
184.56,3,2,179.479995727539,0,184.569999999977
184.57,3,2,179.490005493164,0,184.579999999977
184.58,3,2,179.490005493164,0,184.579999999977
184.59,3,2,179.509994506836,0,184.599999999977
184.6,3,2,179.520004272461,0,184.609999999977
184.61,3,2,179.529998779297,0,184.619999999977
184.62,3,2,179.539993286133,0,184.629999999977
184.63,3,2,179.550003051758,0,184.639999999977
184.64,3,2,179.550003051758,0,184.639999999977
184.65,3,2,179.570007324219,0,184.659999999977
184.66,3,2,179.580001831055,0,184.669999999977
184.67,3,2,179.580001831055,0,184.669999999977
184.68,3,2,179.600006103516,0,184.689999999977
184.69,3,2,179.610000610352,0,184.699999999977
184.7,3,2,179.610000610352,0,184.699999999977
184.71,3,2,179.630004882812,0,184.719999999977
184.72,3,2,179.639999389648,0,184.729999999977
184.73,3,2,179.649993896484,0,184.739999999977
184.74,3,2,179.660003662109,0,184.749999999977
184.75,3,2,179.669998168945,0,184.759999999977
184.76,3,2,179.679992675781,0,184.769999999977
184.77,3,2,179.690002441406,0,184.779999999977
184.78,3,2,179.699996948242,0,184.789999999977
184.79,3,2,179.710006713867,0,184.799999999977
184.8,3,2,179.720001220703,0,184.809999999977
184.81,3,2,179.729995727539,0,184.819999999977
184.82,3,2,179.740005493164,0,184.829999999977
184.83,3,2,179.740005493164,0,184.829999999977
184.84,3,2,179.759994506836,0,184.849999999977
184.85,3,2,179.770004272461,0,184.859999999977
184.86,3,2,179.779998779297,0,184.869999999977
184.87,3,2,179.789993286133,0,184.879999999977
184.88,3,2,179.800003051758,0,184.889999999977
184.89,3,2,179.800003051758,0,184.889999999977
184.9,3,2,179.820007324219,0,184.909999999977
184.91,3,2,179.830001831055,0,184.919999999977
184.92,3,2,179.830001831055,0,184.919999999977
184.93,3,2,179.850006103516,0,184.939999999977
184.94,3,2,179.860000610352,0,184.949999999977
184.95,3,2,179.860000610352,0,184.949999999977
184.96,3,2,179.880004882812,0,184.969999999977
184.97,3,2,179.889999389648,0,184.979999999977
184.98,3,2,179.899993896484,0,184.989999999977
184.99,3,2,179.910003662109,0,184.999999999977
185,3,2,179.919998168945,0,185.009999999977
185.01,3,2,179.929992675781,0,185.019999999977
185.02,3,2,179.940002441406,0,185.029999999977
185.03,3,2,179.949996948242,0,185.039999999977
185.04,3,2,179.960006713867,0,185.049999999977
185.05,3,2,179.970001220703,0,185.059999999977
185.06,3,2,179.979995727539,0,185.069999999977
185.07,3,2,179.990005493164,0,185.079999999977
185.08,3,2,179.990005493164,0,185.079999999977
185.09,3,2,180.009994506836,0,185.099999999977
185.1,3,2,180.020004272461,0,185.109999999977
185.11,3,2,180.029998779297,0,185.119999999977
185.12,3,2,180.039993286133,0,185.129999999977
185.13,3,2,180.050003051758,0,185.139999999977
185.14,3,2,180.050003051758,0,185.139999999977
185.15,3,2,180.070007324219,0,185.159999999977
185.16,3,2,180.080001831055,0,185.169999999977
185.17,3,2,180.080001831055,0,185.169999999977
185.18,3,2,180.100006103516,0,185.189999999977
185.19,3,2,180.110000610352,0,185.199999999977
185.2,3,2,180.110000610352,0,185.199999999977
185.21,3,2,180.130004882812,0,185.219999999977
185.22,3,2,180.139999389648,0,185.229999999977
185.23,3,2,180.149993896484,0,185.239999999977
185.24,3,2,180.160003662109,0,185.249999999976
185.25,3,2,180.169998168945,0,185.259999999976
185.26,3,2,180.179992675781,0,185.269999999976
185.27,3,2,180.190002441406,0,185.279999999976
185.28,3,2,180.199996948242,0,185.289999999976
185.29,3,2,180.210006713867,0,185.299999999976
185.3,3,2,180.220001220703,0,185.309999999976
185.31,3,2,180.229995727539,0,185.319999999976
185.32,3,2,180.240005493164,0,185.329999999976
185.33,3,2,180.240005493164,0,185.329999999976
185.34,3,2,180.259994506836,0,185.349999999976
185.35,3,2,180.270004272461,0,185.359999999976
185.36,3,2,180.279998779297,0,185.369999999976
185.37,3,2,180.289993286133,0,185.379999999976
185.38,3,2,180.300003051758,0,185.389999999976
185.39,3,2,180.300003051758,0,185.389999999976
185.4,3,2,180.320007324219,0,185.409999999976
185.41,3,2,180.330001831055,0,185.419999999976
185.42,3,2,180.330001831055,0,185.419999999976
185.43,3,2,180.350006103516,0,185.439999999976
185.44,3,2,180.360000610352,0,185.449999999976
185.45,3,2,180.360000610352,0,185.449999999976
185.46,3,2,180.380004882812,0,185.469999999976
185.47,3,2,180.389999389648,0,185.479999999976
185.48,3,2,180.399993896484,0,185.489999999976
185.49,3,2,180.410003662109,0,185.499999999976
185.5,3,2,180.419998168945,0,185.509999999976
185.51,3,2,180.429992675781,0,185.519999999976
185.52,3,2,180.440002441406,0,185.529999999976
185.53,3,2,180.449996948242,0,185.539999999976
185.54,3,2,180.460006713867,0,185.549999999976
185.55,3,2,180.470001220703,0,185.559999999976
185.56,3,2,180.479995727539,0,185.569999999976
185.57,3,2,180.490005493164,0,185.579999999976
185.58,3,2,180.490005493164,0,185.579999999976
185.59,3,2,180.509994506836,0,185.599999999976
185.6,3,2,180.520004272461,0,185.609999999976
185.61,3,2,180.529998779297,0,185.619999999976
185.62,3,2,180.539993286133,0,185.629999999976
185.63,3,2,180.550003051758,0,185.639999999976
185.64,3,2,180.550003051758,0,185.639999999976
185.65,3,2,180.570007324219,0,185.659999999976
185.66,3,2,180.580001831055,0,185.669999999976
185.67,3,2,180.580001831055,0,185.669999999976
185.68,3,2,180.600006103516,0,185.689999999976
185.69,3,2,180.610000610352,0,185.699999999976
185.7,3,2,180.610000610352,0,185.699999999976
185.71,3,2,180.630004882812,0,185.719999999976
185.72,3,2,180.639999389648,0,185.729999999976
185.73,3,2,180.649993896484,0,185.739999999976
185.74,3,2,180.660003662109,0,185.749999999976
185.75,3,2,180.669998168945,0,185.759999999976
185.76,3,2,180.679992675781,0,185.769999999976
185.77,3,2,180.690002441406,0,185.779999999976
185.78,3,2,180.699996948242,0,185.789999999976
185.79,3,2,180.710006713867,0,185.799999999976
185.8,3,2,180.720001220703,0,185.809999999976
185.81,3,2,180.729995727539,0,185.819999999976
185.82,3,2,180.740005493164,0,185.829999999976
185.83,3,2,180.740005493164,0,185.829999999976
185.84,3,2,180.759994506836,0,185.849999999976
185.85,3,2,180.770004272461,0,185.859999999976
185.86,3,2,180.779998779297,0,185.869999999976
185.87,3,2,180.789993286133,0,185.879999999976
185.88,3,2,180.800003051758,0,185.889999999976
185.89,3,2,180.800003051758,0,185.889999999976
185.9,3,2,180.820007324219,0,185.909999999976
185.91,3,2,180.830001831055,0,185.919999999976
185.92,3,2,180.830001831055,0,185.919999999976
185.93,3,2,180.850006103516,0,185.939999999976
185.94,3,2,180.860000610352,0,185.949999999976
185.95,3,2,180.860000610352,0,185.949999999976
185.96,3,2,180.880004882812,0,185.969999999976
185.97,3,2,180.889999389648,0,185.979999999976
185.98,3,2,180.899993896484,0,185.989999999976
185.99,3,2,180.910003662109,0,185.999999999976
186,3,2,180.919998168945,0,186.009999999976
186.01,3,2,180.929992675781,0,186.019999999976
186.02,3,2,180.940002441406,0,186.029999999976
186.03,3,2,180.949996948242,0,186.039999999976
186.04,3,2,180.960006713867,0,186.049999999976
186.05,3,2,180.970001220703,0,186.059999999976
186.06,3,2,180.979995727539,0,186.069999999976
186.07,3,2,180.990005493164,0,186.079999999976
186.08,3,2,180.990005493164,0,186.079999999976
186.09,3,2,181.009994506836,0,186.099999999976
186.1,3,2,181.020004272461,0,186.109999999976
186.11,3,2,181.029998779297,0,186.119999999976
186.12,3,2,181.039993286133,0,186.129999999976
186.13,3,2,181.050003051758,0,186.139999999976
186.14,3,2,181.050003051758,0,186.139999999976
186.15,3,2,181.070007324219,0,186.159999999976
186.16,3,2,181.080001831055,0,186.169999999976
186.17,3,2,181.080001831055,0,186.169999999976
186.18,3,2,181.100006103516,0,186.189999999976
186.19,3,2,181.110000610352,0,186.199999999976
186.2,3,2,181.110000610352,0,186.199999999976
186.21,3,2,181.130004882812,0,186.219999999976
186.22,3,2,181.139999389648,0,186.229999999976
186.23,3,2,181.149993896484,0,186.239999999976
186.24,3,2,181.160003662109,0,186.249999999976
186.25,3,2,181.169998168945,0,186.259999999976
186.26,3,2,181.179992675781,0,186.269999999976
186.27,3,2,181.190002441406,0,186.279999999976
186.28,3,2,181.199996948242,0,186.289999999976
186.29,3,2,181.210006713867,0,186.299999999976
186.3,3,2,181.220001220703,0,186.309999999976
186.31,3,2,181.229995727539,0,186.319999999976
186.32,3,2,181.240005493164,0,186.329999999976
186.33,3,2,181.240005493164,0,186.329999999976
186.34,3,2,181.259994506836,0,186.349999999975
186.35,3,2,181.270004272461,0,186.359999999975
186.36,3,2,181.279998779297,0,186.369999999975
186.37,3,2,181.289993286133,0,186.379999999975
186.38,3,2,181.300003051758,0,186.389999999975
186.39,3,2,181.300003051758,0,186.389999999975
186.4,3,2,181.320007324219,0,186.409999999975
186.41,3,2,181.330001831055,0,186.419999999975
186.42,3,2,181.330001831055,0,186.419999999975
186.43,3,2,181.350006103516,0,186.439999999975
186.44,3,2,181.360000610352,0,186.449999999975
186.45,3,2,181.360000610352,0,186.449999999975
186.46,3,2,181.380004882812,0,186.469999999975
186.47,3,2,181.389999389648,0,186.479999999975
186.48,3,2,181.399993896484,0,186.489999999975
186.49,3,2,181.410003662109,0,186.499999999975
186.5,3,2,181.419998168945,0,186.509999999975
186.51,3,2,181.429992675781,0,186.519999999975
186.52,3,2,181.440002441406,0,186.529999999975
186.53,3,2,181.449996948242,0,186.539999999975
186.54,3,2,181.460006713867,0,186.549999999975
186.55,3,2,181.470001220703,0,186.559999999975
186.56,3,2,181.479995727539,0,186.569999999975
186.57,3,2,181.490005493164,0,186.579999999975
186.58,3,2,181.490005493164,0,186.579999999975
186.59,3,2,181.509994506836,0,186.599999999975
186.6,3,2,181.520004272461,0,186.609999999975
186.61,3,2,181.529998779297,0,186.619999999975
186.62,3,2,181.539993286133,0,186.629999999975
186.63,3,2,181.550003051758,0,186.639999999975
186.64,3,2,181.550003051758,0,186.639999999975
186.65,3,2,181.570007324219,0,186.659999999975
186.66,3,2,181.580001831055,0,186.669999999975
186.67,3,2,181.580001831055,0,186.669999999975
186.68,3,2,181.600006103516,0,186.689999999975
186.69,3,2,181.610000610352,0,186.699999999975
186.7,3,2,181.610000610352,0,186.699999999975
186.71,3,2,181.630004882812,0,186.719999999975
186.72,3,2,181.639999389648,0,186.729999999975
186.73,3,2,181.649993896484,0,186.739999999975
186.74,3,2,181.660003662109,0,186.749999999975
186.75,3,2,181.669998168945,0,186.759999999975
186.76,3,2,181.679992675781,0,186.769999999975
186.77,3,2,181.690002441406,0,186.779999999975
186.78,3,2,181.699996948242,0,186.789999999975
186.79,3,2,181.710006713867,0,186.799999999975
186.8,3,2,181.720001220703,0,186.809999999975
186.81,3,2,181.729995727539,0,186.819999999975
186.82,3,2,181.740005493164,0,186.829999999975
186.83,3,2,181.740005493164,0,186.829999999975
186.84,3,2,181.759994506836,0,186.849999999975
186.85,3,2,181.770004272461,0,186.859999999975
186.86,3,2,181.779998779297,0,186.869999999975
186.87,3,2,181.789993286133,0,186.879999999975
186.88,3,2,181.800003051758,0,186.889999999975
186.89,3,2,181.800003051758,0,186.889999999975
186.9,3,2,181.820007324219,0,186.909999999975
186.91,3,2,181.830001831055,0,186.919999999975
186.92,3,2,181.830001831055,0,186.919999999975
186.93,3,2,181.850006103516,0,186.939999999975
186.94,3,2,181.860000610352,0,186.949999999975
186.95,3,2,181.860000610352,0,186.949999999975
186.96,3,2,181.880004882812,0,186.969999999975
186.97,3,2,181.889999389648,0,186.979999999975
186.98,3,2,181.899993896484,0,186.989999999975
186.99,3,2,181.910003662109,0,186.999999999975
187,3,2,181.919998168945,0,187.009999999975
187.01,3,2,181.929992675781,0,187.019999999975
187.02,3,2,181.940002441406,0,187.029999999975
187.03,3,2,181.949996948242,0,187.039999999975
187.04,3,2,181.960006713867,0,187.049999999975
187.05,3,2,181.970001220703,0,187.059999999975
187.06,3,2,181.979995727539,0,187.069999999975
187.07,3,2,181.990005493164,0,187.079999999975
187.08,3,2,181.990005493164,0,187.079999999975
187.09,3,2,182.009994506836,0,187.099999999975
187.1,3,2,182.020004272461,0,187.109999999975
187.11,3,2,182.029998779297,0,187.119999999975
187.12,3,2,182.039993286133,0,187.129999999975
187.13,3,2,182.050003051758,0,187.139999999975
187.14,3,2,182.050003051758,0,187.139999999975
187.15,3,2,182.070007324219,0,187.159999999975
187.16,3,2,182.080001831055,0,187.169999999975
187.17,3,2,182.080001831055,0,187.169999999975
187.18,3,2,182.100006103516,0,187.189999999975
187.19,3,2,182.110000610352,0,187.199999999975
187.2,3,2,182.110000610352,0,187.199999999975
187.21,3,2,182.130004882812,0,187.219999999975
187.22,3,2,182.139999389648,0,187.229999999975
187.23,3,2,182.149993896484,0,187.239999999975
187.24,3,2,182.160003662109,0,187.249999999975
187.25,3,2,182.169998168945,0,187.259999999975
187.26,3,2,182.179992675781,0,187.269999999975
187.27,3,2,182.190002441406,0,187.279999999975
187.28,3,2,182.199996948242,0,187.289999999975
187.29,3,2,182.210006713867,0,187.299999999975
187.3,3,2,182.220001220703,0,187.309999999975
187.31,3,2,182.229995727539,0,187.319999999975
187.32,3,2,182.240005493164,0,187.329999999975
187.33,3,2,182.240005493164,0,187.329999999975
187.34,3,2,182.259994506836,0,187.349999999975
187.35,3,2,182.270004272461,0,187.359999999975
187.36,3,2,182.279998779297,0,187.369999999975
187.37,3,2,182.289993286133,0,187.379999999975
187.38,3,2,182.300003051758,0,187.389999999975
187.39,3,2,182.300003051758,0,187.389999999975
187.4,3,2,182.320007324219,0,187.409999999975
187.41,3,2,182.330001831055,0,187.419999999975
187.42,3,2,182.330001831055,0,187.419999999975
187.43,3,2,182.350006103516,0,187.439999999975
187.44,3,2,182.360000610352,0,187.449999999974
187.45,3,2,182.360000610352,0,187.449999999974
187.46,3,2,182.380004882812,0,187.469999999974
187.47,3,2,182.389999389648,0,187.479999999974
187.48,3,2,182.399993896484,0,187.489999999974
187.49,3,2,182.410003662109,0,187.499999999974
187.5,3,2,182.419998168945,0,187.509999999974
187.51,3,2,182.429992675781,0,187.519999999974
187.52,3,2,182.440002441406,0,187.529999999974
187.53,3,2,182.449996948242,0,187.539999999974
187.54,3,2,182.460006713867,0,187.549999999974
187.55,3,2,182.470001220703,0,187.559999999974
187.56,3,2,182.479995727539,0,187.569999999974
187.57,3,2,182.490005493164,0,187.579999999974
187.58,3,2,182.490005493164,0,187.579999999974
187.59,3,2,182.509994506836,0,187.599999999974
187.6,3,2,182.520004272461,0,187.609999999974
187.61,3,2,182.529998779297,0,187.619999999974
187.62,3,2,182.539993286133,0,187.629999999974
187.63,3,2,182.550003051758,0,187.639999999974
187.64,3,2,182.550003051758,0,187.639999999974
187.65,3,2,182.570007324219,0,187.659999999974
187.66,3,2,182.580001831055,0,187.669999999974
187.67,3,2,182.580001831055,0,187.669999999974
187.68,3,2,182.600006103516,0,187.689999999974
187.69,3,2,182.610000610352,0,187.699999999974
187.7,3,2,182.610000610352,0,187.699999999974
187.71,3,2,182.630004882812,0,187.719999999974
187.72,3,2,182.639999389648,0,187.729999999974
187.73,3,2,182.649993896484,0,187.739999999974
187.74,3,2,182.660003662109,0,187.749999999974
187.75,3,2,182.669998168945,0,187.759999999974
187.76,3,2,182.679992675781,0,187.769999999974
187.77,3,2,182.690002441406,0,187.779999999974
187.78,3,2,182.699996948242,0,187.789999999974
187.79,3,2,182.710006713867,0,187.799999999974
187.8,3,2,182.720001220703,0,187.809999999974
187.81,3,2,182.729995727539,0,187.819999999974
187.82,3,2,182.740005493164,0,187.829999999974
187.83,3,2,182.740005493164,0,187.829999999974
187.84,3,2,182.759994506836,0,187.849999999974
187.85,3,2,182.770004272461,0,187.859999999974
187.86,3,2,182.779998779297,0,187.869999999974
187.87,3,2,182.789993286133,0,187.879999999974
187.88,3,2,182.800003051758,0,187.889999999974
187.89,3,2,182.800003051758,0,187.889999999974
187.9,3,2,182.820007324219,0,187.909999999974
187.91,3,2,182.830001831055,0,187.919999999974
187.92,3,2,182.830001831055,0,187.919999999974
187.93,3,2,182.850006103516,0,187.939999999974
187.94,3,2,182.860000610352,0,187.949999999974
187.95,3,2,182.860000610352,0,187.949999999974
187.96,3,2,182.880004882812,0,187.969999999974
187.97,3,2,182.889999389648,0,187.979999999974
187.98,3,2,182.899993896484,0,187.989999999974
187.99,3,2,182.910003662109,0,187.999999999974
188,3,2,182.919998168945,0,188.009999999974
188.01,3,2,182.929992675781,0,188.019999999974
188.02,3,2,182.940002441406,0,188.029999999974
188.03,3,2,182.949996948242,0,188.039999999974
188.04,3,2,182.960006713867,0,188.049999999974
188.05,3,2,182.970001220703,0,188.059999999974
188.06,3,2,182.979995727539,0,188.069999999974
188.07,3,2,182.990005493164,0,188.079999999974
188.08,3,2,182.990005493164,0,188.079999999974
188.09,3,2,183.009994506836,0,188.099999999974
188.1,3,2,183.020004272461,0,188.109999999974
188.11,3,2,183.029998779297,0,188.119999999974
188.12,3,2,183.039993286133,0,188.129999999974
188.13,3,2,183.050003051758,0,188.139999999974
188.14,3,2,183.050003051758,0,188.139999999974
188.15,3,2,183.070007324219,0,188.159999999974
188.16,3,2,183.080001831055,0,188.169999999974
188.17,3,2,183.080001831055,0,188.169999999974
188.18,3,2,183.100006103516,0,188.189999999974
188.19,3,2,183.110000610352,0,188.199999999974
188.2,3,2,183.110000610352,0,188.199999999974
188.21,3,2,183.130004882812,0,188.219999999974
188.22,3,2,183.139999389648,0,188.229999999974
188.23,3,2,183.149993896484,0,188.239999999974
188.24,3,2,183.160003662109,0,188.249999999974
188.25,3,2,183.169998168945,0,188.259999999974
188.26,3,2,183.179992675781,0,188.269999999974
188.27,3,2,183.190002441406,0,188.279999999974
188.28,3,2,183.199996948242,0,188.289999999974
188.29,3,2,183.210006713867,0,188.299999999974
188.3,3,2,183.220001220703,0,188.309999999974
188.31,3,2,183.229995727539,0,188.319999999974
188.32,3,2,183.240005493164,0,188.329999999974
188.33,3,2,183.240005493164,0,188.329999999974
188.34,3,2,183.259994506836,0,188.349999999974
188.35,3,2,183.270004272461,0,188.359999999974
188.36,3,2,183.279998779297,0,188.369999999974
188.37,3,2,183.289993286133,0,188.379999999974
188.38,3,2,183.300003051758,0,188.389999999974
188.39,3,2,183.300003051758,0,188.389999999974
188.4,3,2,183.320007324219,0,188.409999999974
188.41,3,2,183.330001831055,0,188.419999999974
188.42,3,2,183.330001831055,0,188.419999999974
188.43,3,2,183.350006103516,0,188.439999999974
188.44,3,2,183.360000610352,0,188.449999999974
188.45,3,2,183.360000610352,0,188.449999999974
188.46,3,2,183.380004882812,0,188.469999999974
188.47,3,2,183.389999389648,0,188.479999999974
188.48,3,2,183.399993896484,0,188.489999999974
188.49,3,2,183.410003662109,0,188.499999999974
188.5,3,2,183.419998168945,0,188.509999999974
188.51,3,2,183.429992675781,0,188.519999999974
188.52,3,2,183.440002441406,0,188.529999999974
188.53,3,2,183.449996948242,0,188.539999999974
188.54,3,2,183.460006713867,0,188.549999999973
188.55,3,2,183.470001220703,0,188.559999999973
188.56,3,2,183.479995727539,0,188.569999999973
188.57,3,2,183.490005493164,0,188.579999999973
188.58,3,2,183.490005493164,0,188.579999999973
188.59,3,2,183.509994506836,0,188.599999999973
188.6,3,2,183.520004272461,0,188.609999999973
188.61,3,2,183.529998779297,0,188.619999999973
188.62,3,2,183.539993286133,0,188.629999999973
188.63,3,2,183.550003051758,0,188.639999999973
188.64,3,2,183.550003051758,0,188.639999999973
188.65,3,2,183.570007324219,0,188.659999999973
188.66,3,2,183.580001831055,0,188.669999999973
188.67,3,2,183.580001831055,0,188.669999999973
188.68,3,2,183.600006103516,0,188.689999999973
188.69,3,2,183.610000610352,0,188.699999999973
188.7,3,2,183.610000610352,0,188.699999999973
188.71,3,2,183.630004882812,0,188.719999999973
188.72,3,2,183.639999389648,0,188.729999999973
188.73,3,2,183.649993896484,0,188.739999999973
188.74,3,2,183.660003662109,0,188.749999999973
188.75,3,2,183.669998168945,0,188.759999999973
188.76,3,2,183.679992675781,0,188.769999999973
188.77,3,2,183.690002441406,0,188.779999999973
188.78,3,2,183.699996948242,0,188.789999999973
188.79,3,2,183.710006713867,0,188.799999999973
188.8,3,2,183.720001220703,0,188.809999999973
188.81,3,2,183.729995727539,0,188.819999999973
188.82,3,2,183.740005493164,0,188.829999999973
188.83,3,2,183.740005493164,0,188.829999999973
188.84,3,2,183.759994506836,0,188.849999999973
188.85,3,2,183.770004272461,0,188.859999999973
188.86,3,2,183.779998779297,0,188.869999999973
188.87,3,2,183.789993286133,0,188.879999999973
188.88,3,2,183.800003051758,0,188.889999999973
188.89,3,2,183.800003051758,0,188.889999999973
188.9,3,2,183.820007324219,0,188.909999999973
188.91,3,2,183.830001831055,0,188.919999999973
188.92,3,2,183.830001831055,0,188.919999999973
188.93,3,2,183.850006103516,0,188.939999999973
188.94,3,2,183.860000610352,0,188.949999999973
188.95,3,2,183.860000610352,0,188.949999999973
188.96,3,2,183.880004882812,0,188.969999999973
188.97,3,2,183.889999389648,0,188.979999999973
188.98,3,2,183.899993896484,0,188.989999999973
188.99,3,2,183.910003662109,0,188.999999999973
189,3,2,183.919998168945,0,189.009999999973
189.01,3,2,183.929992675781,0,189.019999999973
189.02,3,2,183.940002441406,0,189.029999999973
189.03,3,2,183.949996948242,0,189.039999999973
189.04,3,2,183.960006713867,0,189.049999999973
189.05,3,2,183.970001220703,0,189.059999999973
189.06,3,2,183.979995727539,0,189.069999999973
189.07,3,2,183.990005493164,0,189.079999999973
189.08,3,2,183.990005493164,0,189.079999999973
189.09,3,2,184.009994506836,0,189.099999999973
189.1,3,2,184.020004272461,0,189.109999999973
189.11,3,2,184.029998779297,0,189.119999999973
189.12,3,2,184.039993286133,0,189.129999999973
189.13,3,2,184.050003051758,0,189.139999999973
189.14,3,2,184.050003051758,0,189.139999999973
189.15,3,2,184.070007324219,0,189.159999999973
189.16,3,2,184.080001831055,0,189.169999999973
189.17,3,2,184.080001831055,0,189.169999999973
189.18,3,2,184.100006103516,0,189.189999999973
189.19,3,2,184.110000610352,0,189.199999999973
189.2,3,2,184.110000610352,0,189.199999999973
189.21,3,2,184.130004882812,0,189.219999999973
189.22,3,2,184.139999389648,0,189.229999999973
189.23,3,2,184.149993896484,0,189.239999999973
189.24,3,2,184.160003662109,0,189.249999999973
189.25,3,2,184.169998168945,0,189.259999999973
189.26,3,2,184.179992675781,0,189.269999999973
189.27,3,2,184.190002441406,0,189.279999999973
189.28,3,2,184.199996948242,0,189.289999999973
189.29,3,2,184.210006713867,0,189.299999999973
189.3,3,2,184.220001220703,0,189.309999999973
189.31,3,2,184.229995727539,0,189.319999999973
189.32,3,2,184.240005493164,0,189.329999999973
189.33,3,2,184.240005493164,0,189.329999999973
189.34,3,2,184.259994506836,0,189.349999999973
189.35,3,2,184.270004272461,0,189.359999999973
189.36,3,2,184.279998779297,0,189.369999999973
189.37,3,2,184.289993286133,0,189.379999999973
189.38,3,2,184.300003051758,0,189.389999999973
189.39,3,2,184.300003051758,0,189.389999999973
189.4,3,2,184.320007324219,0,189.409999999973
189.41,3,2,184.330001831055,0,189.419999999973
189.42,3,2,184.330001831055,0,189.419999999973
189.43,3,2,184.350006103516,0,189.439999999973
189.44,3,2,184.360000610352,0,189.449999999973
189.45,3,2,184.360000610352,0,189.449999999973
189.46,3,2,184.380004882812,0,189.469999999973
189.47,3,2,184.389999389648,0,189.479999999973
189.48,3,2,184.399993896484,0,189.489999999973
189.49,3,2,184.410003662109,0,189.499999999973
189.5,3,2,184.419998168945,0,189.509999999973
189.51,3,2,184.429992675781,0,189.519999999973
189.52,3,2,184.440002441406,0,189.529999999973
189.53,3,2,184.449996948242,0,189.539999999973
189.54,3,2,184.460006713867,0,189.549999999973
189.55,3,2,184.470001220703,0,189.559999999973
189.56,3,2,184.479995727539,0,189.569999999973
189.57,3,2,184.490005493164,0,189.579999999973
189.58,3,2,184.490005493164,0,189.579999999973
189.59,3,2,184.509994506836,0,189.599999999973
189.6,3,2,184.520004272461,0,189.609999999973
189.61,3,2,184.529998779297,0,189.619999999973
189.62,3,2,184.539993286133,0,189.629999999973
189.63,3,2,184.550003051758,0,189.639999999973
189.64,3,2,184.550003051758,0,189.639999999973
189.65,3,2,184.570007324219,0,189.659999999972
189.66,3,2,184.580001831055,0,189.669999999972
189.67,3,2,184.580001831055,0,189.669999999972
189.68,3,2,184.600006103516,0,189.689999999972
189.69,3,2,184.610000610352,0,189.699999999972
189.7,3,2,184.610000610352,0,189.699999999972
189.71,3,2,184.630004882812,0,189.719999999972
189.72,3,2,184.639999389648,0,189.729999999972
189.73,3,2,184.649993896484,0,189.739999999972
189.74,3,2,184.660003662109,0,189.749999999972
189.75,3,2,184.669998168945,0,189.759999999972
189.76,3,2,184.679992675781,0,189.769999999972
189.77,3,2,184.690002441406,0,189.779999999972
189.78,3,2,184.699996948242,0,189.789999999972
189.79,3,2,184.710006713867,0,189.799999999972
189.8,3,2,184.720001220703,0,189.809999999972
189.81,3,2,184.729995727539,0,189.819999999972
189.82,3,2,184.740005493164,0,189.829999999972
189.83,3,2,184.740005493164,0,189.829999999972
189.84,3,2,184.759994506836,0,189.849999999972
189.85,3,2,184.770004272461,0,189.859999999972
189.86,3,2,184.779998779297,0,189.869999999972
189.87,3,2,184.789993286133,0,189.879999999972
189.88,3,2,184.800003051758,0,189.889999999972
189.89,3,2,184.800003051758,0,189.889999999972
189.9,3,2,184.820007324219,0,189.909999999972
189.91,3,2,184.830001831055,0,189.919999999972
189.92,3,2,184.830001831055,0,189.919999999972
189.93,3,2,184.850006103516,0,189.939999999972
189.94,3,2,184.860000610352,0,189.949999999972
189.95,3,2,184.860000610352,0,189.949999999972
189.96,3,2,184.880004882812,0,189.969999999972
189.97,3,2,184.889999389648,0,189.979999999972
189.98,3,2,184.899993896484,0,189.989999999972
189.99,3,2,184.910003662109,0,189.999999999972
190,3,2,184.919998168945,0,190.009999999972
190.01,3,2,184.929992675781,0,190.019999999972
190.02,3,2,184.940002441406,0,190.029999999972
190.03,3,2,184.949996948242,0,190.039999999972
190.04,3,2,184.960006713867,0,190.049999999972
190.05,3,2,184.970001220703,0,190.059999999972
190.06,3,2,184.979995727539,0,190.069999999972
190.07,3,2,184.990005493164,0,190.079999999972
190.08,3,2,184.990005493164,0,190.079999999972
190.09,3,2,185.009994506836,0,190.099999999972
190.1,3,2,185.020004272461,0,190.109999999972
190.11,3,2,185.029998779297,0,190.119999999972
190.12,3,2,185.039993286133,0,190.129999999972
190.13,3,2,185.050003051758,0,190.139999999972
190.14,3,2,185.050003051758,0,190.139999999972
190.15,3,2,185.070007324219,0,190.159999999972
190.16,3,2,185.080001831055,0,190.169999999972
190.17,3,2,185.080001831055,0,190.169999999972
190.18,3,2,185.100006103516,0,190.189999999972
190.19,3,2,185.110000610352,0,190.199999999972
190.2,3,2,185.110000610352,0,190.199999999972
190.21,3,2,185.130004882812,0,190.219999999972
190.22,3,2,185.139999389648,0,190.229999999972
190.23,3,2,185.149993896484,0,190.239999999972
190.24,3,2,185.160003662109,0,190.249999999972
190.25,3,2,185.169998168945,0,190.259999999972
190.26,3,2,185.179992675781,0,190.269999999972
190.27,3,2,185.190002441406,0,190.279999999972
190.28,3,2,185.199996948242,0,190.289999999972
190.29,3,2,185.210006713867,0,190.299999999972
190.3,3,2,185.220001220703,0,190.309999999972
190.31,3,2,185.229995727539,0,190.319999999972
190.32,3,2,185.240005493164,0,190.329999999972
190.33,3,2,185.240005493164,0,190.329999999972
190.34,3,2,185.259994506836,0,190.349999999972
190.35,3,2,185.270004272461,0,190.359999999972
190.36,3,2,185.279998779297,0,190.369999999972
190.37,3,2,185.289993286133,0,190.379999999972
190.38,3,2,185.300003051758,0,190.389999999972
190.39,3,2,185.300003051758,0,190.389999999972
190.4,3,2,185.320007324219,0,190.409999999972
190.41,3,2,185.330001831055,0,190.419999999972
190.42,3,2,185.330001831055,0,190.419999999972
190.43,3,2,185.350006103516,0,190.439999999972
190.44,3,2,185.360000610352,0,190.449999999972
190.45,3,2,185.360000610352,0,190.449999999972
190.46,3,2,185.380004882812,0,190.469999999972
190.47,3,2,185.389999389648,0,190.479999999972
190.48,3,2,185.399993896484,0,190.489999999972
190.49,3,2,185.410003662109,0,190.499999999972
190.5,3,2,185.419998168945,0,190.509999999972
190.51,3,2,185.429992675781,0,190.519999999972
190.52,3,2,185.440002441406,0,190.529999999972
190.53,3,2,185.449996948242,0,190.539999999972
190.54,3,2,185.460006713867,0,190.549999999972
190.55,3,2,185.470001220703,0,190.559999999972
190.56,3,2,185.479995727539,0,190.569999999972
190.57,3,2,185.490005493164,0,190.579999999972
190.58,3,2,185.490005493164,0,190.579999999972
190.59,3,2,185.509994506836,0,190.599999999972
190.6,3,2,185.520004272461,0,190.609999999972
190.61,3,2,185.529998779297,0,190.619999999972
190.62,3,2,185.539993286133,0,190.629999999972
190.63,3,2,185.550003051758,0,190.639999999972
190.64,3,2,185.550003051758,0,190.639999999972
190.65,3,2,185.570007324219,0,190.659999999972
190.66,3,2,185.580001831055,0,190.669999999972
190.67,3,2,185.580001831055,0,190.669999999972
190.68,3,2,185.600006103516,0,190.689999999972
190.69,3,2,185.610000610352,0,190.699999999972
190.7,3,2,185.610000610352,0,190.699999999972
190.71,3,2,185.630004882812,0,190.719999999972
190.72,3,2,185.639999389648,0,190.729999999972
190.73,3,2,185.649993896484,0,190.739999999972
190.74,3,2,185.660003662109,0,190.749999999971
190.75,3,2,185.669998168945,0,190.759999999971
190.76,3,2,185.679992675781,0,190.769999999971
190.77,3,2,185.690002441406,0,190.779999999971
190.78,3,2,185.699996948242,0,190.789999999971
190.79,3,2,185.710006713867,0,190.799999999971
190.8,3,2,185.720001220703,0,190.809999999971
190.81,3,2,185.729995727539,0,190.819999999971
190.82,3,2,185.740005493164,0,190.829999999971
190.83,3,2,185.740005493164,0,190.829999999971
190.84,3,2,185.759994506836,0,190.849999999971
190.85,3,2,185.770004272461,0,190.859999999971
190.86,3,2,185.779998779297,0,190.869999999971
190.87,3,2,185.789993286133,0,190.879999999971
190.88,3,2,185.800003051758,0,190.889999999971
190.89,3,2,185.800003051758,0,190.889999999971
190.9,3,2,185.820007324219,0,190.909999999971
190.91,3,2,185.830001831055,0,190.919999999971
190.92,3,2,185.830001831055,0,190.919999999971
190.93,3,2,185.850006103516,0,190.939999999971
190.94,3,2,185.860000610352,0,190.949999999971
190.95,3,2,185.860000610352,0,190.949999999971
190.96,3,2,185.880004882812,0,190.969999999971
190.97,3,2,185.889999389648,0,190.979999999971
190.98,3,2,185.899993896484,0,190.989999999971
190.99,3,2,185.910003662109,0,190.999999999971
191,3,2,185.919998168945,0,191.009999999971
191.01,3,2,185.929992675781,0,191.019999999971
191.02,3,2,185.940002441406,0,191.029999999971
191.03,3,2,185.949996948242,0,191.039999999971
191.04,3,2,185.960006713867,0,191.049999999971
191.05,3,2,185.970001220703,0,191.059999999971
191.06,3,2,185.979995727539,0,191.069999999971
191.07,3,2,185.990005493164,0,191.079999999971
191.08,3,2,185.990005493164,0,191.079999999971
191.09,3,2,186.009994506836,0,191.099999999971
191.1,3,2,186.020004272461,0,191.109999999971
191.11,3,2,186.029998779297,0,191.119999999971
191.12,3,2,186.039993286133,0,191.129999999971
191.13,3,2,186.050003051758,0,191.139999999971
191.14,3,2,186.050003051758,0,191.139999999971
191.15,3,2,186.070007324219,0,191.159999999971
191.16,3,2,186.080001831055,0,191.169999999971
191.17,3,2,186.080001831055,0,191.169999999971
191.18,3,2,186.100006103516,0,191.189999999971
191.19,3,2,186.110000610352,0,191.199999999971
191.2,3,2,186.110000610352,0,191.199999999971
191.21,3,2,186.130004882812,0,191.219999999971
191.22,3,2,186.139999389648,0,191.229999999971
191.23,3,2,186.139999389648,0,191.229999999971
191.24,3,2,186.160003662109,0,191.249999999971
191.25,3,2,186.169998168945,0,191.259999999971
191.26,3,2,186.179992675781,0,191.269999999971
191.27,3,2,186.190002441406,0,191.279999999971
191.28,3,2,186.199996948242,0,191.289999999971
191.29,3,2,186.210006713867,0,191.299999999971
191.3,3,2,186.220001220703,0,191.309999999971
191.31,3,2,186.229995727539,0,191.319999999971
191.32,3,2,186.240005493164,0,191.329999999971
191.33,3,2,186.240005493164,0,191.329999999971
191.34,3,2,186.259994506836,0,191.349999999971
191.35,3,2,186.270004272461,0,191.359999999971
191.36,3,2,186.279998779297,0,191.369999999971
191.37,3,2,186.289993286133,0,191.379999999971
191.38,3,2,186.300003051758,0,191.389999999971
191.39,3,2,186.300003051758,0,191.389999999971
191.4,3,2,186.320007324219,0,191.409999999971
191.41,3,2,186.330001831055,0,191.419999999971
191.42,3,2,186.330001831055,0,191.419999999971
191.43,3,2,186.350006103516,0,191.439999999971
191.44,3,2,186.360000610352,0,191.449999999971
191.45,3,2,186.360000610352,0,191.449999999971
191.46,3,2,186.380004882812,0,191.469999999971
191.47,3,2,186.389999389648,0,191.479999999971
191.48,3,2,186.389999389648,0,191.479999999971
191.49,3,2,186.410003662109,0,191.499999999971
191.5,3,2,186.419998168945,0,191.509999999971
191.51,3,2,186.429992675781,0,191.519999999971
191.52,3,2,186.440002441406,0,191.529999999971
191.53,3,2,186.449996948242,0,191.539999999971
191.54,3,2,186.460006713867,0,191.549999999971
191.55,3,2,186.470001220703,0,191.559999999971
191.56,3,2,186.479995727539,0,191.569999999971
191.57,3,2,186.490005493164,0,191.579999999971
191.58,3,2,186.490005493164,0,191.579999999971
191.59,3,2,186.509994506836,0,191.599999999971
191.6,3,2,186.520004272461,0,191.609999999971
191.61,3,2,186.529998779297,0,191.619999999971
191.62,3,2,186.539993286133,0,191.629999999971
191.63,3,2,186.550003051758,0,191.639999999971
191.64,3,2,186.550003051758,0,191.639999999971
191.65,3,2,186.570007324219,0,191.659999999971
191.66,3,2,186.580001831055,0,191.669999999971
191.67,3,2,186.580001831055,0,191.669999999971
191.68,3,2,186.600006103516,0,191.689999999971
191.69,3,2,186.610000610352,0,191.699999999971
191.7,3,2,186.610000610352,0,191.699999999971
191.71,3,2,186.630004882812,0,191.719999999971
191.72,3,2,186.639999389648,0,191.729999999971
191.73,3,2,186.639999389648,0,191.729999999971
191.74,3,2,186.660003662109,0,191.749999999971
191.75,3,2,186.669998168945,0,191.759999999971
191.76,3,2,186.679992675781,0,191.769999999971
191.77,3,2,186.690002441406,0,191.779999999971
191.78,3,2,186.699996948242,0,191.789999999971
191.79,3,2,186.710006713867,0,191.799999999971
191.8,3,2,186.720001220703,0,191.809999999971
191.81,3,2,186.729995727539,0,191.819999999971
191.82,3,2,186.740005493164,0,191.829999999971
191.83,3,2,186.740005493164,0,191.829999999971
191.84,3,2,186.759994506836,0,191.84999999997
191.85,3,2,186.770004272461,0,191.85999999997
191.86,3,2,186.779998779297,0,191.86999999997
191.87,3,2,186.789993286133,0,191.87999999997
191.88,3,2,186.800003051758,0,191.88999999997
191.89,3,2,186.800003051758,0,191.88999999997
191.9,3,2,186.820007324219,0,191.90999999997
191.91,3,2,186.830001831055,0,191.91999999997
191.92,3,2,186.830001831055,0,191.91999999997
191.93,3,2,186.850006103516,0,191.93999999997
191.94,3,2,186.860000610352,0,191.94999999997
191.95,3,2,186.860000610352,0,191.94999999997
191.96,3,2,186.880004882812,0,191.96999999997
191.97,3,2,186.889999389648,0,191.97999999997
191.98,3,2,186.889999389648,0,191.97999999997
191.99,3,2,186.910003662109,0,191.99999999997
192,3,2,186.919998168945,0,192.00999999997
192.01,3,2,186.929992675781,0,192.01999999997
192.02,3,2,186.940002441406,0,192.02999999997
192.03,3,2,186.949996948242,0,192.03999999997
192.04,3,2,186.960006713867,0,192.04999999997
192.05,3,2,186.970001220703,0,192.05999999997
192.06,3,2,186.979995727539,0,192.06999999997
192.07,3,2,186.990005493164,0,192.07999999997
192.08,3,2,186.990005493164,0,192.07999999997
192.09,3,2,187.009994506836,0,192.09999999997
192.1,3,2,187.020004272461,0,192.10999999997
192.11,3,2,187.029998779297,0,192.11999999997
192.12,3,2,187.039993286133,0,192.12999999997
192.13,3,2,187.050003051758,0,192.13999999997
192.14,3,2,187.050003051758,0,192.13999999997
192.15,3,2,187.070007324219,0,192.15999999997
192.16,3,2,187.080001831055,0,192.16999999997
192.17,3,2,187.080001831055,0,192.16999999997
192.18,3,2,187.100006103516,0,192.18999999997
192.19,3,2,187.110000610352,0,192.19999999997
192.2,3,2,187.110000610352,0,192.19999999997
192.21,3,2,187.130004882812,0,192.21999999997
192.22,3,2,187.139999389648,0,192.22999999997
192.23,3,2,187.139999389648,0,192.22999999997
192.24,3,2,187.160003662109,0,192.24999999997
192.25,3,2,187.169998168945,0,192.25999999997
192.26,3,2,187.179992675781,0,192.26999999997
192.27,3,2,187.190002441406,0,192.27999999997
192.28,3,2,187.199996948242,0,192.28999999997
192.29,3,2,187.210006713867,0,192.29999999997
192.3,3,2,187.220001220703,0,192.30999999997
192.31,3,2,187.229995727539,0,192.31999999997
192.32,3,2,187.240005493164,0,192.32999999997
192.33,3,2,187.240005493164,0,192.32999999997
192.34,3,2,187.259994506836,0,192.34999999997
192.35,3,2,187.270004272461,0,192.35999999997
192.36,3,2,187.279998779297,0,192.36999999997
192.37,3,2,187.289993286133,0,192.37999999997
192.38,3,2,187.300003051758,0,192.38999999997
192.39,3,2,187.300003051758,0,192.38999999997
192.4,3,2,187.320007324219,0,192.40999999997
192.41,3,2,187.330001831055,0,192.41999999997
192.42,3,2,187.330001831055,0,192.41999999997
192.43,3,2,187.350006103516,0,192.43999999997
192.44,3,2,187.360000610352,0,192.44999999997
192.45,3,2,187.360000610352,0,192.44999999997
192.46,3,2,187.380004882812,0,192.46999999997
192.47,3,2,187.389999389648,0,192.47999999997
192.48,3,2,187.389999389648,0,192.47999999997
192.49,3,2,187.410003662109,0,192.49999999997
192.5,3,2,187.419998168945,0,192.50999999997
192.51,3,2,187.429992675781,0,192.51999999997
192.52,3,2,187.440002441406,0,192.52999999997
192.53,3,2,187.449996948242,0,192.53999999997
192.54,3,2,187.460006713867,0,192.54999999997
192.55,3,2,187.470001220703,0,192.55999999997
192.56,3,2,187.479995727539,0,192.56999999997
192.57,3,2,187.490005493164,0,192.57999999997
192.58,3,2,187.490005493164,0,192.57999999997
192.59,3,2,187.509994506836,0,192.59999999997
192.6,3,2,187.520004272461,0,192.60999999997
192.61,3,2,187.529998779297,0,192.61999999997
192.62,3,2,187.539993286133,0,192.62999999997
192.63,3,2,187.550003051758,0,192.63999999997
192.64,3,2,187.550003051758,0,192.63999999997
192.65,3,2,187.570007324219,0,192.65999999997
192.66,3,2,187.580001831055,0,192.66999999997
192.67,3,2,187.580001831055,0,192.66999999997
192.68,3,2,187.600006103516,0,192.68999999997
192.69,3,2,187.610000610352,0,192.69999999997
192.7,3,2,187.610000610352,0,192.69999999997
192.71,3,2,187.630004882812,0,192.71999999997
192.72,3,2,187.639999389648,0,192.72999999997
192.73,3,2,187.639999389648,0,192.72999999997
192.74,3,2,187.660003662109,0,192.74999999997
192.75,3,2,187.669998168945,0,192.75999999997
192.76,3,2,187.679992675781,0,192.76999999997
192.77,3,2,187.690002441406,0,192.77999999997
192.78,3,2,187.699996948242,0,192.78999999997
192.79,3,2,187.710006713867,0,192.79999999997
192.8,3,2,187.720001220703,0,192.80999999997
192.81,3,2,187.729995727539,0,192.81999999997
192.82,3,2,187.740005493164,0,192.82999999997
192.83,3,2,187.740005493164,0,192.82999999997
192.84,3,2,187.759994506836,0,192.84999999997
192.85,3,2,187.770004272461,0,192.85999999997
192.86,3,2,187.779998779297,0,192.86999999997
192.87,3,2,187.789993286133,0,192.87999999997
192.88,3,2,187.800003051758,0,192.88999999997
192.89,3,2,187.800003051758,0,192.88999999997
192.9,3,2,187.820007324219,0,192.90999999997
192.91,3,2,187.830001831055,0,192.91999999997
192.92,3,2,187.830001831055,0,192.91999999997
192.93,3,2,187.850006103516,0,192.93999999997
192.94,3,2,187.860000610352,0,192.949999999969
192.95,3,2,187.860000610352,0,192.949999999969
192.96,3,2,187.880004882812,0,192.969999999969
192.97,3,2,187.889999389648,0,192.979999999969
192.98,3,2,187.889999389648,0,192.979999999969
192.99,3,2,187.910003662109,0,192.999999999969
193,3,2,187.919998168945,0,193.009999999969
193.01,3,2,187.929992675781,0,193.019999999969
193.02,3,2,187.940002441406,0,193.029999999969
193.03,3,2,187.949996948242,0,193.039999999969
193.04,3,2,187.960006713867,0,193.049999999969
193.05,3,2,187.970001220703,0,193.059999999969
193.06,3,2,187.979995727539,0,193.069999999969
193.07,3,2,187.990005493164,0,193.079999999969
193.08,3,2,187.990005493164,0,193.079999999969
193.09,3,2,188.009994506836,0,193.099999999969
193.1,3,2,188.020004272461,0,193.109999999969
193.11,3,2,188.029998779297,0,193.119999999969
193.12,3,2,188.039993286133,0,193.129999999969
193.13,3,2,188.050003051758,0,193.139999999969
193.14,3,2,188.050003051758,0,193.139999999969
193.15,3,2,188.070007324219,0,193.159999999969
193.16,3,2,188.080001831055,0,193.169999999969
193.17,3,2,188.080001831055,0,193.169999999969
193.18,3,2,188.100006103516,0,193.189999999969
193.19,3,2,188.110000610352,0,193.199999999969
193.2,3,2,188.110000610352,0,193.199999999969
193.21,3,2,188.130004882812,0,193.219999999969
193.22,3,2,188.139999389648,0,193.229999999969
193.23,3,2,188.139999389648,0,193.229999999969
193.24,3,2,188.160003662109,0,193.249999999969
193.25,3,2,188.169998168945,0,193.259999999969
193.26,3,2,188.179992675781,0,193.269999999969
193.27,3,2,188.190002441406,0,193.279999999969
193.28,3,2,188.199996948242,0,193.289999999969
193.29,3,2,188.210006713867,0,193.299999999969
193.3,3,2,188.220001220703,0,193.309999999969
193.31,3,2,188.229995727539,0,193.319999999969
193.32,3,2,188.240005493164,0,193.329999999969
193.33,3,2,188.240005493164,0,193.329999999969
193.34,3,2,188.259994506836,0,193.349999999969
193.35,3,2,188.270004272461,0,193.359999999969
193.36,3,2,188.279998779297,0,193.369999999969
193.37,3,2,188.289993286133,0,193.379999999969
193.38,3,2,188.300003051758,0,193.389999999969
193.39,3,2,188.300003051758,0,193.389999999969
193.4,3,2,188.320007324219,0,193.409999999969
193.41,3,2,188.330001831055,0,193.419999999969
193.42,3,2,188.330001831055,0,193.419999999969
193.43,3,2,188.350006103516,0,193.439999999969
193.44,3,2,188.360000610352,0,193.449999999969
193.45,3,2,188.360000610352,0,193.449999999969
193.46,3,2,188.380004882812,0,193.469999999969
193.47,3,2,188.389999389648,0,193.479999999969
193.48,3,2,188.389999389648,0,193.479999999969
193.49,3,2,188.410003662109,0,193.499999999969
193.5,3,2,188.419998168945,0,193.509999999969
193.51,3,2,188.429992675781,0,193.519999999969
193.52,3,2,188.440002441406,0,193.529999999969
193.53,3,2,188.449996948242,0,193.539999999969
193.54,3,2,188.460006713867,0,193.549999999969
193.55,3,2,188.470001220703,0,193.559999999969
193.56,3,2,188.479995727539,0,193.569999999969
193.57,3,2,188.490005493164,0,193.579999999969
193.58,3,2,188.490005493164,0,193.579999999969
193.59,3,2,188.509994506836,0,193.599999999969
193.6,3,2,188.520004272461,0,193.609999999969
193.61,3,2,188.529998779297,0,193.619999999969
193.62,3,2,188.539993286133,0,193.629999999969
193.63,3,2,188.550003051758,0,193.639999999969
193.64,3,2,188.550003051758,0,193.639999999969
193.65,3,2,188.570007324219,0,193.659999999969
193.66,3,2,188.580001831055,0,193.669999999969
193.67,3,2,188.580001831055,0,193.669999999969
193.68,3,2,188.600006103516,0,193.689999999969
193.69,3,2,188.610000610352,0,193.699999999969
193.7,3,2,188.610000610352,0,193.699999999969
193.71,3,2,188.630004882812,0,193.719999999969
193.72,3,2,188.639999389648,0,193.729999999969
193.73,3,2,188.639999389648,0,193.729999999969
193.74,3,2,188.660003662109,0,193.749999999969
193.75,3,2,188.669998168945,0,193.759999999969
193.76,3,2,188.679992675781,0,193.769999999969
193.77,3,2,188.690002441406,0,193.779999999969
193.78,3,2,188.699996948242,0,193.789999999969
193.79,3,2,188.710006713867,0,193.799999999969
193.8,3,2,188.720001220703,0,193.809999999969
193.81,3,2,188.729995727539,0,193.819999999969
193.82,3,2,188.740005493164,0,193.829999999969
193.83,3,2,188.740005493164,0,193.829999999969
193.84,3,2,188.759994506836,0,193.849999999969
193.85,3,2,188.770004272461,0,193.859999999969
193.86,3,2,188.779998779297,0,193.869999999969
193.87,3,2,188.789993286133,0,193.879999999969
193.88,3,2,188.800003051758,0,193.889999999969
193.89,3,2,188.800003051758,0,193.889999999969
193.9,3,2,188.820007324219,0,193.909999999969
193.91,3,2,188.830001831055,0,193.919999999969
193.92,3,2,188.830001831055,0,193.919999999969
193.93,3,2,188.850006103516,0,193.939999999969
193.94,3,2,188.860000610352,0,193.949999999969
193.95,3,2,188.860000610352,0,193.949999999969
193.96,3,2,188.880004882812,0,193.969999999969
193.97,3,2,188.889999389648,0,193.979999999969
193.98,3,2,188.889999389648,0,193.979999999969
193.99,3,2,188.910003662109,0,193.999999999969
194,3,2,188.919998168945,0,194.009999999969
194.01,3,2,188.929992675781,0,194.019999999969
194.02,3,2,188.940002441406,0,194.029999999969
194.03,3,2,188.949996948242,0,194.039999999969
194.04,3,2,188.960006713867,0,194.049999999968
194.05,3,2,188.970001220703,0,194.059999999968
194.06,3,2,188.979995727539,0,194.069999999968
194.07,3,2,188.990005493164,0,194.079999999968
194.08,3,2,189,0,194.089999999968
194.09,3,2,189.009994506836,0,194.099999999968
194.1,3,2,189.020004272461,0,194.109999999968
194.11,3,2,189.029998779297,0,194.119999999968
194.12,3,2,189.039993286133,0,194.129999999968
194.13,3,2,189.050003051758,0,194.139999999968
194.14,3,2,189.050003051758,0,194.139999999968
194.15,3,2,189.070007324219,0,194.159999999968
194.16,3,2,189.080001831055,0,194.169999999968
194.17,3,2,189.080001831055,0,194.169999999968
194.18,3,2,189.100006103516,0,194.189999999968
194.19,3,2,189.110000610352,0,194.199999999968
194.2,3,2,189.110000610352,0,194.199999999968
194.21,3,2,189.130004882812,0,194.219999999968
194.22,3,2,189.139999389648,0,194.229999999968
194.23,3,2,189.139999389648,0,194.229999999968
194.24,3,2,189.160003662109,0,194.249999999968
194.25,3,2,189.169998168945,0,194.259999999968
194.26,3,2,189.179992675781,0,194.269999999968
194.27,3,2,189.190002441406,0,194.279999999968
194.28,3,2,189.199996948242,0,194.289999999968
194.29,3,2,189.210006713867,0,194.299999999968
194.3,3,2,189.220001220703,0,194.309999999968
194.31,3,2,189.229995727539,0,194.319999999968
194.32,3,2,189.240005493164,0,194.329999999968
194.33,3,2,189.25,0,194.339999999968
194.34,3,2,189.259994506836,0,194.349999999968
194.35,3,2,189.270004272461,0,194.359999999968
194.36,3,2,189.279998779297,0,194.369999999968
194.37,3,2,189.289993286133,0,194.379999999968
194.38,3,2,189.300003051758,0,194.389999999968
194.39,3,2,189.300003051758,0,194.389999999968
194.4,3,2,189.320007324219,0,194.409999999968
194.41,3,2,189.330001831055,0,194.419999999968
194.42,3,2,189.330001831055,0,194.419999999968
194.43,3,2,189.350006103516,0,194.439999999968
194.44,3,2,189.360000610352,0,194.449999999968
194.45,3,2,189.360000610352,0,194.449999999968
194.46,3,2,189.380004882812,0,194.469999999968
194.47,3,2,189.389999389648,0,194.479999999968
194.48,3,2,189.389999389648,0,194.479999999968
194.49,3,2,189.410003662109,0,194.499999999968
194.5,3,2,189.419998168945,0,194.509999999968
194.51,3,2,189.429992675781,0,194.519999999968
194.52,3,2,189.440002441406,0,194.529999999968
194.53,3,2,189.449996948242,0,194.539999999968
194.54,3,2,189.460006713867,0,194.549999999968
194.55,3,2,189.470001220703,0,194.559999999968
194.56,3,2,189.479995727539,0,194.569999999968
194.57,3,2,189.490005493164,0,194.579999999968
194.58,3,2,189.5,0,194.589999999968
194.59,3,2,189.509994506836,0,194.599999999968
194.6,3,2,189.520004272461,0,194.609999999968
194.61,3,2,189.529998779297,0,194.619999999968
194.62,3,2,189.539993286133,0,194.629999999968
194.63,3,2,189.550003051758,0,194.639999999968
194.64,3,2,189.550003051758,0,194.639999999968
194.65,3,2,189.570007324219,0,194.659999999968
194.66,3,2,189.580001831055,0,194.669999999968
194.67,3,2,189.580001831055,0,194.669999999968
194.68,3,2,189.600006103516,0,194.689999999968
194.69,3,2,189.610000610352,0,194.699999999968
194.7,3,2,189.610000610352,0,194.699999999968
194.71,3,2,189.630004882812,0,194.719999999968
194.72,3,2,189.639999389648,0,194.729999999968
194.73,3,2,189.639999389648,0,194.729999999968
194.74,3,2,189.660003662109,0,194.749999999968
194.75,3,2,189.669998168945,0,194.759999999968
194.76,3,2,189.679992675781,0,194.769999999968
194.77,3,2,189.690002441406,0,194.779999999968
194.78,3,2,189.699996948242,0,194.789999999968
194.79,3,2,189.710006713867,0,194.799999999968
194.8,3,2,189.720001220703,0,194.809999999968
194.81,3,2,189.729995727539,0,194.819999999968
194.82,3,2,189.740005493164,0,194.829999999968
194.83,3,2,189.75,0,194.839999999968
194.84,3,2,189.759994506836,0,194.849999999968
194.85,3,2,189.770004272461,0,194.859999999968
194.86,3,2,189.779998779297,0,194.869999999968
194.87,3,2,189.789993286133,0,194.879999999968
194.88,3,2,189.800003051758,0,194.889999999968
194.89,3,2,189.800003051758,0,194.889999999968
194.9,3,2,189.820007324219,0,194.909999999968
194.91,3,2,189.830001831055,0,194.919999999968
194.92,3,2,189.830001831055,0,194.919999999968
194.93,3,2,189.850006103516,0,194.939999999968
194.94,3,2,189.860000610352,0,194.949999999968
194.95,3,2,189.860000610352,0,194.949999999968
194.96,3,2,189.880004882812,0,194.969999999968
194.97,3,2,189.889999389648,0,194.979999999968
194.98,3,2,189.889999389648,0,194.979999999968
194.99,3,2,189.910003662109,0,194.999999999968
195,3,2,189.919998168945,0,195.009999999968
195.01,3,2,189.929992675781,0,195.019999999968
195.02,3,2,189.940002441406,0,195.029999999968
195.03,3,2,189.949996948242,0,195.039999999968
195.04,3,2,189.960006713867,0,195.049999999968
195.05,3,2,189.970001220703,0,195.059999999968
195.06,3,2,189.979995727539,0,195.069999999968
195.07,3,2,189.990005493164,0,195.079999999968
195.08,3,2,190,0,195.089999999968
195.09,3,2,190.009994506836,0,195.099999999968
195.1,3,2,190.020004272461,0,195.109999999968
195.11,3,2,190.029998779297,0,195.119999999968
195.12,3,2,190.039993286133,0,195.129999999968
195.13,3,2,190.050003051758,0,195.139999999968
195.14,3,2,190.050003051758,0,195.139999999968
195.15,3,2,190.070007324219,0,195.159999999967
195.16,3,2,190.080001831055,0,195.169999999967
195.17,3,2,190.080001831055,0,195.169999999967
195.18,3,2,190.100006103516,0,195.189999999967
195.19,3,2,190.110000610352,0,195.199999999967
195.2,3,2,190.110000610352,0,195.199999999967
195.21,3,2,190.130004882812,0,195.219999999967
195.22,3,2,190.139999389648,0,195.229999999967
195.23,3,2,190.139999389648,0,195.229999999967
195.24,3,2,190.160003662109,0,195.249999999967
195.25,3,2,190.169998168945,0,195.259999999967
195.26,3,2,190.179992675781,0,195.269999999967
195.27,3,2,190.190002441406,0,195.279999999967
195.28,3,2,190.199996948242,0,195.289999999967
195.29,3,2,190.210006713867,0,195.299999999967
195.3,3,2,190.220001220703,0,195.309999999967
195.31,3,2,190.229995727539,0,195.319999999967
195.32,3,2,190.240005493164,0,195.329999999967
195.33,3,2,190.25,0,195.339999999967
195.34,3,2,190.259994506836,0,195.349999999967
195.35,3,2,190.270004272461,0,195.359999999967
195.36,3,2,190.279998779297,0,195.369999999967
195.37,3,2,190.289993286133,0,195.379999999967
195.38,3,2,190.300003051758,0,195.389999999967
195.39,3,2,190.300003051758,0,195.389999999967
195.4,3,2,190.320007324219,0,195.409999999967
195.41,3,2,190.330001831055,0,195.419999999967
195.42,3,2,190.330001831055,0,195.419999999967
195.43,3,2,190.350006103516,0,195.439999999967
195.44,3,2,190.360000610352,0,195.449999999967
195.45,3,2,190.360000610352,0,195.449999999967
195.46,3,2,190.380004882812,0,195.469999999967
195.47,3,2,190.389999389648,0,195.479999999967
195.48,3,2,190.389999389648,0,195.479999999967
195.49,3,2,190.410003662109,0,195.499999999967
195.5,3,2,190.419998168945,0,195.509999999967
195.51,3,2,190.429992675781,0,195.519999999967
195.52,3,2,190.440002441406,0,195.529999999967
195.53,3,2,190.449996948242,0,195.539999999967
195.54,3,2,190.460006713867,0,195.549999999967
195.55,3,2,190.470001220703,0,195.559999999967
195.56,3,2,190.479995727539,0,195.569999999967
195.57,3,2,190.490005493164,0,195.579999999967
195.58,3,2,190.5,0,195.589999999967
195.59,3,2,190.509994506836,0,195.599999999967
195.6,3,2,190.520004272461,0,195.609999999967
195.61,3,2,190.529998779297,0,195.619999999967
195.62,3,2,190.539993286133,0,195.629999999967
195.63,3,2,190.550003051758,0,195.639999999967
195.64,3,2,190.550003051758,0,195.639999999967
195.65,3,2,190.570007324219,0,195.659999999967
195.66,3,2,190.580001831055,0,195.669999999967
195.67,3,2,190.580001831055,0,195.669999999967
195.68,3,2,190.600006103516,0,195.689999999967
195.69,3,2,190.610000610352,0,195.699999999967
195.7,3,2,190.610000610352,0,195.699999999967
195.71,3,2,190.630004882812,0,195.719999999967
195.72,3,2,190.639999389648,0,195.729999999967
195.73,3,2,190.639999389648,0,195.729999999967
195.74,3,2,190.660003662109,0,195.749999999967
195.75,3,2,190.669998168945,0,195.759999999967
195.76,3,2,190.679992675781,0,195.769999999967
195.77,3,2,190.690002441406,0,195.779999999967
195.78,3,2,190.699996948242,0,195.789999999967
195.79,3,2,190.710006713867,0,195.799999999967
195.8,3,2,190.720001220703,0,195.809999999967
195.81,3,2,190.729995727539,0,195.819999999967
195.82,3,2,190.740005493164,0,195.829999999967
195.83,3,2,190.75,0,195.839999999967
195.84,3,2,190.759994506836,0,195.849999999967
195.85,3,2,190.770004272461,0,195.859999999967
195.86,3,2,190.779998779297,0,195.869999999967
195.87,3,2,190.789993286133,0,195.879999999967
195.88,3,2,190.800003051758,0,195.889999999967
195.89,3,2,190.800003051758,0,195.889999999967
195.9,3,2,190.820007324219,0,195.909999999967
195.91,3,2,190.830001831055,0,195.919999999967
195.92,3,2,190.830001831055,0,195.919999999967
195.93,3,2,190.850006103516,0,195.939999999967
195.94,3,2,190.860000610352,0,195.949999999967
195.95,3,2,190.860000610352,0,195.949999999967
195.96,3,2,190.880004882812,0,195.969999999967
195.97,3,2,190.889999389648,0,195.979999999967
195.98,3,2,190.889999389648,0,195.979999999967
195.99,3,2,190.910003662109,0,195.999999999967
196,3,2,190.919998168945,0,196.009999999967
196.01,3,2,190.929992675781,0,196.019999999967
196.02,3,2,190.940002441406,0,196.029999999967
196.03,3,2,190.949996948242,0,196.039999999967
196.04,3,2,190.960006713867,0,196.049999999967
196.05,3,2,190.970001220703,0,196.059999999967
196.06,3,2,190.979995727539,0,196.069999999967
196.07,3,2,190.990005493164,0,196.079999999967
196.08,3,2,191,0,196.089999999967
196.09,3,2,191.009994506836,0,196.099999999967
196.1,3,2,191.020004272461,0,196.109999999967
196.11,3,2,191.029998779297,0,196.119999999967
196.12,3,2,191.039993286133,0,196.129999999967
196.13,3,2,191.050003051758,0,196.139999999967
196.14,3,2,191.050003051758,0,196.139999999967
196.15,3,2,191.070007324219,0,196.159999999967
196.16,3,2,191.080001831055,0,196.169999999967
196.17,3,2,191.080001831055,0,196.169999999967
196.18,3,2,191.100006103516,0,196.189999999967
196.19,3,2,191.110000610352,0,196.199999999967
196.2,3,2,191.110000610352,0,196.199999999967
196.21,3,2,191.130004882812,0,196.219999999967
196.22,3,2,191.139999389648,0,196.229999999967
196.23,3,2,191.139999389648,0,196.229999999967
196.24,3,2,191.160003662109,0,196.249999999966
196.25,3,2,191.169998168945,0,196.259999999966
196.26,3,2,191.179992675781,0,196.269999999966
196.27,3,2,191.190002441406,0,196.279999999966
196.28,3,2,191.199996948242,0,196.289999999966
196.29,3,2,191.210006713867,0,196.299999999966
196.3,3,2,191.220001220703,0,196.309999999966
196.31,3,2,191.229995727539,0,196.319999999966
196.32,3,2,191.240005493164,0,196.329999999966
196.33,3,2,191.25,0,196.339999999966
196.34,3,2,191.259994506836,0,196.349999999966
196.35,3,2,191.270004272461,0,196.359999999966
196.36,3,2,191.279998779297,0,196.369999999966
196.37,3,2,191.289993286133,0,196.379999999966
196.38,3,2,191.300003051758,0,196.389999999966
196.39,3,2,191.300003051758,0,196.389999999966
196.4,3,2,191.320007324219,0,196.409999999966
196.41,3,2,191.330001831055,0,196.419999999966
196.42,3,2,191.330001831055,0,196.419999999966
196.43,3,2,191.350006103516,0,196.439999999966
196.44,3,2,191.360000610352,0,196.449999999966
196.45,3,2,191.360000610352,0,196.449999999966
196.46,3,2,191.380004882812,0,196.469999999966
196.47,3,2,191.389999389648,0,196.479999999966
196.48,3,2,191.389999389648,0,196.479999999966
196.49,3,2,191.410003662109,0,196.499999999966
196.5,3,2,191.419998168945,0,196.509999999966
196.51,3,2,191.429992675781,0,196.519999999966
196.52,3,2,191.440002441406,0,196.529999999966
196.53,3,2,191.449996948242,0,196.539999999966
196.54,3,2,191.460006713867,0,196.549999999966
196.55,3,2,191.470001220703,0,196.559999999966
196.56,3,2,191.479995727539,0,196.569999999966
196.57,3,2,191.490005493164,0,196.579999999966
196.58,3,2,191.5,0,196.589999999966
196.59,3,2,191.509994506836,0,196.599999999966
196.6,3,2,191.520004272461,0,196.609999999966
196.61,3,2,191.529998779297,0,196.619999999966
196.62,3,2,191.539993286133,0,196.629999999966
196.63,3,2,191.550003051758,0,196.639999999966
196.64,3,2,191.550003051758,0,196.639999999966
196.65,3,2,191.570007324219,0,196.659999999966
196.66,3,2,191.580001831055,0,196.669999999966
196.67,3,2,191.580001831055,0,196.669999999966
196.68,3,2,191.600006103516,0,196.689999999966
196.69,3,2,191.610000610352,0,196.699999999966
196.7,3,2,191.610000610352,0,196.699999999966
196.71,3,2,191.630004882812,0,196.719999999966
196.72,3,2,191.639999389648,0,196.729999999966
196.73,3,2,191.639999389648,0,196.729999999966
196.74,3,2,191.660003662109,0,196.749999999966
196.75,3,2,191.669998168945,0,196.759999999966
196.76,3,2,191.679992675781,0,196.769999999966
196.77,3,2,191.690002441406,0,196.779999999966
196.78,3,2,191.699996948242,0,196.789999999966
196.79,3,2,191.710006713867,0,196.799999999966
196.8,3,2,191.720001220703,0,196.809999999966
196.81,3,2,191.729995727539,0,196.819999999966
196.82,3,2,191.740005493164,0,196.829999999966
196.83,3,2,191.75,0,196.839999999966
196.84,3,2,191.759994506836,0,196.849999999966
196.85,3,2,191.770004272461,0,196.859999999966
196.86,3,2,191.779998779297,0,196.869999999966
196.87,3,2,191.789993286133,0,196.879999999966
196.88,3,2,191.800003051758,0,196.889999999966
196.89,3,2,191.800003051758,0,196.889999999966
196.9,3,2,191.820007324219,0,196.909999999966
196.91,3,2,191.830001831055,0,196.919999999966
196.92,3,2,191.830001831055,0,196.919999999966
196.93,3,2,191.850006103516,0,196.939999999966
196.94,3,2,191.860000610352,0,196.949999999966
196.95,3,2,191.860000610352,0,196.949999999966
196.96,3,2,191.880004882812,0,196.969999999966
196.97,3,2,191.889999389648,0,196.979999999966
196.98,3,2,191.889999389648,0,196.979999999966
196.99,3,2,191.910003662109,0,196.999999999966
197,3,2,191.919998168945,0,197.009999999966
197.01,3,2,191.929992675781,0,197.019999999966
197.02,3,2,191.940002441406,0,197.029999999966
197.03,3,2,191.949996948242,0,197.039999999966
197.04,3,2,191.960006713867,0,197.049999999966
197.05,3,2,191.970001220703,0,197.059999999966
197.06,3,2,191.979995727539,0,197.069999999966
197.07,3,2,191.990005493164,0,197.079999999966
197.08,3,2,192,0,197.089999999966
197.09,3,2,192.009994506836,0,197.099999999966
197.1,3,2,192.020004272461,0,197.109999999966
197.11,3,2,192.029998779297,0,197.119999999966
197.12,3,2,192.039993286133,0,197.129999999966
197.13,3,2,192.050003051758,0,197.139999999966
197.14,3,2,192.050003051758,0,197.139999999966
197.15,3,2,192.070007324219,0,197.159999999966
197.16,3,2,192.080001831055,0,197.169999999966
197.17,3,2,192.080001831055,0,197.169999999966
197.18,3,2,192.100006103516,0,197.189999999966
197.19,3,2,192.110000610352,0,197.199999999966
197.2,3,2,192.110000610352,0,197.199999999966
197.21,3,2,192.130004882812,0,197.219999999966
197.22,3,2,192.139999389648,0,197.229999999966
197.23,3,2,192.139999389648,0,197.229999999966
197.24,3,2,192.160003662109,0,197.249999999966
197.25,3,2,192.169998168945,0,197.259999999966
197.26,3,2,192.179992675781,0,197.269999999966
197.27,3,2,192.190002441406,0,197.279999999966
197.28,3,2,192.199996948242,0,197.289999999966
197.29,3,2,192.210006713867,0,197.299999999966
197.3,3,2,192.220001220703,0,197.309999999966
197.31,3,2,192.229995727539,0,197.319999999966
197.32,3,2,192.240005493164,0,197.329999999966
197.33,3,2,192.25,0,197.339999999965
197.34,3,2,192.259994506836,0,197.349999999965
197.35,3,2,192.270004272461,0,197.359999999965
197.36,3,2,192.279998779297,0,197.369999999965
197.37,3,2,192.289993286133,0,197.379999999965
197.38,3,2,192.300003051758,0,197.389999999965
197.39,3,2,192.300003051758,0,197.389999999965
197.4,3,2,192.320007324219,0,197.409999999965
197.41,3,2,192.330001831055,0,197.419999999965
197.42,3,2,192.330001831055,0,197.419999999965
197.43,3,2,192.350006103516,0,197.439999999965
197.44,3,2,192.360000610352,0,197.449999999965
197.45,3,2,192.360000610352,0,197.449999999965
197.46,3,2,192.380004882812,0,197.469999999965
197.47,3,2,192.389999389648,0,197.479999999965
197.48,3,2,192.389999389648,0,197.479999999965
197.49,3,2,192.410003662109,0,197.499999999965
197.5,3,2,192.419998168945,0,197.509999999965
197.51,3,2,192.429992675781,0,197.519999999965
197.52,3,2,192.440002441406,0,197.529999999965
197.53,3,2,192.449996948242,0,197.539999999965
197.54,3,2,192.460006713867,0,197.549999999965
197.55,3,2,192.470001220703,0,197.559999999965
197.56,3,2,192.479995727539,0,197.569999999965
197.57,3,2,192.490005493164,0,197.579999999965
197.58,3,2,192.5,0,197.589999999965
197.59,3,2,192.509994506836,0,197.599999999965
197.6,3,2,192.520004272461,0,197.609999999965
197.61,3,2,192.529998779297,0,197.619999999965
197.62,3,2,192.539993286133,0,197.629999999965
197.63,3,2,192.550003051758,0,197.639999999965
197.64,3,2,192.550003051758,0,197.639999999965
197.65,3,2,192.570007324219,0,197.659999999965
197.66,3,2,192.580001831055,0,197.669999999965
197.67,3,2,192.580001831055,0,197.669999999965
197.68,3,2,192.600006103516,0,197.689999999965
197.69,3,2,192.610000610352,0,197.699999999965
197.7,3,2,192.610000610352,0,197.699999999965
197.71,3,2,192.630004882812,0,197.719999999965
197.72,3,2,192.639999389648,0,197.729999999965
197.73,3,2,192.639999389648,0,197.729999999965
197.74,3,2,192.660003662109,0,197.749999999965
197.75,3,2,192.669998168945,0,197.759999999965
197.76,3,2,192.679992675781,0,197.769999999965
197.77,3,2,192.690002441406,0,197.779999999965
197.78,3,2,192.699996948242,0,197.789999999965
197.79,3,2,192.710006713867,0,197.799999999965
197.8,3,2,192.720001220703,0,197.809999999965
197.81,3,2,192.729995727539,0,197.819999999965
197.82,3,2,192.740005493164,0,197.829999999965
197.83,3,2,192.75,0,197.839999999965
197.84,3,2,192.759994506836,0,197.849999999965
197.85,3,2,192.770004272461,0,197.859999999965
197.86,3,2,192.779998779297,0,197.869999999965
197.87,3,2,192.789993286133,0,197.879999999965
197.88,3,2,192.800003051758,0,197.889999999965
197.89,3,2,192.800003051758,0,197.889999999965
197.9,3,2,192.820007324219,0,197.909999999965
197.91,3,2,192.830001831055,0,197.919999999965
197.92,3,2,192.830001831055,0,197.919999999965
197.93,3,2,192.850006103516,0,197.939999999965
197.94,3,2,192.860000610352,0,197.949999999965
197.95,3,2,192.860000610352,0,197.949999999965
197.96,3,2,192.880004882812,0,197.969999999965
197.97,3,2,192.889999389648,0,197.979999999965
197.98,3,2,192.889999389648,0,197.979999999965
197.99,3,2,192.910003662109,0,197.999999999965
198,3,2,192.919998168945,0,198.009999999965
198.01,3,2,192.929992675781,0,198.019999999965
198.02,3,2,192.940002441406,0,198.029999999965
198.03,3,2,192.949996948242,0,198.039999999965
198.04,3,2,192.960006713867,0,198.049999999965
198.05,3,2,192.970001220703,0,198.059999999965
198.06,3,2,192.979995727539,0,198.069999999965
198.07,3,2,192.990005493164,0,198.079999999965
198.08,3,2,193,0,198.089999999965
198.09,3,2,193.009994506836,0,198.099999999965
198.1,3,2,193.020004272461,0,198.109999999965
198.11,3,2,193.029998779297,0,198.119999999965
198.12,3,2,193.039993286133,0,198.129999999965
198.13,3,2,193.050003051758,0,198.139999999965
198.14,3,2,193.050003051758,0,198.139999999965
198.15,3,2,193.070007324219,0,198.159999999965
198.16,3,2,193.080001831055,0,198.169999999965
198.17,3,2,193.080001831055,0,198.169999999965
198.18,3,2,193.100006103516,0,198.189999999965
198.19,3,2,193.110000610352,0,198.199999999965
198.2,3,2,193.110000610352,0,198.199999999965
198.21,3,2,193.130004882812,0,198.219999999965
198.22,3,2,193.139999389648,0,198.229999999965
198.23,3,2,193.139999389648,0,198.229999999965
198.24,3,2,193.160003662109,0,198.249999999965
198.25,3,2,193.169998168945,0,198.259999999965
198.26,3,2,193.179992675781,0,198.269999999965
198.27,3,2,193.190002441406,0,198.279999999965
198.28,3,2,193.199996948242,0,198.289999999965
198.29,3,2,193.210006713867,0,198.299999999965
198.3,3,2,193.220001220703,0,198.309999999965
198.31,3,2,193.229995727539,0,198.319999999965
198.32,3,2,193.240005493164,0,198.329999999965
198.33,3,2,193.25,0,198.339999999965
198.34,3,2,193.259994506836,0,198.349999999965
198.35,3,2,193.270004272461,0,198.359999999965
198.36,3,2,193.279998779297,0,198.369999999965
198.37,3,2,193.289993286133,0,198.379999999965
198.38,3,2,193.300003051758,0,198.389999999965
198.39,3,2,193.300003051758,0,198.389999999965
198.4,3,2,193.320007324219,0,198.409999999965
198.41,3,2,193.330001831055,0,198.419999999965
198.42,3,2,193.330001831055,0,198.419999999965
198.43,3,2,193.350006103516,0,198.439999999964
198.44,3,2,193.360000610352,0,198.449999999964
198.45,3,2,193.360000610352,0,198.449999999964
198.46,3,2,193.380004882812,0,198.469999999964
198.47,3,2,193.389999389648,0,198.479999999964
198.48,3,2,193.389999389648,0,198.479999999964
198.49,3,2,193.410003662109,0,198.499999999964
198.5,3,2,193.419998168945,0,198.509999999964
198.51,3,2,193.429992675781,0,198.519999999964
198.52,3,2,193.440002441406,0,198.529999999964
198.53,3,2,193.449996948242,0,198.539999999964
198.54,3,2,193.460006713867,0,198.549999999964
198.55,3,2,193.470001220703,0,198.559999999964
198.56,3,2,193.479995727539,0,198.569999999964
198.57,3,2,193.490005493164,0,198.579999999964
198.58,3,2,193.5,0,198.589999999964
198.59,3,2,193.509994506836,0,198.599999999964
198.6,3,2,193.520004272461,0,198.609999999964
198.61,3,2,193.529998779297,0,198.619999999964
198.62,3,2,193.539993286133,0,198.629999999964
198.63,3,2,193.550003051758,0,198.639999999964
198.64,3,2,193.550003051758,0,198.639999999964
198.65,3,2,193.570007324219,0,198.659999999964
198.66,3,2,193.580001831055,0,198.669999999964
198.67,3,2,193.580001831055,0,198.669999999964
198.68,3,2,193.600006103516,0,198.689999999964
198.69,3,2,193.610000610352,0,198.699999999964
198.7,3,2,193.610000610352,0,198.699999999964
198.71,3,2,193.630004882812,0,198.719999999964
198.72,3,2,193.639999389648,0,198.729999999964
198.73,3,2,193.639999389648,0,198.729999999964
198.74,3,2,193.660003662109,0,198.749999999964
198.75,3,2,193.669998168945,0,198.759999999964
198.76,3,2,193.679992675781,0,198.769999999964
198.77,3,2,193.690002441406,0,198.779999999964
198.78,3,2,193.699996948242,0,198.789999999964
198.79,3,2,193.710006713867,0,198.799999999964
198.8,3,2,193.720001220703,0,198.809999999964
198.81,3,2,193.729995727539,0,198.819999999964
198.82,3,2,193.740005493164,0,198.829999999964
198.83,3,2,193.75,0,198.839999999964
198.84,3,2,193.759994506836,0,198.849999999964
198.85,3,2,193.770004272461,0,198.859999999964
198.86,3,2,193.779998779297,0,198.869999999964
198.87,3,2,193.789993286133,0,198.879999999964
198.88,3,2,193.800003051758,0,198.889999999964
198.89,3,2,193.800003051758,0,198.889999999964
198.9,3,2,193.820007324219,0,198.909999999964
198.91,3,2,193.830001831055,0,198.919999999964
198.92,3,2,193.830001831055,0,198.919999999964
198.93,3,2,193.850006103516,0,198.939999999964
198.94,3,2,193.860000610352,0,198.949999999964
198.95,3,2,193.860000610352,0,198.949999999964
198.96,3,2,193.880004882812,0,198.969999999964
198.97,3,2,193.889999389648,0,198.979999999964
198.98,3,2,193.889999389648,0,198.979999999964
198.99,3,2,193.910003662109,0,198.999999999964
199,3,2,193.919998168945,0,199.009999999964
199.01,3,2,193.929992675781,0,199.019999999964
199.02,3,2,193.940002441406,0,199.029999999964
199.03,3,2,193.949996948242,0,199.039999999964
199.04,3,2,193.960006713867,0,199.049999999964
199.05,3,2,193.970001220703,0,199.059999999964
199.06,3,2,193.979995727539,0,199.069999999964
199.07,3,2,193.990005493164,0,199.079999999964
199.08,3,2,194,0,199.089999999964
199.09,3,2,194.009994506836,0,199.099999999964
199.1,3,2,194.020004272461,0,199.109999999964
199.11,3,2,194.029998779297,0,199.119999999964
199.12,3,2,194.039993286133,0,199.129999999964
199.13,3,2,194.050003051758,0,199.139999999964
199.14,3,2,194.050003051758,0,199.139999999964
199.15,3,2,194.070007324219,0,199.159999999964
199.16,3,2,194.080001831055,0,199.169999999964
199.17,3,2,194.080001831055,0,199.169999999964
199.18,3,2,194.100006103516,0,199.189999999964
199.19,3,2,194.110000610352,0,199.199999999964
199.2,3,2,194.110000610352,0,199.199999999964
199.21,3,2,194.130004882812,0,199.219999999964
199.22,3,2,194.139999389648,0,199.229999999964
199.23,3,2,194.139999389648,0,199.229999999964
199.24,3,2,194.160003662109,0,199.249999999964
199.25,3,2,194.169998168945,0,199.259999999964
199.26,3,2,194.179992675781,0,199.269999999964
199.27,3,2,194.190002441406,0,199.279999999964
199.28,3,2,194.199996948242,0,199.289999999964
199.29,3,2,194.210006713867,0,199.299999999964
199.3,3,2,194.220001220703,0,199.309999999964
199.31,3,2,194.229995727539,0,199.319999999964
199.32,3,2,194.240005493164,0,199.329999999964
199.33,3,2,194.25,0,199.339999999964
199.34,3,2,194.259994506836,0,199.349999999964
199.35,3,2,194.270004272461,0,199.359999999964
199.36,3,2,194.279998779297,0,199.369999999964
199.37,3,2,194.289993286133,0,199.379999999964
199.38,3,2,194.300003051758,0,199.389999999964
199.39,3,2,194.300003051758,0,199.389999999964
199.4,3,2,194.320007324219,0,199.409999999964
199.41,3,2,194.330001831055,0,199.419999999964
199.42,3,2,194.330001831055,0,199.419999999964
199.43,3,2,194.350006103516,0,199.439999999964
199.44,3,2,194.360000610352,0,199.449999999964
199.45,3,2,194.360000610352,0,199.449999999964
199.46,3,2,194.380004882812,0,199.469999999964
199.47,3,2,194.389999389648,0,199.479999999964
199.48,3,2,194.389999389648,0,199.479999999964
199.49,3,2,194.410003662109,0,199.499999999964
199.5,3,2,194.419998168945,0,199.509999999964
199.51,3,2,194.429992675781,0,199.519999999964
199.52,3,2,194.440002441406,0,199.529999999964
199.53,3,2,194.449996948242,0,199.539999999963
199.54,3,2,194.460006713867,0,199.549999999963
199.55,3,2,194.470001220703,0,199.559999999963
199.56,3,2,194.479995727539,0,199.569999999963
199.57,3,2,194.490005493164,0,199.579999999963
199.58,3,2,194.5,0,199.589999999963
199.59,3,2,194.509994506836,0,199.599999999963
199.6,3,2,194.520004272461,0,199.609999999963
199.61,3,2,194.529998779297,0,199.619999999963
199.62,3,2,194.539993286133,0,199.629999999963
199.63,3,2,194.550003051758,0,199.639999999963
199.64,3,2,194.550003051758,0,199.639999999963
199.65,3,2,194.570007324219,0,199.659999999963
199.66,3,2,194.580001831055,0,199.669999999963
199.67,3,2,194.580001831055,0,199.669999999963
199.68,3,2,194.600006103516,0,199.689999999963
199.69,3,2,194.610000610352,0,199.699999999963
199.7,3,2,194.610000610352,0,199.699999999963
199.71,3,2,194.630004882812,0,199.719999999963
199.72,3,2,194.639999389648,0,199.729999999963
199.73,3,2,194.639999389648,0,199.729999999963
199.74,3,2,194.660003662109,0,199.749999999963
199.75,3,2,194.669998168945,0,199.759999999963
199.76,3,2,194.679992675781,0,199.769999999963
199.77,3,2,194.690002441406,0,199.779999999963
199.78,3,2,194.699996948242,0,199.789999999963
199.79,3,2,194.710006713867,0,199.799999999963
199.8,3,2,194.720001220703,0,199.809999999963
199.81,3,2,194.729995727539,0,199.819999999963
199.82,3,2,194.740005493164,0,199.829999999963
199.83,3,2,194.75,0,199.839999999963
199.84,3,2,194.759994506836,0,199.849999999963
199.85,3,2,194.770004272461,0,199.859999999963
199.86,3,2,194.779998779297,0,199.869999999963
199.87,3,2,194.789993286133,0,199.879999999963
199.88,3,2,194.800003051758,0,199.889999999963
199.89,3,2,194.800003051758,0,199.889999999963
199.9,3,2,194.820007324219,0,199.909999999963
199.91,3,2,194.830001831055,0,199.919999999963
199.92,3,2,194.830001831055,0,199.919999999963
199.93,3,2,194.850006103516,0,199.939999999963
199.94,3,2,194.860000610352,0,199.949999999963
199.95,3,2,194.860000610352,0,199.949999999963
199.96,3,2,194.880004882812,0,199.969999999963
199.97,3,2,194.889999389648,0,199.979999999963
199.98,3,2,194.889999389648,0,199.979999999963
199.99,3,2,194.910003662109,0,199.999999999963
200,3,2,194.919998168945,0,200.009999999963
200.01,3,2,194.929992675781,0,200.019999999963
200.02,3,2,194.940002441406,0,200.029999999963
200.03,3,2,194.949996948242,0,200.039999999963
200.04,3,2,194.960006713867,0,200.049999999963
200.05,3,2,194.970001220703,0,200.059999999963
200.06,3,2,194.979995727539,0,200.069999999963
200.07,3,2,194.990005493164,0,200.079999999963
200.08,3,2,195,0,200.089999999963
200.09,3,2,195.009994506836,0,200.099999999963
200.1,3,2,195.020004272461,0,200.109999999963
200.11,3,2,195.029998779297,0,200.119999999963
200.12,3,2,195.039993286133,0,200.129999999963
200.13,3,2,195.050003051758,0,200.139999999963
200.14,3,2,195.050003051758,0,200.139999999963
200.15,3,2,195.070007324219,0,200.159999999963
200.16,3,2,195.080001831055,0,200.169999999963
200.17,3,2,195.080001831055,0,200.169999999963
200.18,3,2,195.100006103516,0,200.189999999963
200.19,3,2,195.110000610352,0,200.199999999963
200.2,3,2,195.110000610352,0,200.199999999963
200.21,3,2,195.130004882812,0,200.219999999963
200.22,3,2,195.139999389648,0,200.229999999963
200.23,3,2,195.139999389648,0,200.229999999963
200.24,3,2,195.160003662109,0,200.249999999963
200.25,3,2,195.169998168945,0,200.259999999963
200.26,3,2,195.179992675781,0,200.269999999963
200.27,3,2,195.190002441406,0,200.279999999963
200.28,3,2,195.199996948242,0,200.289999999963
200.29,3,2,195.210006713867,0,200.299999999963
200.3,3,2,195.220001220703,0,200.309999999963
200.31,3,2,195.229995727539,0,200.319999999963
200.32,3,2,195.240005493164,0,200.329999999963
200.33,3,2,195.25,0,200.339999999963
200.34,3,2,195.259994506836,0,200.349999999963
200.35,3,2,195.270004272461,0,200.359999999963
200.36,3,2,195.279998779297,0,200.369999999963
200.37,3,2,195.289993286133,0,200.379999999963
200.38,3,2,195.300003051758,0,200.389999999963
200.39,3,2,195.300003051758,0,200.389999999963
200.4,3,2,195.320007324219,0,200.409999999963
200.41,3,2,195.330001831055,0,200.419999999963
200.42,3,2,195.330001831055,0,200.419999999963
200.43,3,2,195.350006103516,0,200.439999999963
200.44,3,2,195.360000610352,0,200.449999999963
200.45,3,2,195.360000610352,0,200.449999999963
200.46,3,2,195.380004882812,0,200.469999999963
200.47,3,2,195.389999389648,0,200.479999999963
200.48,3,2,195.389999389648,0,200.479999999963
200.49,3,2,195.410003662109,0,200.499999999963
200.5,3,2,195.419998168945,0,200.509999999963
200.51,3,2,195.429992675781,0,200.519999999963
200.52,3,2,195.440002441406,0,200.529999999963
200.53,3,2,195.449996948242,0,200.539999999963
200.54,3,2,195.460006713867,0,200.549999999963
200.55,3,2,195.470001220703,0,200.559999999963
200.56,3,2,195.479995727539,0,200.569999999963
200.57,3,2,195.490005493164,0,200.579999999963
200.58,3,2,195.5,0,200.589999999963
200.59,3,2,195.509994506836,0,200.599999999963
200.6,3,2,195.520004272461,0,200.609999999963
200.61,3,2,195.529998779297,0,200.619999999963
200.62,3,2,195.539993286133,0,200.629999999963
200.63,3,2,195.550003051758,0,200.639999999962
200.64,3,2,195.550003051758,0,200.639999999962
200.65,3,2,195.570007324219,0,200.659999999962
200.66,3,2,195.580001831055,0,200.669999999962
200.67,3,2,195.580001831055,0,200.669999999962
200.68,3,2,195.600006103516,0,200.689999999962
200.69,3,2,195.610000610352,0,200.699999999962
200.7,3,2,195.610000610352,0,200.699999999962
200.71,3,2,195.630004882812,0,200.719999999962
200.72,3,2,195.639999389648,0,200.729999999962
200.73,3,2,195.639999389648,0,200.729999999962
200.74,3,2,195.660003662109,0,200.749999999962
200.75,3,2,195.669998168945,0,200.759999999962
200.76,3,2,195.679992675781,0,200.769999999962
200.77,3,2,195.690002441406,0,200.779999999962
200.78,3,2,195.699996948242,0,200.789999999962
200.79,3,2,195.710006713867,0,200.799999999962
200.8,3,2,195.720001220703,0,200.809999999962
200.81,3,2,195.729995727539,0,200.819999999962
200.82,3,2,195.740005493164,0,200.829999999962
200.83,3,2,195.75,0,200.839999999962
200.84,3,2,195.759994506836,0,200.849999999962
200.85,3,2,195.770004272461,0,200.859999999962
200.86,3,2,195.779998779297,0,200.869999999962
200.87,3,2,195.789993286133,0,200.879999999962
200.88,3,2,195.800003051758,0,200.889999999962
200.89,3,2,195.800003051758,0,200.889999999962
200.9,3,2,195.820007324219,0,200.909999999962
200.91,3,2,195.830001831055,0,200.919999999962
200.92,3,2,195.830001831055,0,200.919999999962
200.93,3,2,195.850006103516,0,200.939999999962
200.94,3,2,195.860000610352,0,200.949999999962
200.95,3,2,195.860000610352,0,200.949999999962
200.96,3,2,195.880004882812,0,200.969999999962
200.97,3,2,195.889999389648,0,200.979999999962
200.98,3,2,195.889999389648,0,200.979999999962
200.99,3,2,195.910003662109,0,200.999999999962
201,3,2,195.919998168945,0,201.009999999962
201.01,3,2,195.929992675781,0,201.019999999962
201.02,3,2,195.940002441406,0,201.029999999962
201.03,3,2,195.949996948242,0,201.039999999962
201.04,3,2,195.960006713867,0,201.049999999962
201.05,3,2,195.970001220703,0,201.059999999962
201.06,3,2,195.979995727539,0,201.069999999962
201.07,3,2,195.990005493164,0,201.079999999962
201.08,3,2,196,0,201.089999999962
201.09,3,2,196.009994506836,0,201.099999999962
201.1,3,2,196.020004272461,0,201.109999999962
201.11,3,2,196.029998779297,0,201.119999999962
201.12,3,2,196.039993286133,0,201.129999999962
201.13,3,2,196.050003051758,0,201.139999999962
201.14,3,2,196.050003051758,0,201.139999999962
201.15,3,2,196.070007324219,0,201.159999999962
201.16,3,2,196.080001831055,0,201.169999999962
201.17,3,2,196.080001831055,0,201.169999999962
201.18,3,2,196.100006103516,0,201.189999999962
201.19,3,2,196.110000610352,0,201.199999999962
201.2,3,2,196.110000610352,0,201.199999999962
201.21,3,2,196.130004882812,0,201.219999999962
201.22,3,2,196.139999389648,0,201.229999999962
201.23,3,2,196.139999389648,0,201.229999999962
201.24,3,2,196.160003662109,0,201.249999999962
201.25,3,2,196.169998168945,0,201.259999999962
201.26,3,2,196.179992675781,0,201.269999999962
201.27,3,2,196.190002441406,0,201.279999999962
201.28,3,2,196.199996948242,0,201.289999999962
201.29,3,2,196.210006713867,0,201.299999999962
201.3,3,2,196.220001220703,0,201.309999999962
201.31,3,2,196.229995727539,0,201.319999999962
201.32,3,2,196.240005493164,0,201.329999999962
201.33,3,2,196.25,0,201.339999999962
201.34,3,2,196.259994506836,0,201.349999999962
201.35,3,2,196.270004272461,0,201.359999999962
201.36,3,2,196.279998779297,0,201.369999999962
201.37,3,2,196.289993286133,0,201.379999999962
201.38,3,2,196.300003051758,0,201.389999999962
201.39,3,2,196.300003051758,0,201.389999999962
201.4,3,2,196.320007324219,0,201.409999999962
201.41,3,2,196.330001831055,0,201.419999999962
201.42,3,2,196.330001831055,0,201.419999999962
201.43,3,2,196.350006103516,0,201.439999999962
201.44,3,2,196.360000610352,0,201.449999999962
201.45,3,2,196.360000610352,0,201.449999999962
201.46,3,2,196.380004882812,0,201.469999999962
201.47,3,2,196.389999389648,0,201.479999999962
201.48,3,2,196.389999389648,0,201.479999999962
201.49,3,2,196.410003662109,0,201.499999999962
201.5,3,2,196.419998168945,0,201.509999999962
201.51,3,2,196.429992675781,0,201.519999999962
201.52,3,2,196.440002441406,0,201.529999999962
201.53,3,2,196.449996948242,0,201.539999999962
201.54,3,2,196.460006713867,0,201.549999999962
201.55,3,2,196.470001220703,0,201.559999999962
201.56,3,2,196.479995727539,0,201.569999999962
201.57,3,2,196.490005493164,0,201.579999999962
201.58,3,2,196.5,0,201.589999999962
201.59,3,2,196.509994506836,0,201.599999999962
201.6,3,2,196.520004272461,0,201.609999999962
201.61,3,2,196.529998779297,0,201.619999999962
201.62,3,2,196.539993286133,0,201.629999999962
201.63,3,2,196.550003051758,0,201.639999999962
201.64,3,2,196.550003051758,0,201.639999999962
201.65,3,2,196.570007324219,0,201.659999999962
201.66,3,2,196.580001831055,0,201.669999999962
201.67,3,2,196.580001831055,0,201.669999999962
201.68,3,2,196.600006103516,0,201.689999999962
201.69,3,2,196.610000610352,0,201.699999999962
201.7,3,2,196.610000610352,0,201.699999999962
201.71,3,2,196.630004882812,0,201.719999999962
201.72,3,2,196.639999389648,0,201.729999999962
201.73,3,2,196.639999389648,0,201.729999999962
201.74,3,2,196.660003662109,0,201.749999999961
201.75,3,2,196.669998168945,0,201.759999999961
201.76,3,2,196.679992675781,0,201.769999999961
201.77,3,2,196.690002441406,0,201.779999999961
201.78,3,2,196.699996948242,0,201.789999999961
201.79,3,2,196.710006713867,0,201.799999999961
201.8,3,2,196.720001220703,0,201.809999999961
201.81,3,2,196.729995727539,0,201.819999999961
201.82,3,2,196.740005493164,0,201.829999999961
201.83,3,2,196.75,0,201.839999999961
201.84,3,2,196.759994506836,0,201.849999999961
201.85,3,2,196.770004272461,0,201.859999999961
201.86,3,2,196.779998779297,0,201.869999999961
201.87,3,2,196.789993286133,0,201.879999999961
201.88,3,2,196.800003051758,0,201.889999999961
201.89,3,2,196.800003051758,0,201.889999999961
201.9,3,2,196.820007324219,0,201.909999999961
201.91,3,2,196.830001831055,0,201.919999999961
201.92,3,2,196.830001831055,0,201.919999999961
201.93,3,2,196.850006103516,0,201.939999999961
201.94,3,2,196.860000610352,0,201.949999999961
201.95,3,2,196.860000610352,0,201.949999999961
201.96,3,2,196.880004882812,0,201.969999999961
201.97,3,2,196.889999389648,0,201.979999999961
201.98,3,2,196.889999389648,0,201.979999999961
201.99,3,2,196.910003662109,0,201.999999999961
202,3,2,196.919998168945,0,202.009999999961
202.01,3,2,196.929992675781,0,202.019999999961
202.02,3,2,196.940002441406,0,202.029999999961
202.03,3,2,196.949996948242,0,202.039999999961
202.04,3,2,196.960006713867,0,202.049999999961
202.05,3,2,196.970001220703,0,202.059999999961
202.06,3,2,196.979995727539,0,202.069999999961
202.07,3,2,196.990005493164,0,202.079999999961
202.08,3,2,197,0,202.089999999961
202.09,3,2,197.009994506836,0,202.099999999961
202.1,3,2,197.020004272461,0,202.109999999961
202.11,3,2,197.029998779297,0,202.119999999961
202.12,3,2,197.039993286133,0,202.129999999961
202.13,3,2,197.050003051758,0,202.139999999961
202.14,3,2,197.050003051758,0,202.139999999961
202.15,3,2,197.070007324219,0,202.159999999961
202.16,3,2,197.080001831055,0,202.169999999961
202.17,3,2,197.080001831055,0,202.169999999961
202.18,3,2,197.100006103516,0,202.189999999961
202.19,3,2,197.110000610352,0,202.199999999961
202.2,3,2,197.110000610352,0,202.199999999961
202.21,3,2,197.130004882812,0,202.219999999961
202.22,3,2,197.139999389648,0,202.229999999961
202.23,3,2,197.139999389648,0,202.229999999961
202.24,3,2,197.160003662109,0,202.249999999961
202.25,3,2,197.169998168945,0,202.259999999961
202.26,3,2,197.179992675781,0,202.269999999961
202.27,3,2,197.190002441406,0,202.279999999961
202.28,3,2,197.199996948242,0,202.289999999961
202.29,3,2,197.210006713867,0,202.299999999961
202.3,3,2,197.220001220703,0,202.309999999961
202.31,3,2,197.229995727539,0,202.319999999961
202.32,3,2,197.240005493164,0,202.329999999961
202.33,3,2,197.25,0,202.339999999961
202.34,3,2,197.259994506836,0,202.349999999961
202.35,3,2,197.270004272461,0,202.359999999961
202.36,3,2,197.279998779297,0,202.369999999961
202.37,3,2,197.289993286133,0,202.379999999961
202.38,3,2,197.300003051758,0,202.389999999961
202.39,3,2,197.300003051758,0,202.389999999961
202.4,3,2,197.320007324219,0,202.409999999961
202.41,3,2,197.330001831055,0,202.419999999961
202.42,3,2,197.330001831055,0,202.419999999961
202.43,3,2,197.350006103516,0,202.439999999961
202.44,3,2,197.360000610352,0,202.449999999961
202.45,3,2,197.360000610352,0,202.449999999961
202.46,3,2,197.380004882812,0,202.469999999961
202.47,3,2,197.389999389648,0,202.479999999961
202.48,3,2,197.389999389648,0,202.479999999961
202.49,3,2,197.410003662109,0,202.499999999961
202.5,3,2,197.419998168945,0,202.509999999961
202.51,3,2,197.429992675781,0,202.519999999961
202.52,3,2,197.440002441406,0,202.529999999961
202.53,3,2,197.449996948242,0,202.539999999961
202.54,3,2,197.460006713867,0,202.549999999961
202.55,3,2,197.470001220703,0,202.559999999961
202.56,3,2,197.479995727539,0,202.569999999961
202.57,3,2,197.490005493164,0,202.579999999961
202.58,3,2,197.5,0,202.589999999961
202.59,3,2,197.509994506836,0,202.599999999961
202.6,3,2,197.520004272461,0,202.609999999961
202.61,3,2,197.529998779297,0,202.619999999961
202.62,3,2,197.539993286133,0,202.629999999961
202.63,3,2,197.550003051758,0,202.639999999961
202.64,3,2,197.550003051758,0,202.639999999961
202.65,3,2,197.570007324219,0,202.659999999961
202.66,3,2,197.580001831055,0,202.669999999961
202.67,3,2,197.580001831055,0,202.669999999961
202.68,3,2,197.600006103516,0,202.689999999961
202.69,3,2,197.610000610352,0,202.699999999961
202.7,3,2,197.610000610352,0,202.699999999961
202.71,3,2,197.630004882812,0,202.719999999961
202.72,3,2,197.639999389648,0,202.729999999961
202.73,3,2,197.639999389648,0,202.729999999961
202.74,3,2,197.660003662109,0,202.749999999961
202.75,3,2,197.669998168945,0,202.759999999961
202.76,3,2,197.679992675781,0,202.769999999961
202.77,3,2,197.690002441406,0,202.779999999961
202.78,3,2,197.699996948242,0,202.789999999961
202.79,3,2,197.710006713867,0,202.799999999961
202.8,3,2,197.720001220703,0,202.809999999961
202.81,3,2,197.729995727539,0,202.819999999961
202.82,3,2,197.740005493164,0,202.829999999961
202.83,3,2,197.75,0,202.83999999996
202.84,3,2,197.759994506836,0,202.84999999996
202.85,3,2,197.770004272461,0,202.85999999996
202.86,3,2,197.779998779297,0,202.86999999996
202.87,3,2,197.789993286133,0,202.87999999996
202.88,3,2,197.800003051758,0,202.88999999996
202.89,3,2,197.800003051758,0,202.88999999996
202.9,3,2,197.820007324219,0,202.90999999996
202.91,3,2,197.830001831055,0,202.91999999996
202.92,3,2,197.830001831055,0,202.91999999996
202.93,3,2,197.850006103516,0,202.93999999996
202.94,3,2,197.860000610352,0,202.94999999996
202.95,3,2,197.860000610352,0,202.94999999996
202.96,3,2,197.880004882812,0,202.96999999996
202.97,3,2,197.889999389648,0,202.97999999996
202.98,3,2,197.889999389648,0,202.97999999996
202.99,3,2,197.910003662109,0,202.99999999996
203,3,2,197.919998168945,0,203.00999999996
203.01,3,2,197.929992675781,0,203.01999999996
203.02,3,2,197.940002441406,0,203.02999999996
203.03,3,2,197.949996948242,0,203.03999999996
203.04,3,2,197.960006713867,0,203.04999999996
203.05,3,2,197.970001220703,0,203.05999999996
203.06,3,2,197.979995727539,0,203.06999999996
203.07,3,2,197.990005493164,0,203.07999999996
203.08,3,2,198,0,203.08999999996
203.09,3,2,198.009994506836,0,203.09999999996
203.1,3,2,198.020004272461,0,203.10999999996
203.11,3,2,198.029998779297,0,203.11999999996
203.12,3,2,198.039993286133,0,203.12999999996
203.13,3,2,198.050003051758,0,203.13999999996
203.14,3,2,198.050003051758,0,203.13999999996
203.15,3,2,198.070007324219,0,203.15999999996
203.16,3,2,198.080001831055,0,203.16999999996
203.17,3,2,198.080001831055,0,203.16999999996
203.18,3,2,198.100006103516,0,203.18999999996
203.19,3,2,198.110000610352,0,203.19999999996
203.2,3,2,198.110000610352,0,203.19999999996
203.21,3,2,198.130004882812,0,203.21999999996
203.22,3,2,198.139999389648,0,203.22999999996
203.23,3,2,198.139999389648,0,203.22999999996
203.24,3,2,198.160003662109,0,203.24999999996
203.25,3,2,198.169998168945,0,203.25999999996
203.26,3,2,198.179992675781,0,203.26999999996
203.27,3,2,198.190002441406,0,203.27999999996
203.28,3,2,198.199996948242,0,203.28999999996
203.29,3,2,198.210006713867,0,203.29999999996
203.3,3,2,198.220001220703,0,203.30999999996
203.31,3,2,198.229995727539,0,203.31999999996
203.32,3,2,198.240005493164,0,203.32999999996
203.33,3,2,198.25,0,203.33999999996
203.34,3,2,198.259994506836,0,203.34999999996
203.35,3,2,198.270004272461,0,203.35999999996
203.36,3,2,198.279998779297,0,203.36999999996
203.37,3,2,198.289993286133,0,203.37999999996
203.38,3,2,198.300003051758,0,203.38999999996
203.39,3,2,198.300003051758,0,203.38999999996
203.4,3,2,198.320007324219,0,203.40999999996
203.41,3,2,198.330001831055,0,203.41999999996
203.42,3,2,198.330001831055,0,203.41999999996
203.43,3,2,198.350006103516,0,203.43999999996
203.44,3,2,198.360000610352,0,203.44999999996
203.45,3,2,198.360000610352,0,203.44999999996
203.46,3,2,198.380004882812,0,203.46999999996
203.47,3,2,198.389999389648,0,203.47999999996
203.48,3,2,198.389999389648,0,203.47999999996
203.49,3,2,198.410003662109,0,203.49999999996
203.5,3,2,198.419998168945,0,203.50999999996
203.51,3,2,198.429992675781,0,203.51999999996
203.52,3,2,198.440002441406,0,203.52999999996
203.53,3,2,198.449996948242,0,203.53999999996
203.54,3,2,198.460006713867,0,203.54999999996
203.55,3,2,198.470001220703,0,203.55999999996
203.56,3,2,198.479995727539,0,203.56999999996
203.57,3,2,198.490005493164,0,203.57999999996
203.58,3,2,198.5,0,203.58999999996
203.59,3,2,198.509994506836,0,203.59999999996
203.6,3,2,198.520004272461,0,203.60999999996
203.61,3,2,198.529998779297,0,203.61999999996
203.62,3,2,198.539993286133,0,203.62999999996
203.63,3,2,198.550003051758,0,203.63999999996
203.64,3,2,198.550003051758,0,203.63999999996
203.65,3,2,198.570007324219,0,203.65999999996
203.66,3,2,198.580001831055,0,203.66999999996
203.67,3,2,198.580001831055,0,203.66999999996
203.68,3,2,198.600006103516,0,203.68999999996
203.69,3,2,198.610000610352,0,203.69999999996
203.7,3,2,198.610000610352,0,203.69999999996
203.71,3,2,198.630004882812,0,203.71999999996
203.72,3,2,198.639999389648,0,203.72999999996
203.73,3,2,198.639999389648,0,203.72999999996
203.74,3,2,198.660003662109,0,203.74999999996
203.75,3,2,198.669998168945,0,203.75999999996
203.76,3,2,198.679992675781,0,203.76999999996
203.77,3,2,198.690002441406,0,203.77999999996
203.78,3,2,198.699996948242,0,203.78999999996
203.79,3,2,198.710006713867,0,203.79999999996
203.8,3,2,198.720001220703,0,203.80999999996
203.81,3,2,198.729995727539,0,203.81999999996
203.82,3,2,198.740005493164,0,203.82999999996
203.83,3,2,198.75,0,203.83999999996
203.84,3,2,198.759994506836,0,203.84999999996
203.85,3,2,198.770004272461,0,203.85999999996
203.86,3,2,198.779998779297,0,203.86999999996
203.87,3,2,198.789993286133,0,203.87999999996
203.88,3,2,198.800003051758,0,203.88999999996
203.89,3,2,198.800003051758,0,203.88999999996
203.9,3,2,198.820007324219,0,203.90999999996
203.91,3,2,198.830001831055,0,203.91999999996
203.92,3,2,198.830001831055,0,203.91999999996
203.93,3,2,198.850006103516,0,203.939999999959
203.94,3,2,198.860000610352,0,203.949999999959
203.95,3,2,198.860000610352,0,203.949999999959
203.96,3,2,198.880004882812,0,203.969999999959
203.97,3,2,198.889999389648,0,203.979999999959
203.98,3,2,198.889999389648,0,203.979999999959
203.99,3,2,198.910003662109,0,203.999999999959
204,3,2,198.919998168945,0,204.009999999959
204.01,3,2,198.929992675781,0,204.019999999959
204.02,3,2,198.940002441406,0,204.029999999959
204.03,3,2,198.949996948242,0,204.039999999959
204.04,3,2,198.960006713867,0,204.049999999959
204.05,3,2,198.970001220703,0,204.059999999959
204.06,3,2,198.979995727539,0,204.069999999959
204.07,3,2,198.990005493164,0,204.079999999959
204.08,3,2,199,0,204.089999999959
204.09,3,2,199.009994506836,0,204.099999999959
204.1,3,2,199.020004272461,0,204.109999999959
204.11,3,2,199.029998779297,0,204.119999999959
204.12,3,2,199.039993286133,0,204.129999999959
204.13,3,2,199.050003051758,0,204.139999999959
204.14,3,2,199.050003051758,0,204.139999999959
204.15,3,2,199.070007324219,0,204.159999999959
204.16,3,2,199.080001831055,0,204.169999999959
204.17,3,2,199.080001831055,0,204.169999999959
204.18,3,2,199.100006103516,0,204.189999999959
204.19,3,2,199.110000610352,0,204.199999999959
204.2,3,2,199.110000610352,0,204.199999999959
204.21,3,2,199.130004882812,0,204.219999999959
204.22,3,2,199.139999389648,0,204.229999999959
204.23,3,2,199.139999389648,0,204.229999999959
204.24,3,2,199.160003662109,0,204.249999999959
204.25,3,2,199.169998168945,0,204.259999999959
204.26,3,2,199.179992675781,0,204.269999999959
204.27,3,2,199.190002441406,0,204.279999999959
204.28,3,2,199.199996948242,0,204.289999999959
204.29,3,2,199.210006713867,0,204.299999999959
204.3,3,2,199.220001220703,0,204.309999999959
204.31,3,2,199.229995727539,0,204.319999999959
204.32,3,2,199.240005493164,0,204.329999999959
204.33,3,2,199.25,0,204.339999999959
204.34,3,2,199.259994506836,0,204.349999999959
204.35,3,2,199.270004272461,0,204.359999999959
204.36,3,2,199.279998779297,0,204.369999999959
204.37,3,2,199.289993286133,0,204.379999999959
204.38,3,2,199.300003051758,0,204.389999999959
204.39,3,2,199.300003051758,0,204.389999999959
204.4,3,2,199.320007324219,0,204.409999999959
204.41,3,2,199.330001831055,0,204.419999999959
204.42,3,2,199.330001831055,0,204.419999999959
204.43,3,2,199.350006103516,0,204.439999999959
204.44,3,2,199.360000610352,0,204.449999999959
204.45,3,2,199.360000610352,0,204.449999999959
204.46,3,2,199.380004882812,0,204.469999999959
204.47,3,2,199.389999389648,0,204.479999999959
204.48,3,2,199.389999389648,0,204.479999999959
204.49,3,2,199.410003662109,0,204.499999999959
204.5,3,2,199.419998168945,0,204.509999999959
204.51,3,2,199.429992675781,0,204.519999999959
204.52,3,2,199.440002441406,0,204.529999999959
204.53,3,2,199.449996948242,0,204.539999999959
204.54,3,2,199.460006713867,0,204.549999999959
204.55,3,2,199.470001220703,0,204.559999999959
204.56,3,2,199.479995727539,0,204.569999999959
204.57,3,2,199.490005493164,0,204.579999999959
204.58,3,2,199.5,0,204.589999999959
204.59,3,2,199.509994506836,0,204.599999999959
204.6,3,2,199.520004272461,0,204.609999999959
204.61,3,2,199.529998779297,0,204.619999999959
204.62,3,2,199.539993286133,0,204.629999999959
204.63,3,2,199.550003051758,0,204.639999999959
204.64,3,2,199.550003051758,0,204.639999999959
204.65,3,2,199.570007324219,0,204.659999999959
204.66,3,2,199.580001831055,0,204.669999999959
204.67,3,2,199.580001831055,0,204.669999999959
204.68,3,2,199.600006103516,0,204.689999999959
204.69,3,2,199.610000610352,0,204.699999999959
204.7,3,2,199.610000610352,0,204.699999999959
204.71,3,2,199.630004882812,0,204.719999999959
204.72,3,2,199.639999389648,0,204.729999999959
204.73,3,2,199.639999389648,0,204.729999999959
204.74,3,2,199.660003662109,0,204.749999999959
204.75,3,2,199.669998168945,0,204.759999999959
204.76,3,2,199.679992675781,0,204.769999999959
204.77,3,2,199.690002441406,0,204.779999999959
204.78,3,2,199.699996948242,0,204.789999999959
204.79,3,2,199.710006713867,0,204.799999999959
204.8,3,2,199.720001220703,0,204.809999999959
204.81,3,2,199.729995727539,0,204.819999999959
204.82,3,2,199.740005493164,0,204.829999999959
204.83,3,2,199.75,0,204.839999999959
204.84,3,2,199.759994506836,0,204.849999999959
204.85,3,2,199.770004272461,0,204.859999999959
204.86,3,2,199.779998779297,0,204.869999999959
204.87,3,2,199.789993286133,0,204.879999999959
204.88,3,2,199.800003051758,0,204.889999999959
204.89,3,2,199.800003051758,0,204.889999999959
204.9,3,2,199.820007324219,0,204.909999999959
204.91,3,2,199.830001831055,0,204.919999999959
204.92,3,2,199.830001831055,0,204.919999999959
204.93,3,2,199.850006103516,0,204.939999999959
204.94,3,2,199.860000610352,0,204.949999999959
204.95,3,2,199.860000610352,0,204.949999999959
204.96,3,2,199.880004882812,0,204.969999999959
204.97,3,2,199.889999389648,0,204.979999999959
204.98,3,2,199.889999389648,0,204.979999999959
204.99,3,2,199.910003662109,0,204.999999999959
205,3,2,199.919998168945,0,205.009999999959
205.01,3,2,199.929992675781,0,205.019999999959
205.02,3,2,199.940002441406,0,205.029999999959
205.03,3,2,199.949996948242,0,205.039999999958
205.04,3,2,199.960006713867,0,205.049999999958
205.05,3,2,199.970001220703,0,205.059999999958
205.06,3,2,199.979995727539,0,205.069999999958
205.07,3,2,199.990005493164,0,205.079999999958
205.08,3,2,200,0,205.089999999958
205.09,3,2,200.009994506836,0,205.099999999958
205.1,3,2,200.020004272461,0,205.109999999958
205.11,3,2,200.029998779297,0,205.119999999958
205.12,3,2,200.039993286133,0,205.129999999958
205.13,3,2,200.050003051758,0,205.139999999958
205.14,3,2,200.050003051758,0,205.139999999958
205.15,3,2,200.070007324219,0,205.159999999958
205.16,3,2,200.080001831055,0,205.169999999958
205.17,3,2,200.080001831055,0,205.169999999958
205.18,3,2,200.100006103516,0,205.189999999958
205.19,3,2,200.110000610352,0,205.199999999958
205.2,3,2,200.110000610352,0,205.199999999958
205.21,3,2,200.130004882812,0,205.219999999958
205.22,3,2,200.139999389648,0,205.229999999958
205.23,3,2,200.139999389648,0,205.229999999958
205.24,3,2,200.160003662109,0,205.249999999958
205.25,3,2,200.169998168945,0,205.259999999958
205.26,3,2,200.179992675781,0,205.269999999958
205.27,3,2,200.190002441406,0,205.279999999958
205.28,3,2,200.199996948242,0,205.289999999958
205.29,3,2,200.210006713867,0,205.299999999958
205.3,3,2,200.220001220703,0,205.309999999958
205.31,3,2,200.229995727539,0,205.319999999958
205.32,3,2,200.240005493164,0,205.329999999958
205.33,3,2,200.25,0,205.339999999958
205.34,3,2,200.259994506836,0,205.349999999958
205.35,3,2,200.270004272461,0,205.359999999958
205.36,3,2,200.279998779297,0,205.369999999958
205.37,3,2,200.289993286133,0,205.379999999958
205.38,3,2,200.300003051758,0,205.389999999958
205.39,3,2,200.300003051758,0,205.389999999958
205.4,3,2,200.320007324219,0,205.409999999958
205.41,3,2,200.330001831055,0,205.419999999958
205.42,3,2,200.330001831055,0,205.419999999958
205.43,3,2,200.350006103516,0,205.439999999958
205.44,3,2,200.360000610352,0,205.449999999958
205.45,3,2,200.360000610352,0,205.449999999958
205.46,3,2,200.380004882812,0,205.469999999958
205.47,3,2,200.389999389648,0,205.479999999958
205.48,3,2,200.389999389648,0,205.479999999958
205.49,3,2,200.410003662109,0,205.499999999958
205.5,3,2,200.419998168945,0,205.509999999958
205.51,3,2,200.429992675781,0,205.519999999958
205.52,3,2,200.440002441406,0,205.529999999958
205.53,3,2,200.449996948242,0,205.539999999958
205.54,3,2,200.460006713867,0,205.549999999958
205.55,3,2,200.470001220703,0,205.559999999958
205.56,3,2,200.479995727539,0,205.569999999958
205.57,3,2,200.490005493164,0,205.579999999958
205.58,3,2,200.5,0,205.589999999958
205.59,3,2,200.509994506836,0,205.599999999958
205.6,3,2,200.520004272461,0,205.609999999958
205.61,3,2,200.529998779297,0,205.619999999958
205.62,3,2,200.539993286133,0,205.629999999958
205.63,3,2,200.550003051758,0,205.639999999958
205.64,3,2,200.550003051758,0,205.639999999958
205.65,3,2,200.570007324219,0,205.659999999958
205.66,3,2,200.580001831055,0,205.669999999958
205.67,3,2,200.580001831055,0,205.669999999958
205.68,3,2,200.600006103516,0,205.689999999958
205.69,3,2,200.610000610352,0,205.699999999958
205.7,3,2,200.610000610352,0,205.699999999958
205.71,3,2,200.630004882812,0,205.719999999958
205.72,3,2,200.639999389648,0,205.729999999958
205.73,3,2,200.639999389648,0,205.729999999958
205.74,3,2,200.660003662109,0,205.749999999958
205.75,3,2,200.669998168945,0,205.759999999958
205.76,3,2,200.679992675781,0,205.769999999958
205.77,3,2,200.690002441406,0,205.779999999958
205.78,3,2,200.699996948242,0,205.789999999958
205.79,3,2,200.710006713867,0,205.799999999958
205.8,3,2,200.720001220703,0,205.809999999958
205.81,3,2,200.729995727539,0,205.819999999958
205.82,3,2,200.740005493164,0,205.829999999958
205.83,3,2,200.75,0,205.839999999958
205.84,3,2,200.759994506836,0,205.849999999958
205.85,3,2,200.770004272461,0,205.859999999958
205.86,3,2,200.779998779297,0,205.869999999958
205.87,3,2,200.789993286133,0,205.879999999958
205.88,3,2,200.800003051758,0,205.889999999958
205.89,3,2,200.800003051758,0,205.889999999958
205.9,3,2,200.820007324219,0,205.909999999958
205.91,3,2,200.830001831055,0,205.919999999958
205.92,3,2,200.830001831055,0,205.919999999958
205.93,3,2,200.850006103516,0,205.939999999958
205.94,3,2,200.860000610352,0,205.949999999958
205.95,3,2,200.860000610352,0,205.949999999958
205.96,3,2,200.880004882812,0,205.969999999958
205.97,3,2,200.889999389648,0,205.979999999958
205.98,3,2,200.889999389648,0,205.979999999958
205.99,3,2,200.910003662109,0,205.999999999958
206,3,2,200.919998168945,0,206.009999999958
206.01,3,2,200.929992675781,0,206.019999999958
206.02,3,2,200.940002441406,0,206.029999999958
206.03,3,2,200.949996948242,0,206.039999999958
206.04,3,2,200.960006713867,0,206.049999999958
206.05,3,2,200.970001220703,0,206.059999999958
206.06,3,2,200.979995727539,0,206.069999999958
206.07,3,2,200.990005493164,0,206.079999999958
206.08,3,2,201,0,206.089999999958
206.09,3,2,201.009994506836,0,206.099999999958
206.1,3,2,201.020004272461,0,206.109999999958
206.11,3,2,201.029998779297,0,206.119999999958
206.12,3,2,201.039993286133,0,206.129999999958
206.13,3,2,201.050003051758,0,206.139999999957
206.14,3,2,201.050003051758,0,206.139999999957
206.15,3,2,201.070007324219,0,206.159999999957
206.16,3,2,201.080001831055,0,206.169999999957
206.17,3,2,201.080001831055,0,206.169999999957
206.18,3,2,201.100006103516,0,206.189999999957
206.19,3,2,201.110000610352,0,206.199999999957
206.2,3,2,201.110000610352,0,206.199999999957
206.21,3,2,201.130004882812,0,206.219999999957
206.22,3,2,201.139999389648,0,206.229999999957
206.23,3,2,201.139999389648,0,206.229999999957
206.24,3,2,201.160003662109,0,206.249999999957
206.25,3,2,201.169998168945,0,206.259999999957
206.26,3,2,201.179992675781,0,206.269999999957
206.27,3,2,201.190002441406,0,206.279999999957
206.28,3,2,201.199996948242,0,206.289999999957
206.29,3,2,201.210006713867,0,206.299999999957
206.3,3,2,201.220001220703,0,206.309999999957
206.31,3,2,201.229995727539,0,206.319999999957
206.32,3,2,201.240005493164,0,206.329999999957
206.33,3,2,201.25,0,206.339999999957
206.34,3,2,201.259994506836,0,206.349999999957
206.35,3,2,201.270004272461,0,206.359999999957
206.36,3,2,201.279998779297,0,206.369999999957
206.37,3,2,201.289993286133,0,206.379999999957
206.38,3,2,201.300003051758,0,206.389999999957
206.39,3,2,201.300003051758,0,206.389999999957
206.4,3,2,201.320007324219,0,206.409999999957
206.41,3,2,201.330001831055,0,206.419999999957
206.42,3,2,201.330001831055,0,206.419999999957
206.43,3,2,201.350006103516,0,206.439999999957
206.44,3,2,201.360000610352,0,206.449999999957
206.45,3,2,201.360000610352,0,206.449999999957
206.46,3,2,201.380004882812,0,206.469999999957
206.47,3,2,201.389999389648,0,206.479999999957
206.48,3,2,201.389999389648,0,206.479999999957
206.49,3,2,201.410003662109,0,206.499999999957
206.5,3,2,201.419998168945,0,206.509999999957
206.51,3,2,201.429992675781,0,206.519999999957
206.52,3,2,201.440002441406,0,206.529999999957
206.53,3,2,201.449996948242,0,206.539999999957
206.54,3,2,201.460006713867,0,206.549999999957
206.55,3,2,201.470001220703,0,206.559999999957
206.56,3,2,201.479995727539,0,206.569999999957
206.57,3,2,201.490005493164,0,206.579999999957
206.58,3,2,201.5,0,206.589999999957
206.59,3,2,201.509994506836,0,206.599999999957
206.6,3,2,201.520004272461,0,206.609999999957
206.61,3,2,201.529998779297,0,206.619999999957
206.62,3,2,201.539993286133,0,206.629999999957
206.63,3,2,201.550003051758,0,206.639999999957
206.64,3,2,201.550003051758,0,206.639999999957
206.65,3,2,201.570007324219,0,206.659999999957
206.66,3,2,201.580001831055,0,206.669999999957
206.67,3,2,201.580001831055,0,206.669999999957
206.68,3,2,201.600006103516,0,206.689999999957
206.69,3,2,201.610000610352,0,206.699999999957
206.7,3,2,201.610000610352,0,206.699999999957
206.71,3,2,201.630004882812,0,206.719999999957
206.72,3,2,201.639999389648,0,206.729999999957
206.73,3,2,201.639999389648,0,206.729999999957
206.74,3,2,201.660003662109,0,206.749999999957
206.75,3,2,201.669998168945,0,206.759999999957
206.76,3,2,201.679992675781,0,206.769999999957
206.77,3,2,201.690002441406,0,206.779999999957
206.78,3,2,201.699996948242,0,206.789999999957
206.79,3,2,201.710006713867,0,206.799999999957
206.8,3,2,201.720001220703,0,206.809999999957
206.81,3,2,201.729995727539,0,206.819999999957
206.82,3,2,201.740005493164,0,206.829999999957
206.83,3,2,201.75,0,206.839999999957
206.84,3,2,201.759994506836,0,206.849999999957
206.85,3,2,201.770004272461,0,206.859999999957
206.86,3,2,201.779998779297,0,206.869999999957
206.87,3,2,201.789993286133,0,206.879999999957
206.88,3,2,201.800003051758,0,206.889999999957
206.89,3,2,201.800003051758,0,206.889999999957
206.9,3,2,201.820007324219,0,206.909999999957
206.91,3,2,201.830001831055,0,206.919999999957
206.92,3,2,201.830001831055,0,206.919999999957
206.93,3,2,201.850006103516,0,206.939999999957
206.94,3,2,201.860000610352,0,206.949999999957
206.95,3,2,201.860000610352,0,206.949999999957
206.96,3,2,201.880004882812,0,206.969999999957
206.97,3,2,201.889999389648,0,206.979999999957
206.98,3,2,201.889999389648,0,206.979999999957
206.99,3,2,201.910003662109,0,206.999999999957
207,3,2,201.919998168945,0,207.009999999957
207.01,3,2,201.929992675781,0,207.019999999957
207.02,3,2,201.940002441406,0,207.029999999957
207.03,3,2,201.949996948242,0,207.039999999957
207.04,3,2,201.960006713867,0,207.049999999957
207.05,3,2,201.970001220703,0,207.059999999957
207.06,3,2,201.979995727539,0,207.069999999957
207.07,3,2,201.990005493164,0,207.079999999957
207.08,3,2,202,0,207.089999999957
207.09,3,2,202.009994506836,0,207.099999999957
207.1,3,2,202.020004272461,0,207.109999999957
207.11,3,2,202.029998779297,0,207.119999999957
207.12,3,2,202.039993286133,0,207.129999999957
207.13,3,2,202.050003051758,0,207.139999999957
207.14,3,2,202.050003051758,0,207.139999999957
207.15,3,2,202.070007324219,0,207.159999999957
207.16,3,2,202.080001831055,0,207.169999999957
207.17,3,2,202.080001831055,0,207.169999999957
207.18,3,2,202.100006103516,0,207.189999999957
207.19,3,2,202.110000610352,0,207.199999999957
207.2,3,2,202.110000610352,0,207.199999999957
207.21,3,2,202.130004882812,0,207.219999999957
207.22,3,2,202.139999389648,0,207.229999999957
207.23,3,2,202.139999389648,0,207.229999999957
207.24,3,2,202.160003662109,0,207.249999999956
207.25,3,2,202.169998168945,0,207.259999999956
207.26,3,2,202.179992675781,0,207.269999999956
207.27,3,2,202.190002441406,0,207.279999999956
207.28,3,2,202.199996948242,0,207.289999999956
207.29,3,2,202.210006713867,0,207.299999999956
207.3,3,2,202.220001220703,0,207.309999999956
207.31,3,2,202.229995727539,0,207.319999999956
207.32,3,2,202.240005493164,0,207.329999999956
207.33,3,2,202.25,0,207.339999999956
207.34,3,2,202.259994506836,0,207.349999999956
207.35,3,2,202.270004272461,0,207.359999999956
207.36,3,2,202.279998779297,0,207.369999999956
207.37,3,2,202.289993286133,0,207.379999999956
207.38,3,2,202.300003051758,0,207.389999999956
207.39,3,2,202.300003051758,0,207.389999999956
207.4,3,2,202.320007324219,0,207.409999999956
207.41,3,2,202.330001831055,0,207.419999999956
207.42,3,2,202.330001831055,0,207.419999999956
207.43,3,2,202.350006103516,0,207.439999999956
207.44,3,2,202.360000610352,0,207.449999999956
207.45,3,2,202.360000610352,0,207.449999999956
207.46,3,2,202.380004882812,0,207.469999999956
207.47,3,2,202.389999389648,0,207.479999999956
207.48,3,2,202.389999389648,0,207.479999999956
207.49,3,2,202.410003662109,0,207.499999999956
207.5,3,2,202.419998168945,0,207.509999999956
207.51,3,2,202.429992675781,0,207.519999999956
207.52,3,2,202.440002441406,0,207.529999999956
207.53,3,2,202.449996948242,0,207.539999999956
207.54,3,2,202.460006713867,0,207.549999999956
207.55,3,2,202.470001220703,0,207.559999999956
207.56,3,2,202.479995727539,0,207.569999999956
207.57,3,2,202.490005493164,0,207.579999999956
207.58,3,2,202.5,0,207.589999999956
207.59,3,2,202.509994506836,0,207.599999999956
207.6,3,2,202.520004272461,0,207.609999999956
207.61,3,2,202.529998779297,0,207.619999999956
207.62,3,2,202.539993286133,0,207.629999999956
207.63,3,2,202.550003051758,0,207.639999999956
207.64,3,2,202.550003051758,0,207.639999999956
207.65,3,2,202.570007324219,0,207.659999999956
207.66,3,2,202.580001831055,0,207.669999999956
207.67,3,2,202.580001831055,0,207.669999999956
207.68,3,2,202.600006103516,0,207.689999999956
207.69,3,2,202.610000610352,0,207.699999999956
207.7,3,2,202.610000610352,0,207.699999999956
207.71,3,2,202.630004882812,0,207.719999999956
207.72,3,2,202.639999389648,0,207.729999999956
207.73,3,2,202.639999389648,0,207.729999999956
207.74,3,2,202.660003662109,0,207.749999999956
207.75,3,2,202.669998168945,0,207.759999999956
207.76,3,2,202.679992675781,0,207.769999999956
207.77,3,2,202.690002441406,0,207.779999999956
207.78,3,2,202.699996948242,0,207.789999999956
207.79,3,2,202.710006713867,0,207.799999999956
207.8,3,2,202.720001220703,0,207.809999999956
207.81,3,2,202.729995727539,0,207.819999999956
207.82,3,2,202.740005493164,0,207.829999999956
207.83,3,2,202.75,0,207.839999999956
207.84,3,2,202.759994506836,0,207.849999999956
207.85,3,2,202.770004272461,0,207.859999999956
207.86,3,2,202.779998779297,0,207.869999999956
207.87,3,2,202.789993286133,0,207.879999999956
207.88,3,2,202.800003051758,0,207.889999999956
207.89,3,2,202.800003051758,0,207.889999999956
207.9,3,2,202.820007324219,0,207.909999999956
207.91,3,2,202.830001831055,0,207.919999999956
207.92,3,2,202.830001831055,0,207.919999999956
207.93,3,2,202.850006103516,0,207.939999999956
207.94,3,2,202.860000610352,0,207.949999999956
207.95,3,2,202.860000610352,0,207.949999999956
207.96,3,2,202.880004882812,0,207.969999999956
207.97,3,2,202.889999389648,0,207.979999999956
207.98,3,2,202.889999389648,0,207.979999999956
207.99,3,2,202.910003662109,0,207.999999999956
208,3,2,202.919998168945,0,208.009999999956
208.01,3,2,202.929992675781,0,208.019999999956
208.02,3,2,202.940002441406,0,208.029999999956
208.03,3,2,202.949996948242,0,208.039999999956
208.04,3,2,202.960006713867,0,208.049999999956
208.05,3,2,202.970001220703,0,208.059999999956
208.06,3,2,202.979995727539,0,208.069999999956
208.07,3,2,202.990005493164,0,208.079999999956
208.08,3,2,203,0,208.089999999956
208.09,3,2,203.009994506836,0,208.099999999956
208.1,3,2,203.020004272461,0,208.109999999956
208.11,3,2,203.029998779297,0,208.119999999956
208.12,3,2,203.039993286133,0,208.129999999956
208.13,3,2,203.050003051758,0,208.139999999956
208.14,3,2,203.050003051758,0,208.139999999956
208.15,3,2,203.070007324219,0,208.159999999956
208.16,3,2,203.080001831055,0,208.169999999956
208.17,3,2,203.080001831055,0,208.169999999956
208.18,3,2,203.100006103516,0,208.189999999956
208.19,3,2,203.110000610352,0,208.199999999956
208.2,3,2,203.110000610352,0,208.199999999956
208.21,3,2,203.130004882812,0,208.219999999956
208.22,3,2,203.139999389648,0,208.229999999956
208.23,3,2,203.139999389648,0,208.229999999956
208.24,3,2,203.160003662109,0,208.249999999956
208.25,3,2,203.169998168945,0,208.259999999956
208.26,3,2,203.179992675781,0,208.269999999956
208.27,3,2,203.190002441406,0,208.279999999956
208.28,3,2,203.199996948242,0,208.289999999956
208.29,3,2,203.210006713867,0,208.299999999956
208.3,3,2,203.220001220703,0,208.309999999956
208.31,3,2,203.229995727539,0,208.319999999956
208.32,3,2,203.240005493164,0,208.329999999956
208.33,3,2,203.25,0,208.339999999955
208.34,3,2,203.259994506836,0,208.349999999955
208.35,3,2,203.270004272461,0,208.359999999955
208.36,3,2,203.279998779297,0,208.369999999955
208.37,3,2,203.289993286133,0,208.379999999955
208.38,3,2,203.300003051758,0,208.389999999955
208.39,3,2,203.300003051758,0,208.389999999955
208.4,3,2,203.320007324219,0,208.409999999955
208.41,3,2,203.330001831055,0,208.419999999955
208.42,3,2,203.330001831055,0,208.419999999955
208.43,3,2,203.350006103516,0,208.439999999955
208.44,3,2,203.360000610352,0,208.449999999955
208.45,3,2,203.360000610352,0,208.449999999955
208.46,3,2,203.380004882812,0,208.469999999955
208.47,3,2,203.389999389648,0,208.479999999955
208.48,3,2,203.389999389648,0,208.479999999955
208.49,3,2,203.410003662109,0,208.499999999955
208.5,3,2,203.419998168945,0,208.509999999955
208.51,3,2,203.429992675781,0,208.519999999955
208.52,3,2,203.440002441406,0,208.529999999955
208.53,3,2,203.449996948242,0,208.539999999955
208.54,3,2,203.460006713867,0,208.549999999955
208.55,3,2,203.470001220703,0,208.559999999955
208.56,3,2,203.479995727539,0,208.569999999955
208.57,3,2,203.490005493164,0,208.579999999955
208.58,3,2,203.5,0,208.589999999955
208.59,3,2,203.509994506836,0,208.599999999955
208.6,3,2,203.520004272461,0,208.609999999955
208.61,3,2,203.529998779297,0,208.619999999955
208.62,3,2,203.539993286133,0,208.629999999955
208.63,3,2,203.550003051758,0,208.639999999955
208.64,3,2,203.550003051758,0,208.639999999955
208.65,3,2,203.570007324219,0,208.659999999955
208.66,3,2,203.580001831055,0,208.669999999955
208.67,3,2,203.580001831055,0,208.669999999955
208.68,3,2,203.600006103516,0,208.689999999955
208.69,3,2,203.610000610352,0,208.699999999955
208.7,3,2,203.610000610352,0,208.699999999955
208.71,3,2,203.630004882812,0,208.719999999955
208.72,3,2,203.639999389648,0,208.729999999955
208.73,3,2,203.639999389648,0,208.729999999955
208.74,3,2,203.660003662109,0,208.749999999955
208.75,3,2,203.669998168945,0,208.759999999955
208.76,3,2,203.679992675781,0,208.769999999955
208.77,3,2,203.690002441406,0,208.779999999955
208.78,3,2,203.699996948242,0,208.789999999955
208.79,3,2,203.710006713867,0,208.799999999955
208.8,3,2,203.720001220703,0,208.809999999955
208.81,3,2,203.729995727539,0,208.819999999955
208.82,3,2,203.740005493164,0,208.829999999955
208.83,3,2,203.75,0,208.839999999955
208.84,3,2,203.759994506836,0,208.849999999955
208.85,3,2,203.770004272461,0,208.859999999955
208.86,3,2,203.779998779297,0,208.869999999955
208.87,3,2,203.789993286133,0,208.879999999955
208.88,3,2,203.800003051758,0,208.889999999955
208.89,3,2,203.800003051758,0,208.889999999955
208.9,3,2,203.820007324219,0,208.909999999955
208.91,3,2,203.830001831055,0,208.919999999955
208.92,3,2,203.830001831055,0,208.919999999955
208.93,3,2,203.850006103516,0,208.939999999955
208.94,3,2,203.860000610352,0,208.949999999955
208.95,3,2,203.860000610352,0,208.949999999955
208.96,3,2,203.880004882812,0,208.969999999955
208.97,3,2,203.889999389648,0,208.979999999955
208.98,3,2,203.889999389648,0,208.979999999955
208.99,3,2,203.910003662109,0,208.999999999955
209,3,2,203.919998168945,0,209.009999999955
209.01,3,2,203.929992675781,0,209.019999999955
209.02,3,2,203.940002441406,0,209.029999999955
209.03,3,2,203.949996948242,0,209.039999999955
209.04,3,2,203.960006713867,0,209.049999999955
209.05,3,2,203.970001220703,0,209.059999999955
209.06,3,2,203.979995727539,0,209.069999999955
209.07,3,2,203.990005493164,0,209.079999999955
209.08,3,2,204,0,209.089999999955
209.09,3,2,204.009994506836,0,209.099999999955
209.1,3,2,204.020004272461,0,209.109999999955
209.11,3,2,204.029998779297,0,209.119999999955
209.12,3,2,204.039993286133,0,209.129999999955
209.13,3,2,204.050003051758,0,209.139999999955
209.14,3,2,204.050003051758,0,209.139999999955
209.15,3,2,204.070007324219,0,209.159999999955
209.16,3,2,204.080001831055,0,209.169999999955
209.17,3,2,204.080001831055,0,209.169999999955
209.18,3,2,204.100006103516,0,209.189999999955
209.19,3,2,204.110000610352,0,209.199999999955
209.2,3,2,204.110000610352,0,209.199999999955
209.21,3,2,204.130004882812,0,209.219999999955
209.22,3,2,204.139999389648,0,209.229999999955
209.23,3,2,204.139999389648,0,209.229999999955
209.24,3,2,204.160003662109,0,209.249999999955
209.25,3,2,204.169998168945,0,209.259999999955
209.26,3,2,204.179992675781,0,209.269999999955
209.27,3,2,204.190002441406,0,209.279999999955
209.28,3,2,204.199996948242,0,209.289999999955
209.29,3,2,204.210006713867,0,209.299999999955
209.3,3,2,204.220001220703,0,209.309999999955
209.31,3,2,204.229995727539,0,209.319999999955
209.32,3,2,204.240005493164,0,209.329999999955
209.33,3,2,204.25,0,209.339999999955
209.34,3,2,204.259994506836,0,209.349999999955
209.35,3,2,204.270004272461,0,209.359999999955
209.36,3,2,204.279998779297,0,209.369999999955
209.37,3,2,204.289993286133,0,209.379999999955
209.38,3,2,204.300003051758,0,209.389999999955
209.39,3,2,204.300003051758,0,209.389999999955
209.4,3,2,204.320007324219,0,209.409999999955
209.41,3,2,204.330001831055,0,209.419999999955
209.42,3,2,204.330001831055,0,209.419999999955
209.43,3,2,204.350006103516,0,209.439999999954
209.44,3,2,204.360000610352,0,209.449999999954
209.45,3,2,204.360000610352,0,209.449999999954
209.46,3,2,204.380004882812,0,209.469999999954
209.47,3,2,204.389999389648,0,209.479999999954
209.48,3,2,204.389999389648,0,209.479999999954
209.49,3,2,204.410003662109,0,209.499999999954
209.5,3,2,204.419998168945,0,209.509999999954
209.51,3,2,204.429992675781,0,209.519999999954
209.52,3,2,204.440002441406,0,209.529999999954
209.53,3,2,204.449996948242,0,209.539999999954
209.54,3,2,204.460006713867,0,209.549999999954
209.55,3,2,204.470001220703,0,209.559999999954
209.56,3,2,204.479995727539,0,209.569999999954
209.57,3,2,204.490005493164,0,209.579999999954
209.58,3,2,204.5,0,209.589999999954
209.59,3,2,204.509994506836,0,209.599999999954
209.6,3,2,204.520004272461,0,209.609999999954
209.61,3,2,204.529998779297,0,209.619999999954
209.62,3,2,204.539993286133,0,209.629999999954
209.63,3,2,204.550003051758,0,209.639999999954
209.64,3,2,204.550003051758,0,209.639999999954
209.65,3,2,204.570007324219,0,209.659999999954
209.66,3,2,204.580001831055,0,209.669999999954
209.67,3,2,204.580001831055,0,209.669999999954
209.68,3,2,204.600006103516,0,209.689999999954
209.69,3,2,204.610000610352,0,209.699999999954
209.7,3,2,204.610000610352,0,209.699999999954
209.71,3,2,204.630004882812,0,209.719999999954
209.72,3,2,204.639999389648,0,209.729999999954
209.73,3,2,204.639999389648,0,209.729999999954
209.74,3,2,204.660003662109,0,209.749999999954
209.75,3,2,204.669998168945,0,209.759999999954
209.76,3,2,204.679992675781,0,209.769999999954
209.77,3,2,204.690002441406,0,209.779999999954
209.78,3,2,204.699996948242,0,209.789999999954
209.79,3,2,204.710006713867,0,209.799999999954
209.8,3,2,204.720001220703,0,209.809999999954
209.81,3,2,204.729995727539,0,209.819999999954
209.82,3,2,204.740005493164,0,209.829999999954
209.83,3,2,204.75,0,209.839999999954
209.84,3,2,204.759994506836,0,209.849999999954
209.85,3,2,204.770004272461,0,209.859999999954
209.86,3,2,204.779998779297,0,209.869999999954
209.87,3,2,204.789993286133,0,209.879999999954
209.88,3,2,204.800003051758,0,209.889999999954
209.89,3,2,204.800003051758,0,209.889999999954
209.9,3,2,204.820007324219,0,209.909999999954
209.91,3,2,204.830001831055,0,209.919999999954
209.92,3,2,204.830001831055,0,209.919999999954
209.93,3,2,204.850006103516,0,209.939999999954
209.94,3,2,204.860000610352,0,209.949999999954
209.95,3,2,204.860000610352,0,209.949999999954
209.96,3,2,204.880004882812,0,209.969999999954
209.97,3,2,204.889999389648,0,209.979999999954
209.98,3,2,204.889999389648,0,209.979999999954
209.99,3,2,204.910003662109,0,209.999999999954
210,3,2,204.919998168945,0,210.009999999954
